-- phpMyAdmin SQL Dump
-- version 5.2.1
-- https://www.phpmyadmin.net/
--
-- Servidor: localhost
-- Tiempo de generación: 13-06-2025 a las 10:09:33
-- Versión del servidor: 10.11.11-MariaDB-0+deb12u1
-- Versión de PHP: 8.3.10

SET SQL_MODE = "NO_AUTO_VALUE_ON_ZERO";
START TRANSACTION;
SET time_zone = "+00:00";


/*!40101 SET @OLD_CHARACTER_SET_CLIENT=@@CHARACTER_SET_CLIENT */;
/*!40101 SET @OLD_CHARACTER_SET_RESULTS=@@CHARACTER_SET_RESULTS */;
/*!40101 SET @OLD_COLLATION_CONNECTION=@@COLLATION_CONNECTION */;
/*!40101 SET NAMES utf8mb4 */;

--
-- Base de datos: `sanpablo`
--

-- --------------------------------------------------------

--
-- Estructura de tabla para la tabla `contratistas`
--

CREATE TABLE `contratistas` (
  `id` bigint(20) UNSIGNED NOT NULL,
  `nombre` varchar(255) NOT NULL,
  `telefono` varchar(255) DEFAULT NULL,
  `celular` varchar(255) DEFAULT NULL,
  `direccion` varchar(255) DEFAULT NULL,
  `ci` varchar(255) DEFAULT NULL,
  `fechaSocio` date DEFAULT NULL,
  `estado` varchar(255) DEFAULT 'Activo',
  `user_id` bigint(20) UNSIGNED DEFAULT NULL,
  `created_at` timestamp NULL DEFAULT NULL,
  `updated_at` timestamp NULL DEFAULT NULL,
  `cuadrilla` varchar(255) DEFAULT NULL
) ENGINE=InnoDB DEFAULT CHARSET=utf8mb4 COLLATE=utf8mb4_unicode_ci;

--
-- Volcado de datos para la tabla `contratistas`
--

INSERT INTO `contratistas` (`id`, `nombre`, `telefono`, `celular`, `direccion`, `ci`, `fechaSocio`, `estado`, `user_id`, `created_at`, `updated_at`, `cuadrilla`) VALUES
(8, 'NINA CUIZARA SINFORIANO', 'S/N', 'S/N', 'COOPERATIVA MINERA POOPO R.L.', '70933516', NULL, 'Activo', NULL, '2023-01-31 00:54:36', '2023-04-03 12:08:46', NULL),
(11, 'NOGALES VALENZUELA ZORAIDA ROSEMMERY', NULL, 'S/N', 'COOPERATIVA MINERA POOPO R.L.', '3511065', NULL, 'Activo', NULL, '2023-04-14 10:02:19', '2023-04-14 10:02:19', NULL),
(12, 'NUÑEZ HUANCA APOLINAR', NULL, 'S/N', 'COOPERATIVA MINERA POOPO R.L.', '7332255', NULL, 'Activo', NULL, '2023-04-14 10:08:00', '2023-04-14 10:08:00', NULL),
(13, 'NUÑEZ HUANCA VICTOR', NULL, 'S/N', 'COOPERATIVA MINERA POOPO R.L.', '4075545', NULL, 'Activo', NULL, '2023-04-14 10:09:14', '2023-04-14 10:09:14', NULL),
(14, 'NUÑEZ JACINTO ALVARO ORLANDO', NULL, 'S/N', 'COOPERATIVA MINERA POOPO R.L.', '7278210', NULL, 'Activo', NULL, '2023-04-14 10:10:27', '2023-04-14 10:10:27', NULL),
(15, 'NUÑEZ JACINTO EVER JUAN', NULL, 'S/N', 'COOPERATIVA MINERA POOPO R.L.', 'S/N', NULL, 'Activo', NULL, '2023-04-14 10:10:56', '2023-04-14 10:10:56', NULL),
(16, 'NUÑEZ MONTERO LUIS MIGUEL', NULL, 'S/N', 'COOPERATIVA MINERA POOPO R.L.', 'S/N', NULL, 'Activo', NULL, '2023-04-14 10:11:28', '2023-04-14 10:11:28', NULL),
(17, 'NUÑEZ TOMAS NICANOR ZACARIAS', NULL, 'S/N', 'COOPERATIVA MINERA POOPO R.L.', '3542183', NULL, 'Activo', NULL, '2023-04-14 10:12:33', '2023-04-14 10:12:33', NULL),
(18, 'NUÑEZ ZENTENO TEODORA', NULL, 'S/N', 'COOPERATIVA MINERA POOPO R.L.', '7262620', NULL, 'Activo', NULL, '2023-04-14 10:13:26', '2023-04-14 10:13:26', NULL),
(19, 'OLIVA PACHECO WILDER DENYS', NULL, 'S/N', 'COOPERATIVA MINERA POOPO R.L.', '7279266', NULL, 'Activo', NULL, '2023-04-14 10:14:05', '2023-04-14 10:14:05', NULL),
(20, 'ORTIZ COLQUE CARLOS', NULL, 'S/N', 'COOPERATIVA MINERA POOPO R.L.', '5771274', NULL, 'Activo', NULL, '2023-04-14 10:14:39', '2023-04-14 10:14:39', NULL),
(21, 'PAQUI LIMA JHON OSCAR', NULL, 'S/N', 'COOPERATIVA MINERA POOPO R.L.', '7289351', NULL, 'Activo', NULL, '2023-04-14 10:18:57', '2023-04-14 10:18:57', NULL),
(22, 'PAQUI LIMA JORGE BERNABE', NULL, 'S/N', 'COOPERATIVA MINERA POOPO R.L.', '7279525', NULL, 'Activo', NULL, '2023-04-14 10:19:30', '2023-04-14 10:19:30', NULL),
(23, 'PATZI ANCALLE MARIO', NULL, 'S/N', 'COOPERATIVA MINERA POOPO R.L.', '2770511', NULL, 'Activo', NULL, '2023-04-14 10:20:01', '2023-04-14 10:20:01', NULL),
(24, 'PATZI GONZALES HERNAN', NULL, 'S/N', 'COOPERATIVA MINERA POOPO R.L.', '5236767', NULL, 'Activo', NULL, '2023-04-14 10:20:40', '2023-04-14 10:20:40', NULL),
(25, 'PATZI LOPEZ HENRRY', NULL, 'S/N', 'COOPERATIVA MINERA POOPO R.L.', '7292863', NULL, 'Activo', NULL, '2023-04-14 10:21:16', '2023-04-14 10:21:16', NULL),
(26, 'PATZI LOPEZ JHONNY ALEX', NULL, 'S/N', 'COOPERATIVA MINERA POOPO R.L.', '7269505', NULL, 'Activo', NULL, '2023-04-14 10:22:27', '2023-04-14 10:22:27', NULL),
(27, 'PATZI MAMANI RENE', NULL, 's/n', 'COOPERATIVA MINERA POOPO R.L.', '4511815', NULL, 'Activo', NULL, '2023-04-14 10:27:31', '2023-04-14 10:27:31', NULL),
(28, 'PEÑA JACINTO EMILIO', NULL, 'S/N', 'COOPERATIVA MINERA POOPO R.L.', '7268763', NULL, 'Activo', NULL, '2023-04-14 10:28:03', '2023-04-14 10:28:03', NULL),
(29, 'PEÑA JACINTO MARCELINO', NULL, 'S/N', 'COOPERATIVA MINERA POOPO R.L.', 'S/N', NULL, 'Activo', NULL, '2023-04-14 10:28:34', '2023-04-14 10:28:34', NULL),
(30, 'PEREZ ESCOBAR JHONNY MILTON', NULL, 'S/N', 'COOPERATIVA MINERA POOPO R.L.', '5735899', NULL, 'Activo', NULL, '2023-04-14 10:29:09', '2023-04-14 10:29:09', NULL),
(31, 'PINAYA PINAYA BLADIMIR', NULL, 'S/N', 'COOPERATIVA MINERA POOPO R.L.', 'S/N', NULL, 'Activo', NULL, '2023-04-14 10:29:39', '2023-04-14 10:29:39', NULL),
(32, 'PINTO VALDIVIA ALEX SANDRO', NULL, 'S/N', 'COOPERATIVA MINERA POOPO R.L.', '7280071', NULL, 'Activo', NULL, '2023-04-14 10:30:12', '2023-04-14 10:30:12', NULL),
(33, 'PINTO VALDIVIA CARLOS ANDRES', NULL, 'S/N', 'COOPERATIVA MINERA POOPO R.L.', '4067343', NULL, 'Activo', NULL, '2023-04-14 10:30:44', '2023-04-14 10:30:44', NULL),
(34, 'PINTO VALDIVIA LIMBERT ROBERTO', NULL, 'S/N', 'COOPERATIVA MINERA POOPO R.L.', '7280103', NULL, 'Activo', NULL, '2023-04-14 10:31:14', '2023-04-14 10:31:14', NULL),
(35, 'PINTO VALDIVIA OMAR', NULL, 'S/N', 'COOPERATIVA MINERA POOPO R.L.', '5773917', NULL, 'Activo', NULL, '2023-04-14 10:31:54', '2023-04-14 10:31:54', NULL),
(36, 'PINTO VALDIVIA DENNIS JUAN', NULL, 'S/N', 'COOPERATIVA MINERA POOPO R.L.', 'S/N', NULL, 'Activo', NULL, '2023-04-14 10:32:32', '2023-04-14 10:32:32', NULL),
(37, 'PINTO VALDIVIA ERICK WILSON', NULL, 'S/N', 'COOPERATIVA MINERA POOPO R.L.', 'S/N', NULL, 'Activo', NULL, '2023-04-14 10:34:49', '2023-04-14 10:34:49', NULL),
(38, 'PLAZA ACERICO RODRIGO', NULL, 'S/N', 'COOPERATIVA MINERA POOPO R.L.', 'S/N', NULL, 'Activo', NULL, '2023-04-14 10:35:16', '2023-04-14 10:35:16', NULL),
(39, 'PLAZA COLQUE SERVANDO', NULL, 'S/N', 'COOPERATIVA MINERA POOPO R.L.', '7419048', NULL, 'Activo', NULL, '2023-04-14 10:35:51', '2023-04-14 10:35:51', NULL),
(40, 'POMA ARIAS MILTON MOISES', NULL, 'S/N', 'COOPERATIVA MINERA POOPO R.L.', '7317605', NULL, 'Activo', NULL, '2023-04-14 10:36:21', '2023-04-14 10:36:21', NULL),
(41, 'POMA ARIAS ROLANDO ARIEL', NULL, 'S/N', 'COOPERATIVA MINERA POOPO R.L.', '7317728', NULL, 'Activo', NULL, '2023-04-14 10:36:49', '2023-04-14 10:36:49', NULL),
(42, 'POMA GUTIERREZ JUAN JAVIER', NULL, 'S/N', 'COOPERATIVA MINERA POOPO R.L.', '4024778', NULL, 'Activo', NULL, '2023-04-14 10:37:21', '2023-04-14 10:37:21', NULL),
(43, 'POMA IÑO ABELINO', NULL, 'S/N', 'COOPERATIVA MINERA POOPO R.L.', '7331967', NULL, 'Activo', NULL, '2023-04-14 10:38:01', '2023-04-14 10:38:01', NULL),
(44, 'POMA LOPEZ FLORENCIO', NULL, 'S/N', 'COOPERATIVA MINERA POOPO R.L.', '5762419', NULL, 'Activo', NULL, '2023-04-14 10:38:30', '2023-04-14 10:38:30', NULL),
(45, 'POMA LOPEZ RAMIRO', NULL, 'S/N', 'COOPERATIVA MINERA POOPO R.L.', '4030708', NULL, 'Activo', NULL, '2023-04-14 10:38:57', '2023-04-14 10:38:57', NULL),
(46, 'POMA RAFAEL SIMEON TEODORO', NULL, 'S/N', 'COOPERATIVA MINERA POOPO R.L.', 'S/N', NULL, 'Activo', NULL, '2023-04-14 10:39:29', '2023-04-14 10:39:29', NULL),
(47, 'PUMA SALAZAR MARCIAL', NULL, 'S/N', 'COOPERATIVA MINERA POOPO R.L.', '7730201', NULL, 'Activo', NULL, '2023-04-14 10:39:56', '2023-04-14 10:39:56', NULL),
(48, 'QUISPE ADRIAN GEHOR CARLOS', NULL, 'S/N', 'COOPERATIVA MINERA POOPO R.L.', '5127286', NULL, 'Activo', NULL, '2023-04-14 10:40:44', '2023-04-14 10:40:44', NULL),
(49, 'QUISPE ANCALLE JOSE LUIS', NULL, 'S/N', 'COOPERATIVA MINERA POOPO R.L.', '7310119', NULL, 'Activo', NULL, '2023-04-14 11:13:26', '2023-04-14 11:13:26', NULL),
(50, 'QUISPE BERDEJA YASMANI', NULL, 'S/N', 'COOPERATIVA MINERA POOPO R.L.', '5766804', NULL, 'Activo', NULL, '2023-04-14 11:13:55', '2023-04-14 11:13:55', NULL),
(51, 'QUISPE BOLAÑOS ALEX CRISTIAN', NULL, 'S/N', 'COOPERATIVA MINERA POOPO R.L.', '5067398', NULL, 'Activo', NULL, '2023-04-14 11:14:31', '2023-04-14 11:14:31', NULL),
(52, 'QUISPE CANAZA AQUILINO', NULL, 'S/N', 'COOPERATIVA MINERA POOPO R.L.', '7292496', NULL, 'Activo', NULL, '2023-04-14 11:15:08', '2023-04-14 11:15:08', NULL),
(53, 'QUISPE CANAZA FELIPE', NULL, 'S/N', 'COOPERATIVA MINERA POOPO R.L.', '4044355', NULL, 'Activo', NULL, '2023-04-14 11:15:35', '2023-04-14 11:15:35', NULL),
(54, 'QUISPE CHAPARRO DELFIN EDGAR', NULL, 'S/N', 'COOPERATIVA MINERA POOPO R.L.', '5764247', NULL, 'Activo', NULL, '2023-04-14 11:16:07', '2023-04-14 11:16:07', NULL),
(55, 'QUISPE CHAPARRO FERNANDO', NULL, 'S/N', 'COOPERATIVA MINERA POOPO R.L.', '7407833', NULL, 'Activo', NULL, '2023-04-14 11:16:56', '2023-04-14 11:16:56', NULL),
(56, 'QUISPE CHOQUE CHALY HUMBERTO', NULL, 'S/N', 'COOPERATIVA MINERA POOPO R.L.', '3532230', NULL, 'Activo', NULL, '2023-04-14 11:17:43', '2023-05-13 09:31:01', NULL),
(57, 'QUISPE CHOQUE JEMIO', NULL, 'S/N', 'COOPERATIVA MINERA POOPO R.L.', '5741588', NULL, 'Activo', NULL, '2023-04-14 11:18:23', '2023-04-14 11:18:23', NULL),
(58, 'QUISPE CONDORI MARCO ANTONIO', NULL, 'S/N', 'COOPERATIVA MINERA POOPO R.L.', '5774435', NULL, 'Activo', NULL, '2023-04-14 11:19:02', '2023-04-14 11:19:02', NULL),
(59, 'QUISPE FLORES ADOLFO', NULL, 'S/N', 'COOPERATIVA MINERA POOPO R.L.', '7297429', NULL, 'Activo', NULL, '2023-04-14 11:19:29', '2023-04-14 11:19:29', NULL),
(60, 'QUISPE FLORES JUVENAL', NULL, 'S/N', 'COOPERATIVA MINERA POOPO R.L.', '7295248', NULL, 'Activo', NULL, '2023-04-14 11:19:59', '2023-04-14 11:19:59', NULL),
(61, 'QUISPE FLORES MODESTO', NULL, 'S/N', 'COOPERATIVA MINERA POOPO R.L.', '5722392', NULL, 'Activo', NULL, '2023-04-14 11:20:26', '2023-04-14 11:20:26', NULL),
(62, 'QUISPE FLORES NICOLAS', NULL, 'S/N', 'COOPERATIVA MINERA POOPO R.L.', '4074548', NULL, 'Activo', NULL, '2023-04-14 11:21:04', '2023-04-14 11:21:04', NULL),
(63, 'QUISPE FLORES WILFREDO OSCAR', NULL, 'S/N', 'COOPERATIVA MINERA POOPO R.L.', '7310078', NULL, 'Activo', NULL, '2023-04-14 11:21:46', '2023-04-14 11:21:46', NULL),
(64, 'QUISPE FLORES ANDRES', NULL, 'S/N', 'COOPERATIVA MINERA POOPO R.L.', 'S/N', NULL, 'Activo', NULL, '2023-04-14 11:22:31', '2023-04-14 11:22:31', NULL),
(65, 'QUISPE GONZALES FELICIDAD', NULL, 'S/N', 'COOPERATIVA MINERA POOPO R.L.', '2539473', NULL, 'Activo', NULL, '2023-04-14 11:23:09', '2023-04-14 11:23:09', NULL),
(66, 'QUISPE GONZALES LUCIA', NULL, 'S/N', 'COOPERATIVA MINERA POOPO R.L.', '2730628', NULL, 'Activo', NULL, '2023-04-14 11:23:40', '2023-04-14 11:23:40', NULL),
(67, 'QUISPE GUZMAN SEVERO', NULL, 'S/N', 'COOPERATIVA MINERA POOPO R.L.', '3044512-1F', NULL, 'Activo', NULL, '2023-04-14 11:24:16', '2023-04-14 11:24:16', NULL),
(68, 'QUISPE HUAYLLA SANDRO', NULL, 'S/N', 'COOPERATIVA MINERA POOPO R.L.', '4051357', NULL, 'Activo', NULL, '2023-04-14 11:24:46', '2023-04-14 11:24:46', NULL),
(69, 'QUISPE HUAYLLA VIRGILIO', NULL, 'S/N', 'COOPERATIVA MINERA POOPO R.L.', '5431579', NULL, 'Activo', NULL, '2023-04-14 11:25:26', '2023-04-14 11:25:26', NULL),
(70, 'QUISPE IGNACIO MARCO ANTONIO', NULL, 'S/N', 'COOPERATIVA MINERA POOPO R.L.', '7406688', NULL, 'Activo', NULL, '2023-04-14 11:25:56', '2023-04-14 11:25:56', NULL),
(71, 'QUISPE JANCO EFRAIN', NULL, 'S/N', 'COOPERATIVA MINERA POOPO R.L.', '5534842-1U', NULL, 'Activo', NULL, '2023-04-14 11:26:38', '2023-04-14 11:26:38', NULL),
(72, 'QUISPE LAURA RAUL', NULL, 'S/N', 'COOPERATIVA MINERA POOPO R.L.', '4602963', NULL, 'Activo', NULL, '2023-04-14 11:27:23', '2023-04-14 11:27:23', NULL),
(73, 'QUISPE LOPEZ DAVID', NULL, 'S/N', 'COOPERATIVA MINERA POOPO R.L.', '7297445', NULL, 'Activo', NULL, '2023-04-14 11:30:17', '2023-04-14 11:30:17', NULL),
(74, 'QUISPE  NUÑEZ FREDDY', NULL, 'S/N', 'COOPERATIVA MINERA POOPO R.L.', '7406684', NULL, 'Activo', NULL, '2023-04-14 11:30:49', '2023-04-14 11:30:49', NULL),
(75, 'QUISPE NUÑEZ JAVIER', NULL, 'S/N', 'COOPERATIVA MINERA POOPO R.L.', '7347745', NULL, 'Activo', NULL, '2023-04-14 11:31:57', '2023-04-14 11:31:57', NULL),
(76, 'QUISPE NUÑEZ LUIS ALFREDO', NULL, 'S/N', 'COOPERATIVA MINERA POOPO R.L.', '7407673', NULL, 'Activo', NULL, '2023-04-14 11:32:27', '2023-04-14 11:32:27', NULL),
(77, 'QUISPE NUÑEZ MAX REMIGIO', NULL, 'S/N', 'COOPERATIVA MINERA POOPO R.L.', '4067964', NULL, 'Activo', NULL, '2023-04-14 11:33:36', '2023-04-14 11:33:36', NULL),
(78, 'QUISPE QUISPE EDILSON PAUL', NULL, 'S/N', 'COOPERATIVA MINERA POOPO R.L.', '7406877', NULL, 'Activo', NULL, '2023-04-14 11:34:12', '2023-04-14 11:34:12', NULL),
(79, 'QUISPE RUEDA ROBERTO', NULL, 'S/N', 'COOPERATIVA MINERA POOPO R.L.', '7418842', NULL, 'Activo', NULL, '2023-04-14 11:34:47', '2023-04-14 11:34:47', NULL),
(80, 'QUISPE VELASQUEZ  SANTIAGO', NULL, 'S/N', 'COOPERATIVA MINERA POOPO R.L.', 'S/N', NULL, 'Activo', NULL, '2023-04-14 11:35:33', '2023-04-14 11:35:33', NULL),
(81, 'RAFAEL GUTIERREZ CESAR', NULL, 'S/N', 'COOPERATIVA MINERA POOPO R.L.', '7394421', NULL, 'Activo', NULL, '2023-04-14 11:36:00', '2023-04-14 11:36:00', NULL),
(82, 'RAFAEL GUTIERREZ CRISTIAN', NULL, 'S/N', 'COOPERATIVA MINERA POOPO R.L.', '7424000', NULL, 'Activo', NULL, '2023-04-14 11:36:35', '2023-04-14 11:36:35', NULL),
(83, 'RAFAEL HIDALGO EDGAR', NULL, 'S/N', 'COOPERATIVA MINERA POOPO R.L.', '5773802', NULL, 'Activo', NULL, '2023-04-14 11:37:13', '2023-04-14 11:37:13', NULL),
(84, 'RAFAEL HIDALGO GABRIEL', NULL, 'S/N', 'COOPERATIVA MINERA POOPO R.L.', '4067346', NULL, 'Activo', NULL, '2023-04-14 11:37:43', '2023-04-14 11:37:43', NULL),
(85, 'RAFAEL HIDALGO WILSON', NULL, 'S/N', 'COOPERATIVA MINERA POOPO R.L.', '7351911', NULL, 'Activo', NULL, '2023-04-14 11:38:11', '2023-04-14 11:38:11', NULL),
(86, 'RAFAEL MAMANI MARCOS', NULL, 'S/N', 'COOPERATIVA MINERA POOPO R.L.', '7345217', NULL, 'Activo', NULL, '2023-04-14 11:38:45', '2023-04-14 11:38:45', NULL),
(87, 'RAFAEL RAMOS HERMOGENES', NULL, 'S/N', 'COOPERATIVA MINERA POOPO R.L.', '3062827', NULL, 'Activo', NULL, '2023-04-14 11:39:24', '2023-04-14 11:39:24', NULL),
(88, 'RAFAEL VENTURA RAMIRO', NULL, 'S/N', 'COOPERATIVA MINERA POOPO R.L.', '4423773', NULL, 'Activo', NULL, '2023-04-14 11:39:52', '2023-04-14 11:39:52', NULL),
(89, 'RAFAEL VENTURA SERGIO', NULL, 'S/N', 'COOPERATIVA MINERA POOPO R.L.', '7391404', NULL, 'Activo', NULL, '2023-04-14 11:40:24', '2023-04-14 11:40:24', NULL),
(90, 'RAFAEL ZENTENO SILVESTRE', NULL, 'S/N', 'COOPERATIVA MINERA POOPO R.L.', '2736814', NULL, 'Activo', NULL, '2023-04-14 11:40:54', '2023-04-14 11:40:54', NULL),
(91, 'RAFAEL ZENTENO VICTOR', NULL, 'S/N', 'COOPERATIVA MINERA POOPO R.L.', '619491', NULL, 'Activo', NULL, '2023-04-14 11:41:26', '2023-04-14 11:41:26', NULL),
(93, 'RAMIREZ MAMANI LUIS HECTOR', NULL, 'S/N', 'COOPERATIVA MINERA POOPO R.L.', '7320252', NULL, 'Activo', NULL, '2023-04-14 11:42:23', '2023-04-14 11:42:23', NULL),
(94, 'RAMIREZ RAFAEL RAUL', NULL, 'S/N', 'COOPERATIVA MINERA POOPO R.L.', 'S/N', NULL, 'Activo', NULL, '2023-04-14 11:42:52', '2023-04-14 11:42:52', NULL),
(95, 'RAMOS ACHACOLLO ALEX BRIAN', NULL, 'S/N', 'COOPERATIVA MINERA POOPO R.L.', '7407799', NULL, 'Activo', NULL, '2023-04-14 11:43:24', '2023-04-14 11:43:24', NULL),
(96, 'RAMOS ACHACOLLO GUSTAVO', NULL, 'S/N', 'COOPERATIVA MINERA POOPO R.L.', '13905894', NULL, 'Activo', NULL, '2023-04-14 11:43:56', '2023-04-14 11:43:56', NULL),
(97, 'RAMOS ACHACOLLO JEAN FRANCO', NULL, 'S/N', 'COOPERATIVA MINERA POOPO R.L.', '7407800', NULL, 'Activo', NULL, '2023-04-14 11:44:27', '2023-04-14 11:44:27', NULL),
(98, 'RAMOS ACHACOLLO JUAN JACKSON', NULL, 'S/N', 'COOPERATIVA MINERA POOPO R.L.', '7406775', NULL, 'Activo', NULL, '2023-04-14 11:45:03', '2023-04-14 11:45:03', NULL),
(99, 'RAMOS CHOQUE LEOCADIO', NULL, 'S/N', 'COOPERATIVA MINERA POOPO R.L.', '3042273', NULL, 'Activo', NULL, '2023-04-14 11:45:33', '2023-04-14 11:45:33', NULL),
(100, 'RAMOS GUTIERREZ DIEGO ARMANDO', NULL, 'S/N', 'COOPERATIVA MINERA POOPO R.L.', '4067397', NULL, 'Activo', NULL, '2023-04-14 11:46:31', '2023-04-14 11:46:31', NULL),
(101, 'RAMOS GUTIERREZ JOSE MIGUEL', NULL, 'S/N', 'COOPERATIVA MINERA POOPO R.L.', 'S/N', NULL, 'Activo', NULL, '2023-04-14 11:47:04', '2023-04-14 11:47:04', NULL),
(102, 'RAMOS LEON JAIME', NULL, 'S/N', 'COOPERATIVA MINERA POOPO R.L.', 'S/N', NULL, 'Activo', NULL, '2023-04-14 11:47:31', '2023-04-14 11:47:31', NULL),
(103, 'RAMOS MAMANI JAIME', NULL, 'S/N', 'COOPERATIVA MINERA POOPO R.L.', '3071098', NULL, 'Activo', NULL, '2023-04-14 11:48:09', '2023-04-14 11:48:09', NULL),
(104, 'RAMOS  NUÑEZ EDGAR RUDY', NULL, 'S/N', 'COOPERATIVA MINERA POOPO R.L.', '5724159', NULL, 'Activo', NULL, '2023-04-14 11:48:41', '2023-04-14 11:48:41', NULL),
(105, 'RAMOS NUÑEZ JOSE MANUEL', NULL, 'S/N', 'COOPERATIVA MINERA POOPO R.L.', '5734577', NULL, 'Activo', NULL, '2023-04-14 11:49:38', '2023-04-14 11:49:38', NULL),
(106, 'REYNAGA HUAYLLA REYNALDO', NULL, 'S/N', 'COOPERATIVA MINERA POOPO R.L.', '7299063', NULL, 'Activo', NULL, '2023-04-14 12:02:47', '2023-04-14 12:02:47', NULL),
(107, 'RODRIGUEZ MORALES JOSE MANUEL', NULL, 'S/N', 'COOPERATIVA MINERA POOPO R.L.', '7407645', NULL, 'Activo', NULL, '2023-04-14 12:03:20', '2023-04-14 12:03:20', NULL),
(108, 'RODRIGUEZ SARABIA PEDRO PABLO', NULL, 'S/N', 'COOPERATIVA MINERA POOPO R.L.', '4069444', NULL, 'Activo', NULL, '2023-04-14 12:03:49', '2023-04-14 12:03:49', NULL),
(110, 'RODRIGUEZ SARAVIA JUAN MANUEL', NULL, 'S/N', 'COOPERATIVA MINERA POOPO R.L.', '5728121', NULL, 'Activo', NULL, '2023-04-14 12:06:03', '2023-04-14 12:06:03', NULL),
(111, 'ROMERO ALBERTO ARIEL', NULL, 'S/N', 'COOPERATIVA MINERA POOPO R.L.', '5743412', NULL, 'Activo', NULL, '2023-04-14 12:16:13', '2023-04-14 12:16:13', NULL),
(112, 'SALAZAR BASILIO RICHARD', NULL, 'S/N', 'COOPERATIVA MINERA POOPO R.L.', '3551507', NULL, 'Activo', NULL, '2023-04-14 12:16:47', '2023-04-14 12:16:47', NULL),
(113, 'SANCHEZ CHINCHERO JAIME', NULL, 'S/N', 'COOPERATIVA MINERA POOPO R.L.', '12550800', NULL, 'Activo', NULL, '2023-04-14 12:17:32', '2023-04-14 12:17:32', NULL),
(114, 'SANTOS CONDORI JUAN PABLO', NULL, 'S/N', 'COOPERATIVA MINERA POOPO R.L.', '12489944', NULL, 'Activo', NULL, '2023-04-14 12:18:32', '2023-04-14 12:18:32', NULL),
(115, 'SANTOS VENTURA  BERTHY ARIEL', NULL, 'S/N', 'COOPERATIVA MINERA POOPO R.L.', '7346597', NULL, 'Activo', NULL, '2023-04-14 12:19:28', '2023-04-14 12:19:28', NULL),
(116, 'SANTOS VENTURA HERMINIO', NULL, 'S/N', 'COOPERATIVA MINERA POOPO R.L.', '5749354', NULL, 'Activo', NULL, '2023-04-14 12:20:03', '2023-04-14 12:20:03', NULL),
(117, 'SANTOS VENTURA MIGUEL ARIEL', NULL, 'S/N', 'COOPERATIVA MINERA POOPO R.L.', '7350121', NULL, 'Activo', NULL, '2023-04-14 12:20:43', '2023-04-14 12:20:43', NULL),
(118, 'SAUSIRI SANTOS GUILLERMO', NULL, 'S/N', 'COOPERATIVA MINERA POOPO R.L.', '7377436', NULL, 'Activo', NULL, '2023-04-14 12:21:31', '2023-04-14 12:21:31', NULL),
(119, 'SILES MONTES OSCAR', NULL, 'S/N', 'COOPERATIVA MINERA POOPO R.L.', '9459490', NULL, 'Activo', NULL, '2023-04-14 12:22:06', '2023-04-14 12:22:06', NULL),
(120, 'SOLIZ CAIHUARA FIDEL', NULL, 'S/N', 'COOPERATIVA MINERA POOPO R.L.', '5254759', NULL, 'Activo', NULL, '2023-04-14 12:22:38', '2023-04-14 12:22:38', NULL),
(121, 'SOLIZ CAIHUARA JUAN', NULL, 'S/N', 'COOPERATIVA MINERA POOPO R.L.', '1344548', NULL, 'Activo', NULL, '2023-04-14 12:23:07', '2023-04-14 12:23:07', NULL),
(122, 'SOLIZ JACINTO ALEX RUBEN', NULL, 'S/N', 'COOPERATIVA MINERA POOPO R.L.', '5771968', NULL, 'Activo', NULL, '2023-04-14 12:28:43', '2023-04-14 12:28:43', NULL),
(123, 'SOLIZ JACINTO RONALD', NULL, 'S/N', 'COOPERATIVA MINERA POOPO R.L.', '5771970', NULL, 'Activo', NULL, '2023-04-14 12:29:26', '2023-04-14 12:29:26', NULL),
(124, 'SOLIZ TICACALA CRISTIAN', NULL, 'S/N', 'COOPERATIVA MINERA POOPO R.L.', '7407615', NULL, 'Activo', NULL, '2023-04-14 12:30:45', '2023-04-14 12:30:45', NULL),
(125, 'SOLIZ TICACALA RODRIGO', NULL, 'S/N', 'COOPERATIVA MINERA POOPO R.L.', '7407614', NULL, 'Activo', NULL, '2023-04-14 12:31:18', '2023-04-14 12:31:18', NULL),
(126, 'SOLIZ TICACALA WILDER', NULL, 'S/N', 'COOPERATIVA MINERA POOPO R.L.', '7406745', NULL, 'Activo', NULL, '2023-04-14 12:44:15', '2023-04-14 12:44:15', NULL),
(127, 'SOLIZ VILLCA RUDDY FERNANDO', NULL, 'S/N', 'COOPERATIVA MINERA POOPO R.L.', '8259058', NULL, 'Activo', NULL, '2023-04-14 12:44:52', '2023-04-14 12:44:52', NULL),
(128, 'SOZA HUANCA ANIBAL EDUARDO', NULL, 'S/N', 'COOPERATIVA MINERA  POOPO R.L.', '16778144', NULL, 'Activo', NULL, '2023-04-14 12:45:56', '2023-04-14 12:45:56', NULL),
(136, 'TACURI RODRIGUEZ CESAR EDSON', NULL, 'S/N', 'COOPERATIVA MINERA POOPO R.L.', '13230020', NULL, 'Activo', NULL, '2023-04-18 08:00:10', '2023-04-18 08:00:10', NULL),
(137, 'TAPIA IGNACIO NELSON RAMIRO', NULL, 'S/N', 'COOPERATIVA MINERA POOPO R.L.', '7306041', NULL, 'Activo', NULL, '2023-04-18 08:00:55', '2023-04-18 08:00:55', NULL),
(138, 'TAQUICHIRI  PATZI FRANZ REYNALDO', NULL, 'S/N', 'COOPERATIVA MINERA POOPO R.L.', '5770562', NULL, 'Activo', NULL, '2023-04-18 08:01:46', '2023-04-18 08:01:46', NULL),
(139, 'TARQUI CHOQUEHUANCA JAVIER', NULL, 'S/N', 'COOPERATICA MINERA POOPO R.L.', 'S/N', NULL, 'Activo', NULL, '2023-04-18 08:02:53', '2023-04-18 08:02:53', NULL),
(141, 'TICACALA GUTIERREZ CESAR', NULL, 'S/N', 'COOPERATIVA MINERA POOPO R.L.', '7264893', NULL, 'Activo', NULL, '2023-04-18 08:05:50', '2023-04-18 08:05:50', NULL),
(142, 'TICACALA GUTIERREZ ZENON', NULL, 'S/N', 'COOPERATIVA MINERA POOPO R.L.', '7414928', NULL, 'Activo', NULL, '2023-04-18 08:06:34', '2023-04-18 08:06:34', NULL),
(144, 'TICACALA MAMANI ARIEL', NULL, 'S/N', 'COOPERATIVA MINERA POOPO R.L.', '7293531', NULL, 'Activo', NULL, '2023-04-18 08:07:54', '2023-04-18 08:07:54', NULL),
(145, 'TICACALA MAMANI ARMANDO', NULL, 'S/N', 'COOPERATIVA MINERA POOPO R.L.', '7293554', NULL, 'Activo', NULL, '2023-04-18 08:08:30', '2023-04-18 08:08:30', NULL),
(146, 'TICACALA MAMANI SEGUNDINO', NULL, 'S/N', 'COOPERATIVA MINERA POOPO R.L.', '2734545', NULL, 'Activo', NULL, '2023-04-18 08:09:46', '2023-04-18 08:09:46', NULL),
(148, 'TICACALA VALENCIA SERGIO', NULL, 'S/N', 'COOPERATIVA MINERA POOPO R.L.', 'S/N', NULL, 'Activo', NULL, '2023-04-18 08:11:10', '2023-04-18 08:11:10', NULL),
(149, 'TICACALA VALENCIA JOEL', NULL, 'S/N', 'COOPERATIVA MINERA POOPO R.L.', 'S/N', NULL, 'Activo', NULL, '2023-04-18 08:11:36', '2023-04-18 08:11:36', NULL),
(150, 'TICONA RAMOS ELOY', NULL, 'S/N', 'COOPERATIVA MINERA POOPO R.L.', '7345488', NULL, 'Activo', NULL, '2023-04-18 08:12:11', '2023-05-13 09:48:28', NULL),
(151, 'TICONA RAMOS JUAN CARLOS', NULL, 'S/N', 'COOPERATIVA MINERA POOPO R.L.', '5779210', NULL, 'Activo', NULL, '2023-04-18 08:12:47', '2023-04-18 08:12:47', NULL),
(152, 'TITO CHINCHE DENIS EDGAR', NULL, 'S/N', 'COOPERATIVA MINERA POOPO R.L.', '3115743', NULL, 'Activo', NULL, '2023-04-18 08:13:29', '2023-04-18 08:13:29', NULL),
(153, 'TORRES CARI ABEL', NULL, 'S/N', 'COOPERATIVA MINERA POOPO R.L.', '3720724', NULL, 'Activo', NULL, '2023-04-18 08:14:09', '2023-04-18 08:14:09', NULL),
(154, 'TORRES FLORES NAIN SAUL', NULL, 'S/N', 'COOPERATIVA MINERA POOPO R.L.', '5748081', NULL, 'Activo', NULL, '2023-04-18 08:14:55', '2023-04-18 08:14:55', NULL),
(155, 'TRUJILLO AYMA RICHAR', NULL, 'S/N', 'COOPERATIVA MINERA POOPO R.L.', '6717688', NULL, 'Activo', NULL, '2023-04-18 08:15:47', '2023-04-18 08:15:47', NULL),
(156, 'TRUJILLO AYMA SAUL', NULL, 'S/N', 'COOPERATIVA MINERA POOPO R.L.', 'S/N', NULL, 'Activo', NULL, '2023-04-18 08:16:35', '2023-04-18 08:16:35', NULL),
(157, 'USCAMAITA AGOSTOPA VICTOR', NULL, 'S/N', 'COOPERATIVA MINERA POOPO R.L.', '3110091', NULL, 'Activo', NULL, '2023-04-18 08:17:24', '2023-04-18 08:17:24', NULL),
(158, 'USCAMAITA RAMOS ERICK', NULL, 'S/N', 'COOPERATIVA MINERA POOPO R.L.', '12549245', NULL, 'Activo', NULL, '2023-04-18 08:18:20', '2023-04-18 08:18:20', NULL),
(159, 'USCAMAITA RAMOS VICTOR HUGO', NULL, 'S/N', 'COOPERATIVA MINERA POOPO R.L.', '7271002', NULL, 'Activo', NULL, '2023-04-18 08:19:00', '2023-04-18 08:19:00', NULL),
(160, 'USCAMAYTA AGOSTOPA FLORENCIO', NULL, 'S/N', 'COOPERATIVA MINERA POOPO R.L.', '4025773', NULL, 'Activo', NULL, '2023-04-26 20:36:13', '2023-04-26 20:36:13', NULL),
(161, 'USCAMAYTA AGOSTOPA CARLOS ERIMER', NULL, 'S/N', 'COOPERATIVA MINERA POOPO R.L.', '6643599', NULL, 'Activo', NULL, '2023-04-26 20:36:57', '2023-04-26 20:36:57', NULL),
(162, 'USCAMAYTA LIMA REYMUNDO', NULL, 'S/N', 'COOPERATIVA MINERA POOPO R.L.', '5062072', NULL, 'Activo', NULL, '2023-04-26 20:37:37', '2023-04-26 20:37:37', NULL),
(163, 'USCAMAYTA LIMA DIONY', NULL, 'S/N', 'COOPERATIVA MINERA POOPO R.L.', '7267043', NULL, 'Activo', NULL, '2023-04-26 20:38:26', '2023-04-26 20:38:26', NULL),
(164, 'USCAMAYTA QUISPE ZE CARLOS', NULL, 'S/N', 'COOPERATIVA MINERA POOPO R.L.', '7407014', NULL, 'Activo', NULL, '2023-04-26 20:39:02', '2023-04-26 20:39:02', NULL),
(165, 'USCAMAYTA VELASCO WINDSOR JAIME', NULL, 'S/N', 'COOPERATIVA MINERA POOPO R.L.', '6438427', NULL, 'Activo', NULL, '2023-04-26 20:39:36', '2023-04-26 20:39:36', NULL),
(166, 'VACAFLOR CHECA DIONY', NULL, 'S/N', 'COOPERATIVA MINERA POOPO R.L.', '3072784', NULL, 'Activo', NULL, '2023-04-26 20:40:11', '2023-04-26 20:40:11', NULL),
(167, 'VACAFLOR CHECA FELIX', NULL, 'S/N', 'COOPERATIVA MINERA POOPO R.L.', '3085658', NULL, 'Activo', NULL, '2023-04-26 20:40:46', '2023-04-26 20:40:46', NULL),
(168, 'VACAFLOR CHECA FULGENCIO', NULL, 'S/N', 'COOPERATIVA MINERA POOPO R.L.', '3072784', NULL, 'Activo', NULL, '2023-04-26 20:45:14', '2023-04-26 20:45:14', NULL),
(169, 'VACAFLOR CHOQUE POLICARPIO', NULL, 'S/N', 'COOPERATIVA MINERA POOPO R.L.', '12549277', NULL, 'Activo', NULL, '2023-04-26 20:45:48', '2023-04-26 20:45:48', NULL),
(170, 'VACAFLOR LIMA REYNALDO ROMARIO', NULL, 'S/N', 'COOPERATIVA MINERA POOPO R.L.', '7310085', NULL, 'Activo', NULL, '2023-04-26 20:46:34', '2023-04-26 20:46:34', NULL),
(171, 'VACAFLOR LIMA CRISTIAN', NULL, 'S/N', 'COOPERATIVA MINERA POOPO R.L.', 'S/N', NULL, 'Activo', NULL, '2023-04-26 20:47:03', '2023-04-26 20:47:03', NULL),
(172, 'VACAFLOR QUISPE EDWIN EDUARDO', NULL, 'S/N', 'COOPERATIVA MINERA POOPO R.L.', '7407635', NULL, 'Activo', NULL, '2023-04-26 20:47:43', '2023-04-26 20:47:43', NULL),
(173, 'VALDIVIA GRAGUEDA REMBERTO CARLOS', NULL, 'S/N', 'COOPERATIVA MINERA POOPO R.L.', '3336581', NULL, 'Activo', NULL, '2023-04-26 20:48:28', '2023-04-26 20:48:28', NULL),
(174, 'VALENCIA QUISPE GUILLERMO ANGELO', NULL, 'S/N', 'COOPERATIVA MINERA POOPO R.L.', '7427484', NULL, 'Activo', NULL, '2023-04-26 20:49:06', '2023-04-26 20:49:06', NULL),
(175, 'VALENCIA QUISPE PABLO CESAR', NULL, 'S/N', 'COOPERATIVA MINERA POOPO R.L.', '9401837', NULL, 'Activo', NULL, '2023-04-26 20:49:46', '2023-04-26 20:49:46', NULL),
(176, 'VALENCIA REVOLLO JULIO GUILLERMO', NULL, 'S/N', 'COOPERATIVA MINERA POOPO R.L.', '1540046-1Q', NULL, 'Activo', NULL, '2023-04-26 20:50:24', '2023-04-26 20:50:24', NULL),
(177, 'VELASCO MOROCHI JESUS ALBERTO', NULL, 'S/N', 'COOPERATIVA MINERA POOPO R.L.', '7415075', NULL, 'Activo', NULL, '2023-04-26 20:51:04', '2023-04-26 20:51:04', NULL),
(178, 'VELASCO MOROCHI MARTIN BRYAN', NULL, 'S/N', 'COOPERATIVA MINERA POOPO R.L.', '7407762', NULL, 'Activo', NULL, '2023-04-26 20:51:54', '2023-04-26 20:51:54', NULL),
(179, 'VELASCO SOZA DAYSI ELENA', NULL, 'S/N', 'COOPERATIVA MINERA POOPO R.L.', '3110399', NULL, 'Activo', NULL, '2023-04-26 20:52:30', '2023-04-26 20:52:30', NULL),
(180, 'VELASQUEZ APAZA LUIS GREGORIO', NULL, 'S/N', 'COOPERATIVA MINERA POOPO R.L.', '3540303', NULL, 'Activo', NULL, '2023-04-26 20:53:05', '2023-04-26 20:53:05', NULL),
(181, 'VELASQUEZ GUTIERREZ EUSTAQUIO', NULL, 'S/N', 'COOPERATIVA MINERA POOPO R.L.', '7331683', NULL, 'Activo', NULL, '2023-04-26 20:53:47', '2023-04-26 20:53:47', NULL),
(182, 'VELASQUEZ VENTURA  SANTOS  ZACARIAS', NULL, 'S/N', 'COOPERATIVA MINERA POOPO R.L.', 'S/N', NULL, 'Activo', NULL, '2023-04-26 20:54:22', '2023-04-26 20:54:22', NULL),
(183, 'VENTURA AGOSTOPA LEONARDA', NULL, 'S/N', 'COOPERATIVA MINERA POOPO R.L.', '4067454', NULL, 'Activo', NULL, '2023-04-26 20:54:56', '2023-04-26 20:54:56', NULL),
(184, 'VENTURA AGOSTOPA RENE', NULL, 'S/N', 'COOPERATIVA MINERA POOPO R.L.', '7330544', NULL, 'Activo', NULL, '2023-04-26 20:55:34', '2023-04-26 20:55:34', NULL),
(185, 'VENTURA ARIAS REMBERTO', NULL, 'S/N', 'COOPERATIVA MINERA POOPO R.L.', '4055487', NULL, 'Activo', NULL, '2023-04-26 20:56:05', '2023-04-26 20:56:05', NULL),
(186, 'VENTURA COLQUE FERNANDO', NULL, 'S/N', 'COOPERATIVA MINERA POOPO R.L.', '7277494', NULL, 'Activo', NULL, '2023-04-26 20:56:34', '2023-04-26 20:56:34', NULL),
(187, 'VENTURA COLQUE JOSE LUIS', NULL, 'S/N', 'COOPERATIVA MINERA POOPO R.L.', '5729688', NULL, 'Activo', NULL, '2023-04-26 20:57:05', '2023-04-26 20:57:05', NULL),
(188, 'VENTURA CONDORI UBALDO', NULL, 'S/N', 'COOPERATIVA MINERA POOPO R.L.', '4068334', NULL, 'Activo', NULL, '2023-04-26 20:57:39', '2023-04-26 20:57:39', NULL),
(189, 'VENTURA GUTIERREZ ABELINO', NULL, 'S/N', 'COOPERATIVA MINERA POOPO R.L.', '5734575', NULL, 'Activo', NULL, '2023-04-26 20:58:15', '2023-04-26 20:58:15', NULL),
(190, 'VENTURA GUTIERREZ MIGUEL', NULL, 'S/N', 'COOPERATIVA MINERA POOPO R.L.', '7293501', NULL, 'Activo', NULL, '2023-04-26 20:58:51', '2023-04-26 20:58:51', NULL),
(191, 'VENTURA GUTIERREZ SEVERINO', NULL, 'S/N', 'COOPERATIVA MINERA POOPO R.L.', '3079677', NULL, 'Activo', NULL, '2023-04-26 20:59:27', '2023-04-26 20:59:27', NULL),
(192, 'VENTURA MAMANI JUSTINIANO', NULL, 'S/N', 'COOPERATIVA MINERA POOPO R.L.', '2767272', NULL, 'Activo', NULL, '2023-04-26 21:00:09', '2023-04-26 21:00:09', NULL),
(193, 'VENTURA MAMANI TOMAS', NULL, 'S/N', 'COOPERATIVA MINERA POOPO R.L.', '5768569', NULL, 'Activo', NULL, '2023-04-26 21:00:47', '2023-04-26 21:00:47', NULL),
(194, 'VENTURA NUÑEZ MODESTO', NULL, 'S/N', 'COOPERATIVA MINERA POOPO R.L.', '7767731', NULL, 'Activo', NULL, '2023-04-26 21:01:23', '2023-04-26 21:01:23', NULL),
(195, 'VENTURA NUÑEZ SERGIO', NULL, 'S/N', 'COOPERATIVA MINERA POOPO R.L.', '3506487', NULL, 'Activo', NULL, '2023-04-26 21:01:55', '2023-04-26 21:01:55', NULL),
(196, 'VENTURA TICACALA ARIEL RUÑOR', NULL, 'S/N', 'COOPERATIVA MINERA POOPO R.L.', 'S/N', NULL, 'Activo', NULL, '2023-04-26 21:02:23', '2023-04-26 21:02:23', NULL),
(197, 'VICENTE FLORES EDGAR', NULL, 'S/N', 'COOPERATIVA MINERA POOPO R.L.', '7277384', NULL, 'Activo', NULL, '2023-04-26 21:03:10', '2023-04-26 21:03:10', NULL),
(198, 'VICEMTE MITMA JUAN CARLOS', NULL, 'S/N', 'COOPERATIVA MINERA POOPO R.L.', '6495841', NULL, 'Activo', NULL, '2023-04-26 21:03:39', '2023-04-26 21:03:39', NULL),
(199, 'VICENTE PATZI ABEL ARMANDO', NULL, 'S/N', 'COOPERATIVA MINERA POOPO R.L.', '4054539', NULL, 'Activo', NULL, '2023-04-26 21:04:14', '2023-04-26 21:04:14', NULL),
(200, 'VICENTE PATZI DANIEL', NULL, 'S/N', 'COOPERATIVA MINERA POOPO R.L.', '7272184', NULL, 'Activo', NULL, '2023-04-26 21:04:50', '2023-04-26 21:04:50', NULL),
(201, 'VILLANUEVA MAMANI JUAN CARLOS', NULL, 'S/N', 'COOPERATIVA MINERA POOPO R.L.', '4054539', NULL, 'Activo', NULL, '2023-04-26 21:05:23', '2023-04-26 21:05:23', NULL),
(202, 'VIZARRO SANTOS EDWIN', NULL, 'S/N', 'COOPERATIVA MINERA POOPO R.L.', '10548663', NULL, 'Activo', NULL, '2023-04-26 21:05:55', '2023-04-26 21:05:55', NULL),
(203, 'VIZARRO SANTOS JHONNY', NULL, 'S/N', 'COOPERATIVA MINERA POOPO R.L.', '8560165', NULL, 'Activo', NULL, '2023-04-26 21:06:28', '2023-04-26 21:06:28', NULL),
(205, 'VIZARRO SANTOS RUBEN', NULL, 'S/N', 'COOPERATIVA MINERA POOPO R.L.', '10548662', NULL, 'Activo', NULL, '2023-04-26 21:07:34', '2023-04-26 21:07:34', NULL),
(206, 'VIZARRO TINTAYA GERONIMO', NULL, 'S/N', 'COOPERATIVA MINERA POOPO R.L.', '6606540', NULL, 'Activo', NULL, '2023-04-26 21:08:05', '2023-05-13 09:52:36', NULL),
(207, 'YUCRA PATZI HENRY LUIS', NULL, 'S/N', 'COOPERATIVA MINERA POOPO R.L.', 'S/N', NULL, 'Activo', NULL, '2023-04-26 21:08:35', '2023-04-26 21:08:35', NULL),
(208, 'ZARATE MAMANI JUAN CARLOS', NULL, 'S/N', 'COOPERATIVA MINERA POOPO R.L.', '10403968', NULL, 'Activo', NULL, '2023-04-26 21:09:24', '2023-04-26 21:09:24', NULL),
(209, 'ZENTENO BELTRAN ELVIS', NULL, 'S/N', 'COOPERATIVA MINERA POOPO R.L.', '5779193', NULL, 'Activo', NULL, '2023-04-26 21:09:57', '2023-04-26 21:09:57', NULL),
(210, 'ZENTENO CALLE JOSE LUIS', NULL, 'S/N', 'COOPERATIVA MINERA POOPO R.L.', '7456421', NULL, 'Activo', NULL, '2023-04-26 21:10:34', '2023-04-26 21:10:34', NULL),
(211, 'ZENTENO HUANCA SIMON', NULL, 'S/N', 'COOPERATIVA MINERA POOPO R.L.', '5731052', NULL, 'Activo', NULL, '2023-04-26 21:11:12', '2023-04-26 21:11:12', NULL),
(212, 'ZENTENO QUISPE BERNO SANTO', NULL, 'S/N', 'COOPERATIVA MINERA POOPO R.L.', '6779301', NULL, 'Activo', NULL, '2023-04-26 21:12:10', '2023-05-13 09:53:51', NULL),
(213, 'ZENTENO QUISPE EDIVERTO', NULL, 'S/N', 'COOPERATIVA MINERA POOPO R.L.', '5240556', NULL, 'Activo', NULL, '2023-04-26 21:12:47', '2023-04-26 21:12:47', NULL),
(214, 'ZENTENO QUISPE JORGE', NULL, 'S/N', 'COOPERATIVA MINERA POOPO R.L.', '5758785', NULL, 'Activo', NULL, '2023-04-26 21:13:21', '2023-04-26 21:13:21', NULL),
(215, 'CHECA LIMA GABRIEL', NULL, 'S/N', 'COOPERATIVA MINERA POOPO R.L.', 'S/N', NULL, 'Activo', NULL, '2023-04-26 21:13:54', '2023-05-13 09:16:27', NULL),
(216, 'GUTIERREZ MAURO', NULL, 'S/N', 'COOPERATIVA MINERA POOPO R.L.', '5749537', NULL, 'Activo', NULL, '2023-04-26 21:14:22', '2023-04-26 21:14:22', NULL),
(217, 'RAFAEL JOSE LUIS', NULL, 'S/N', 'COOPERATIVA MINERA POOPO R.L.', '7406698', NULL, 'Activo', NULL, '2023-04-26 21:15:09', '2023-04-26 21:15:09', NULL),
(219, 'SOZA RUBEN ALBERTO', NULL, 'S/N', 'COOPERATIVA MINERA POOPO R.L.', '4400645', NULL, 'Activo', NULL, '2023-04-26 21:15:59', '2023-04-26 21:15:59', NULL),
(220, 'TERAN OSCAR', NULL, 'S/N', 'COOPERATIVA MINERA POOPO R.L.', '8790497', NULL, 'Activo', NULL, '2023-04-26 21:16:25', '2023-04-26 21:16:25', NULL),
(221, 'USCAMAITA CARLOS BRIAN', NULL, 'S/N', 'COOPERATIVA MINERA POOPO R.L.', '7416801', NULL, 'Activo', NULL, '2023-04-26 21:16:58', '2023-04-26 21:16:58', NULL),
(222, 'FLORES LOPEZ ALVARO', NULL, 'S/N', 'COOPERATIVA MINERA POOPO R.L.', '7310059', NULL, 'Activo', NULL, '2023-04-26 21:17:26', '2023-04-26 21:17:26', NULL),
(223, 'CHACHAHUAYNA ARISMENDI DAVID', NULL, 'S/N', 'COOPERATIVA MINERA POOPO R.L.', '4937786', NULL, 'Activo', NULL, '2023-04-26 21:18:02', '2023-04-26 21:18:02', NULL),
(224, 'PEREZ VELASCO NELSON ALVARO', NULL, 'S/N', 'COOPERATIVA MINERA POOPO R.L.', '7415269', NULL, 'Activo', NULL, '2023-04-26 21:18:37', '2023-04-26 21:18:37', NULL),
(225, 'HURTADO RAMOS TEDY', NULL, 'S/N', 'COOPERATIVA MINERA POOPO R.L.', 'S/N', NULL, 'Activo', NULL, '2023-04-26 21:18:59', '2023-04-26 21:18:59', NULL),
(226, 'LOPEZ ESCOBAR FREDDY GERMAN', NULL, 'S/N', 'COOPERATIVA MINERA POOPO R.L.', '4049657', NULL, 'Activo', NULL, '2023-05-10 15:32:11', '2023-05-13 09:23:16', NULL),
(227, 'ROGELIO ARGANDOÑA USCAMAYTA', NULL, '23456', 'POOPO', '398045', NULL, 'Activo', NULL, '2023-05-10 15:57:19', '2023-05-10 15:57:19', NULL),
(228, 'CHOQUE FRANZ', NULL, '121', 'POOPO', '35895', NULL, 'Activo', NULL, '2023-05-12 16:26:41', '2023-05-12 16:26:41', NULL),
(230, 'ACHA LOJO WILFREDO', NULL, 'S/N', 'COOPERATIVA MINERA POOPO R.L.', 'S/N', NULL, 'Activo', NULL, '2023-05-12 17:30:40', '2025-06-06 10:24:56', 'aaa'),
(231, 'ACHACOLLO COLQUE BENEDICTO', NULL, 'S/N', 'COOPERATIVA MINERA POOPO R.L.', '7264450', NULL, 'Activo', NULL, '2023-05-12 17:32:12', '2023-05-12 17:32:12', NULL),
(232, 'ACHACOLLO COLQUE EDDY GUSTAVO', NULL, 'S/N', 'COOPERATIVA MINERA POOPO RL.', '7295628', NULL, 'Activo', NULL, '2023-05-12 17:33:00', '2023-05-12 17:33:00', NULL),
(233, 'AGOSTOPA GONZALES ANTONIO  DEMETRIO', NULL, 'S/N', 'COOPERATIVA MINERA POOPO R.L.', '611600', NULL, 'Activo', NULL, '2023-05-12 17:33:44', '2023-05-12 17:33:44', NULL),
(234, 'AGOSTOPA GUTIERREZ PASCUAL', NULL, 'S/N', 'COOPERATIVA MINERA POOPO', '3553120', NULL, 'Activo', NULL, '2023-05-12 17:34:24', '2023-05-12 19:39:32', NULL),
(235, 'AGUILAR CALLE CARLOS MAGNO', NULL, 'S/N', 'COOPERATIVA MINERA POOPO R.L.', '4064488', NULL, 'Activo', NULL, '2023-05-12 19:38:21', '2023-05-12 19:38:21', NULL),
(236, 'AGUILAR CALLE JESUS ALBERTO', NULL, 'S/N', 'COOPERATIVA MINERA POOPO R.L.', '7459053', NULL, 'Activo', NULL, '2023-05-12 19:45:40', '2023-05-12 19:45:40', NULL),
(237, 'AGUILAR FLORES ISAC', NULL, 'S/N', 'COOPERATIVA MINERA POOPO R.L.', '7378222', NULL, 'Activo', NULL, '2023-05-12 19:47:01', '2023-05-12 19:47:01', NULL),
(238, 'AGUILAR LIMA RAFAEL', NULL, 'S/N', 'COOPERATIVA MINERA POOPO R.L.', '2767323', NULL, 'Activo', NULL, '2023-05-12 19:48:12', '2023-05-12 19:48:12', NULL),
(239, 'AGUILAR QUISPE GONZALO', NULL, 'S/N', 'COOPERATIVA MINERA POOPO R.L.', '7342369', NULL, 'Activo', NULL, '2023-05-12 19:49:16', '2023-05-12 19:49:16', NULL),
(240, 'AGUILAR QUISPE HERIBERTO JULIO', NULL, 'S/N', 'COOPERATIVA MINERA POOPO R.L.', '4024958', NULL, 'Activo', NULL, '2023-05-12 19:50:25', '2023-05-12 19:50:25', NULL),
(241, 'AGUILAR QUISPE JHONNY SEGUNDINO', NULL, 'S/N', 'COOPERATIVA MINERA POOPO R.L.', '4071561', NULL, 'Activo', NULL, '2023-05-12 19:51:28', '2023-05-12 19:51:28', NULL),
(242, 'AGUILAR QUISPE WILSN', NULL, 'S/N', 'COOPERATIVA MINERA POOPO R.L.', '7338446', NULL, 'Activo', NULL, '2023-05-12 19:52:32', '2023-05-12 19:52:32', NULL),
(243, 'AGUILAR RAFAEL JHON', NULL, 'S/N', 'COOPERATIVA MINERA POOPO R.L.', 'S/N', NULL, 'Activo', NULL, '2023-05-12 19:53:23', '2023-05-12 19:53:23', NULL),
(244, 'AGUILAR VELASQUEZ ABUNDIO', NULL, 'S/N', 'COOPERATIVA MINERA POOPO R.L.', '4022243', NULL, 'Activo', NULL, '2023-05-12 19:54:30', '2023-05-12 19:54:30', NULL),
(245, 'AGUILAR VELASQUEZ GONZALO', NULL, 'S/N', 'COOPERATIVA MINERA POOPO R.L.', '5772715', NULL, 'Activo', NULL, '2023-05-12 20:18:35', '2023-05-12 20:18:35', NULL),
(246, 'AGUILAR VELASQUEZ IVAN', NULL, 'S/N', 'COOPERATIVA MINERA POOPO R.L.', '3531947', NULL, 'Activo', NULL, '2023-05-12 20:19:30', '2023-05-12 20:19:30', NULL),
(247, 'AGUILAR VELASQUEZ ROSBERT', NULL, 'S/N', 'COOPERATIVA MINERA POOPO R.L.', '4067298', NULL, 'Activo', NULL, '2023-05-12 20:20:29', '2023-05-12 20:20:29', NULL),
(248, 'ALANEZ BAUTISTA IVAN', NULL, 'S/N', 'COOPERATIVA MINERA POOPO R.L.', 'S/N', NULL, 'Activo', NULL, '2023-05-12 20:21:11', '2023-05-12 20:21:11', NULL),
(249, 'ALEJANDRO COLQUE JHONNY', NULL, 'S/N', 'COOPERATIVA MINERA POOPO R.L.', '7346928', NULL, 'Activo', NULL, '2023-05-12 20:24:37', '2023-05-12 20:24:37', NULL),
(250, 'ALEJANDRO POMA OSCAR', NULL, 'S/N', 'COOPERATIVA MINERA POOPO R.L.', '7349928', NULL, 'Activo', NULL, '2023-05-12 20:25:34', '2023-05-12 20:25:34', NULL),
(251, 'ALEJANDRO RAFAEL MILTON', NULL, 'S/N', 'COOPERATIVA MINERA POOPO R.L.', 'S/N', NULL, 'Activo', NULL, '2023-05-12 20:26:20', '2023-05-12 20:26:20', NULL),
(252, 'ALEJANDRO TICACALA ISABEL', NULL, 'S/N', 'COOPERATIVA MINERA POOPO R.L.', '5768720', NULL, 'Activo', NULL, '2023-05-12 20:27:15', '2023-05-12 20:27:15', NULL),
(253, 'ANAVI GONZALO NICASIO', NULL, 'S/N', 'COOPERATIVA MINERA POOPO R.L.', '10549955', NULL, 'Activo', NULL, '2023-05-12 20:28:15', '2023-05-12 20:28:15', NULL),
(254, 'ANAVI TOLA MARIO', NULL, 'S/N', 'COOPERATIVA MINERA POOPO R.L.', '12773786', NULL, 'Activo', NULL, '2023-05-12 20:29:44', '2023-05-12 20:29:44', NULL),
(255, 'ANCALLE CALLE PEDRO', NULL, 'S/N', 'COOPERATIVA MINERA POOPO R.L.', '4072752', NULL, 'Activo', NULL, '2023-05-12 20:31:56', '2023-05-12 20:31:56', NULL),
(256, 'ANCALLE HIDALGO HEBER', NULL, 'S/N', 'COOPERATIVA MINERA POOPO R.L.', 'S/N', NULL, 'Activo', NULL, '2023-05-12 20:33:09', '2023-05-12 20:33:09', NULL),
(257, 'ANCALLE QUISPE EDWIN', NULL, 'S/N', 'COOPERATIVA MINERA POOPO R.L.', '7310108', NULL, 'Activo', NULL, '2023-05-12 20:34:12', '2023-05-12 20:34:12', NULL),
(258, 'ANCALLE QUISPE GROVER JOB', NULL, 'S/N', 'COOPERATIVA MINERA POOPO R.L.', '5756775', NULL, 'Activo', NULL, '2023-05-12 20:35:35', '2023-05-12 20:35:35', NULL),
(259, 'APAZA MAURICIO REYNALDO', NULL, 'S/N', 'COOPERATIVA MINERA POOPO R.L.', '7280319', NULL, 'Activo', NULL, '2023-05-12 20:36:45', '2023-05-12 20:36:45', NULL),
(260, 'APAZA MAYORGA JANNET VALERIA', NULL, 'S/N', 'COOPERATIVA MINERA POOPO R.L.', '3513638', NULL, 'Activo', NULL, '2023-05-12 20:38:33', '2023-05-12 20:38:33', NULL),
(261, 'ARANCIBIA CHUCAMANI TEODOMIRO', NULL, 'S/N', 'COOPERATIVA MINERA POOPO R.L.', '4323558', NULL, 'Activo', NULL, '2023-05-12 20:40:06', '2023-05-12 20:40:06', NULL),
(262, 'ARGANDOÑA USCAMAYTA ROGELIO', NULL, 'S/N', 'COOPERATIVA MINERA POOPO R.L.', '6202652', NULL, 'Activo', NULL, '2023-05-12 20:41:35', '2023-05-12 20:41:35', NULL),
(263, 'ARIAS BELTRAN ROLANDO', NULL, 'S/N', 'COOPERATIVA MINERA POOPO R.L.', '12429880', NULL, 'Activo', NULL, '2023-05-12 20:42:41', '2023-05-12 20:42:41', NULL),
(264, 'ARIVIRI CALLAPA MANUEL', NULL, 'S/N', 'COOPERATIVA MINERA POOPO R.L.', '1423643', NULL, 'Activo', NULL, '2023-05-12 20:44:35', '2023-05-12 20:44:35', NULL),
(265, 'ARIVIRI CALLAPA TEODOSIO', NULL, 'S/N', 'COOPERATIVA MINERA POOPO R.L.', '3626028', NULL, 'Activo', NULL, '2023-05-12 20:45:45', '2023-05-12 20:45:45', NULL),
(266, 'ARIVIRI GUTIERREZ JUAN MANUEL', NULL, 'S/N', 'COOPERATIVA MINERA POOPO R.L.', '7354064', NULL, 'Activo', NULL, '2023-05-12 20:47:23', '2023-05-12 20:47:23', NULL),
(267, 'ARIVIRI GUTIERREZ VEIMAR', NULL, 'S/N', 'COOPERATIVA MINERA POOPO R.L.', '7354067', NULL, 'Activo', NULL, '2023-05-12 20:48:28', '2023-05-12 20:48:28', NULL),
(268, 'ARROYO MAMANI ALEX', NULL, 'S/N', 'COOPERATIVA MINERA POOPO R.L.', '7310055', NULL, 'Activo', NULL, '2023-05-12 20:50:32', '2023-05-12 20:50:32', NULL),
(269, 'ARROYO RODRIGUEZ HERMINIO ENRIQUE', NULL, 'S/N', 'COOPERATIVA MINERA POOPO R.L.', '4062387', NULL, 'Activo', NULL, '2023-05-12 20:52:12', '2023-05-12 20:52:12', NULL),
(270, 'ASTETE FLORES EGBERTO', NULL, 'S/N', 'COOPERATIVA MINERA POOPO R.L.', '3098696', NULL, 'Activo', NULL, '2023-05-12 20:53:16', '2023-05-12 20:53:16', NULL),
(271, 'ASTETE MARTINEZ ROLANDO GASTON', NULL, 'S/N', 'COOPERATIVA MINERA POOPO R.L.', '7392738', NULL, 'Activo', NULL, '2023-05-13 07:10:20', '2023-05-13 07:10:20', NULL),
(272, 'BARRETA GUTIERREZ RAUL', NULL, 'S/N', 'COOPERATIVA MINERA POOPO R.L.', '4024371', NULL, 'Activo', NULL, '2023-05-13 07:11:18', '2023-05-13 07:11:18', NULL),
(273, 'BARRETA GUTIERREZ FREDDY', NULL, 'S/N', 'COOPERATIVA MINERA POOPO R.L.', 'S/N', NULL, 'Activo', NULL, '2023-05-13 07:11:59', '2023-05-13 07:12:39', NULL),
(274, 'BARRIOS DURAN JUAN GABRIEL', NULL, 'S/N', 'COOPERATIVA MINERA POOPO R.L.', '8574176', NULL, 'Activo', NULL, '2023-05-13 07:13:53', '2023-05-13 07:13:53', NULL),
(275, 'BARRIOS RAMOS DAVID', NULL, 'S/N', 'COOPERATIVA MINERA POOPO R.L.', '3065270', NULL, 'Activo', NULL, '2023-05-13 07:14:42', '2023-05-13 07:14:42', NULL),
(276, 'BARRIOS ZURITA LUIS', NULL, 'S/N', 'COOPERATIVA MINERA POOPO R.L.', 'S/N', NULL, 'Activo', NULL, '2023-05-13 07:15:25', '2023-05-13 07:15:25', NULL),
(277, 'BENITO AGUILAR GUSTAVO ADOLFO', NULL, 'S/N', 'COOPERATIVA MINERA POOPO R.L.', '3537089', NULL, 'Activo', NULL, '2023-05-13 07:16:23', '2023-05-13 07:16:23', NULL),
(278, 'BENITO AGUILAR JONATHAN', NULL, 'S/N', 'COOPERATIVA MINERA POOPO R.L.', '3537364', NULL, 'Activo', NULL, '2023-05-13 07:17:24', '2023-05-13 07:17:24', NULL),
(279, 'BENITO FLORES JAVIER BERNARDO', NULL, 'S/N', 'COOPERATIVA MINERA POOPO R.L.', '2764103-1J', NULL, 'Activo', NULL, '2023-05-13 07:18:31', '2023-05-13 07:18:31', NULL),
(280, 'BENITO FLORES WILSON PEDRO', NULL, 'S/N', 'COOPERATIVA MINERA POOPO R.L.', '7272456', NULL, 'Activo', NULL, '2023-05-13 07:19:26', '2023-05-13 07:19:26', NULL),
(281, 'BENITO ONOFRE JUAN LUIS', NULL, 'S/N', 'COOPERATIVA MINERA POOPO R.L.', '5764456', NULL, 'Activo', NULL, '2023-05-13 07:20:25', '2023-05-13 07:20:25', NULL),
(282, 'BERDEJA AGUILAR JUAN', NULL, 'S/N', 'COOPERATIVA MINERA POOPO R.L.', '4020569', NULL, 'Activo', NULL, '2023-05-13 07:21:02', '2023-05-13 07:21:02', NULL),
(283, 'BERDEJA AGUILAR RENE EMILIO', NULL, 'S/N', 'COOPERATIVA MINERA POOPO R.L.', '4042050', NULL, 'Activo', NULL, '2023-05-13 07:21:54', '2023-05-13 07:21:54', NULL),
(284, 'BERDEJA LIMA ALVARO', NULL, 'S/N', 'COOPERATIVA MINERA POOPO R.L.', '5747069', NULL, 'Activo', NULL, '2023-05-13 07:22:43', '2023-05-13 07:22:43', NULL),
(285, 'BERDEJA LIMA CHRISTIAN', NULL, 'S/N', 'COOPERATIVA MINERA POOPO R.L.', '5779758', NULL, 'Activo', NULL, '2023-05-13 07:25:26', '2023-05-13 07:25:26', NULL),
(286, 'BERDEJA MAMANI ULDARICO TEODORO', NULL, 'S/N', 'COOPERATIVA MINERA POOPO R.L.', '619490-1H', NULL, 'Activo', NULL, '2023-05-13 07:26:30', '2023-05-13 07:26:30', NULL),
(287, 'BERDEJA QUISPE MAXIMO', NULL, 'S/N', 'COOPERATIVA MINERA POOPO R.L.', 'S/N', NULL, 'Activo', NULL, '2023-05-13 07:27:18', '2023-05-13 07:27:18', NULL),
(288, 'BOLAÑOS GONZALES MARCO ANTONIO', NULL, 'S/N', 'COOPERATIVA MINERA POOPO R.L.', 'S/N', NULL, 'Activo', NULL, '2023-05-13 07:28:06', '2023-05-13 07:28:06', NULL),
(289, 'BOLAÑOS LAURA JESUS ALBERT', NULL, 'S/N', 'COOPERATIVA MINERA POOPO', '7394036', NULL, 'Activo', NULL, '2023-05-13 07:28:56', '2023-05-13 07:28:56', NULL),
(290, 'BOLAÑOS TICACALA ANDRES', NULL, 'S/N', 'COOPERATIVA MINERA POOPO R.L.', '6469448', NULL, 'Activo', NULL, '2023-05-13 07:29:44', '2023-05-13 07:29:44', NULL),
(291, 'BUSTOS MEDRANO ALFREDO', NULL, 'S/N', 'COOPERATIVA MINERA POOPO R.L.', '7277438', NULL, 'Activo', NULL, '2023-05-13 07:30:28', '2023-05-13 07:30:28', NULL),
(292, 'BUSTOS MEDRANO EDUARDO JESUS', NULL, 'S/N', 'COOPERATIVA MINERA POOPO R.L.', '7397844', NULL, 'Activo', NULL, '2023-05-13 07:31:16', '2023-05-13 07:31:16', NULL),
(293, 'BUSTOS MEDRANO HUMBERTO', NULL, 'S/N', 'COOPERATIVA MINERA POOPO R.L.', '7262537', NULL, 'Activo', NULL, '2023-05-13 07:31:57', '2023-05-13 07:31:57', NULL),
(294, 'CABEZAS CONDORI SANTOS ANDRES', NULL, 'S/N', 'COOPERATIVA MINERA POOPO R.L.', '4461442', NULL, 'Activo', NULL, '2023-05-13 07:32:40', '2023-05-13 07:32:40', NULL),
(295, 'CALDERON GUZMAN MATEO', NULL, 'S/N', 'COOPERATIVA MINERA POOPO R.L.', 'S/N', NULL, 'Activo', NULL, '2023-05-13 07:33:18', '2023-05-13 07:33:18', NULL),
(296, 'CALDERON JACINTO GARY WALFRE', NULL, 'S/N', 'COOPERATIVA MINERA POOPO R.L.', '4062095', NULL, 'Activo', NULL, '2023-05-13 07:49:00', '2023-05-13 07:49:00', NULL),
(297, 'CALDERON JACINTO OSBER CARLOS', NULL, 'S/N', 'COOPERATIVA MINERA POOPO R.L.', '4062094', NULL, 'Activo', NULL, '2023-05-13 07:49:42', '2023-05-13 07:49:42', NULL),
(298, 'CALDERON QUISPE ZENON', NULL, 'S/N', 'COOPERATIVA MINERA POOPO R.L.', '3514584', NULL, 'Activo', NULL, '2023-05-13 07:50:32', '2023-05-13 07:50:32', NULL),
(299, 'CALIZAYA AJHUACHO RAMIRO', NULL, 'S/N', 'COOPERATIVA MINERA POOPO R.L.', '4046143', NULL, 'Activo', NULL, '2023-05-13 07:51:17', '2023-05-13 07:51:17', NULL),
(300, 'CALIZAYA HUARAYO DAVID', NULL, 'S/N', 'COOPERATIVA MINERA POOPO R.L.', '6633385', NULL, 'Activo', NULL, '2023-05-13 07:51:56', '2023-05-13 07:51:56', NULL),
(301, 'CALIZAYA HUARAYO DELFIN', NULL, 'S/N', 'COOPERATIVA MINERA POOPO R.L.', '8640371', NULL, 'Activo', NULL, '2023-05-13 07:52:37', '2023-05-13 07:52:37', NULL),
(302, 'CALIZAYA PLAZA GUALBERTO', NULL, 'S/N', 'COOPERATIVA MINERA POOPO R.L.', '3819512', NULL, 'Activo', NULL, '2023-05-13 07:53:16', '2023-05-13 07:53:16', NULL),
(303, 'CALIZAYA PLAZA MATIA RENE', NULL, 'S/N', 'COOPERATIVA MINERA POOPO R.L.', '2652301', NULL, 'Activo', NULL, '2023-05-13 07:53:57', '2023-05-13 07:53:57', NULL),
(304, 'CALIZAYA CONSTANTINO', NULL, 'S/N', 'COOPERATIVA MINERA POOPO R.L.', 'S/N', NULL, 'Activo', NULL, '2023-05-13 07:54:27', '2023-05-13 07:54:27', NULL),
(306, 'CALLAPA IGNACIO SAMUEL', NULL, 'S/N', 'COOPERATIVA MINERA POOPO R.L.', '5721121', NULL, 'Activo', NULL, '2023-05-13 07:57:23', '2023-05-13 07:57:23', NULL),
(307, 'CALLAPA MACHACA EFRAIN', NULL, 'S/N', 'COOPERATIVA MINERA POOPO R.L.', '7389975', NULL, 'Activo', NULL, '2023-05-13 07:57:57', '2023-05-13 07:57:57', NULL),
(308, 'CALLAPA MACHACA VICTOR', NULL, 'S/N', 'COOPERATIVA MINERA POOPO R.L.', '1146054', NULL, 'Activo', NULL, '2023-05-13 07:58:54', '2023-05-13 07:58:54', NULL),
(309, 'CALLAPA MACHACA VICTOR', NULL, 'S/N', 'COOPERATIVA MINERA POOPO R.L.', '3616431', NULL, 'Activo', NULL, '2023-05-13 07:59:35', '2023-05-13 07:59:35', NULL),
(310, 'CALLE BOLAÑOS JHONNY', NULL, 'S/N', 'COOPERATIVA MINERA POOPO R.L.', '7418244', NULL, 'Activo', NULL, '2023-05-13 08:00:21', '2023-05-13 08:00:21', NULL),
(311, 'CALLE BOLAÑOS LUIS APARICIO', NULL, 'S/N', 'COOPERATIVA MINERA POOPO R.L.', '10670207', NULL, 'Activo', NULL, '2023-05-13 08:01:06', '2023-05-13 08:01:06', NULL),
(312, 'CALLE CALDERON AURELIO', NULL, 'S/N', 'COOPERATIVA MINERA POOPO R.L.', '3539117', NULL, 'Activo', NULL, '2023-05-13 08:01:40', '2023-05-13 08:01:40', NULL),
(313, 'CALLE CALDERON EGIDIO', NULL, 'S/N', 'COOPERATIVA MINERA POOPO R.L.', '3551698', NULL, 'Activo', NULL, '2023-05-13 08:02:11', '2023-05-13 08:02:11', NULL),
(314, 'CALLE CALDERON EVA', NULL, 'S/N', 'COOPERATIVA MINERA POOPO R.L.', 'S/N', NULL, 'Activo', NULL, '2023-05-13 08:02:42', '2023-05-13 08:02:42', NULL),
(315, 'CALLE CONDORI JHONNY TOMAS', NULL, 'S/N', 'COOPERATIVA MINERA POOPO R.L.', '4964045', NULL, 'Activo', NULL, '2023-05-13 08:03:26', '2023-05-13 08:03:26', NULL),
(316, 'CALLE HUANCA ELMER', NULL, 'S/N', 'COOPERATIVA MINERA POOPO R.L.', '7277571', NULL, 'Activo', NULL, '2023-05-13 08:04:07', '2023-05-13 08:04:07', NULL),
(317, 'CALLE MAMANI VICTOR HUGO', NULL, 'S/N', 'COOPERATIVA MINERA POOPO R.L.', '4054232', NULL, 'Activo', NULL, '2023-05-13 08:04:48', '2023-05-13 08:04:48', NULL),
(318, 'CALLE MAMANI VICTOR HUGO', NULL, 'S/N', 'COOPERATIVA MINERA POOPO R.L.', '4054232', NULL, 'Activo', NULL, '2023-05-13 08:24:19', '2023-05-13 08:24:19', NULL),
(319, 'CALLE MONTEMAYOR RAFAEL', NULL, 'S/N', 'COOPERATIVA MINERA POOPO R.L.', '3552290', NULL, 'Activo', NULL, '2023-05-13 08:25:16', '2023-05-13 08:25:16', NULL),
(320, 'CALLE SANTOS EDGAR', NULL, 'S/N', 'COOPERATIVA MINERA POOPO R.L.', '4048616', NULL, 'Activo', NULL, '2023-05-13 08:25:51', '2023-05-13 08:25:51', NULL),
(321, 'CALLA USCAMAITA JOAQUIN', NULL, 'S/N', 'COOPERATIVA MINERA POOPO R.L.', '4056915', NULL, 'Activo', NULL, '2023-05-13 08:26:40', '2023-05-13 08:26:40', NULL),
(322, 'CALLE USCAMAYTA REYNALDO', NULL, 'S/N', 'COOPERATIVA MINERA POOPO R.L.', '5724804', NULL, 'Activo', NULL, '2023-05-13 08:27:45', '2023-05-13 08:27:45', NULL),
(323, 'CAMACHO CAISIRI CAMILO ALBERTO', NULL, 'S/N', 'COOPERATIVA MINERA POOPO R.L.', '8684542', NULL, 'Activo', NULL, '2023-05-13 08:28:31', '2023-05-13 08:28:31', NULL),
(324, 'CAMACHO CAISIRI CARLOS JOSE', NULL, 'S/N', 'COOPERATIVA MINERA POOPO R.L.', '6559945', NULL, 'Activo', NULL, '2023-05-13 08:29:08', '2023-05-13 08:29:08', NULL),
(325, 'CAMATA MARTINEZ MAX', NULL, 'S/N', 'COOPERATIVA MINERA POOPO R.L.', '5061386', NULL, 'Activo', NULL, '2023-05-13 08:29:45', '2023-05-13 08:29:45', NULL),
(327, 'CANAZA ANCALLE RAUL', NULL, 'S/N', 'COOPERATIVA MINERA POOPO R.L.', '5977719', NULL, 'Activo', NULL, '2023-05-13 08:31:51', '2023-05-13 08:32:29', NULL),
(328, 'CARDENAS BASILIO NAPOLEON FREDDY', NULL, 'S/N', 'COOPERATIVA MINERA POOPO R.L.', '2782420', NULL, 'Activo', NULL, '2023-05-13 08:33:32', '2023-05-13 08:33:32', NULL),
(329, 'CARLOS FLORES JHONNY', NULL, 'S/N', 'COOPERATIVA MINERA POOPO R.L.', '6412112', NULL, 'Activo', NULL, '2023-05-13 08:34:04', '2023-05-13 08:34:04', NULL),
(330, 'CARLOS FLORES MARCO ANTONIO', NULL, 'S/N', 'COOPERATIVA MINERA POOPO R.L.', '7310074', NULL, 'Activo', NULL, '2023-05-13 08:34:34', '2023-05-13 08:34:34', NULL),
(331, 'CASTRO CUTIPA JUAN NEVEN', NULL, 'S/N', 'COOPERATIVA MINERA POOPO R.L.', '5187408', NULL, 'Activo', NULL, '2023-05-13 08:35:10', '2023-05-13 08:35:10', NULL),
(332, 'CHAMBI ARIZACA MARCELINO', NULL, 'S/N', 'COOPERATIVA MINERA POOPO R.L.', '6688929', NULL, 'Activo', NULL, '2023-05-13 08:35:41', '2023-05-13 08:35:41', NULL);
INSERT INTO `contratistas` (`id`, `nombre`, `telefono`, `celular`, `direccion`, `ci`, `fechaSocio`, `estado`, `user_id`, `created_at`, `updated_at`, `cuadrilla`) VALUES
(333, 'CHAMBI CHOQUE PEDRO', NULL, 'S/N', 'COOPERATIVA MINERA POOPO R.L.', '7346320', NULL, 'Activo', NULL, '2023-05-13 08:36:26', '2023-05-13 08:36:26', NULL),
(334, 'CHAMBI CHOQUE PRUDENCIO', NULL, 'S/N', 'COOPERATIVA MINERA POOPO R.L.', '7346322', NULL, 'Activo', NULL, '2023-05-13 08:37:06', '2023-05-13 08:37:06', NULL),
(335, 'CHAMBI CUAQUIRI HUMBERTO', NULL, 'S/N', 'COOPERATIVA MINERA POOPO R.L.', '3516579', NULL, 'Activo', NULL, '2023-05-13 08:37:45', '2023-05-13 08:37:45', NULL),
(336, 'CHAMBI FLORES EDWIN', NULL, 'S/N', 'COOPERATIVA MINERA POOPO R.L.', '7268424', NULL, 'Activo', NULL, '2023-05-13 08:38:23', '2023-05-13 08:38:23', NULL),
(337, 'CHAMBI FLORES LISBER', NULL, 'S/N', 'COOPERATIVA MINERA POOPO R.L.', '7350023', NULL, 'Activo', NULL, '2023-05-13 08:38:56', '2023-05-13 08:38:56', NULL),
(338, 'CHAMBI FLORES ROLANDO', NULL, 'S/N', 'COOPERATIVA MINERA POOPO R.L.', '7297746', NULL, 'Activo', NULL, '2023-05-13 08:39:37', '2023-05-13 08:39:37', NULL),
(339, 'CHAMBI GONZALES ARIEL', NULL, 'S/N', 'COOPERATIVA MINERA POOPO R.L.', '7266798', NULL, 'Activo', NULL, '2023-05-13 08:40:12', '2023-05-13 08:40:12', NULL),
(340, 'CHAMBI GONZALES ELVIS', NULL, 'S/N', 'COOPERATIVA MINERA POOPO R.L.', '7271600', NULL, 'Activo', NULL, '2023-05-13 08:40:51', '2023-05-13 08:40:51', NULL),
(341, 'CHAMBI GUTIERREZ ANDID ALVARO', NULL, 'S/N', 'COOPERATIVA MINERA POOPO R.L.', '7262014', NULL, 'Activo', NULL, '2023-05-13 08:41:38', '2023-05-13 08:41:38', NULL),
(342, 'CHAMBI GUTIERREZ CLEOMEDES', NULL, 'S/N', 'COOPERATIVA MINERA POOPO R.L.', '4078161', NULL, 'Activo', NULL, '2023-05-13 08:42:47', '2023-05-13 08:43:24', NULL),
(343, 'CHAMBI GUTIERREZ IBER', NULL, 'S/N', 'COOPERATIVA MINERA POOPO R.L.', '7331599', NULL, 'Activo', NULL, '2023-05-13 08:44:02', '2023-05-13 08:44:02', NULL),
(344, 'CHAMBI GUTIERREZ JORGE BLADIMIR', NULL, 'S/N', 'COOPERATIVA MINERA POOPO R.L.', '7293577', NULL, 'Activo', NULL, '2023-05-13 08:44:55', '2023-05-13 08:44:55', NULL),
(345, 'CHAMBI GUTIERREZ TEODORICO', NULL, 'S/N', 'COOPERATIVA MINERA POOPO R.L.', '5733565', NULL, 'Activo', NULL, '2023-05-13 08:45:34', '2023-05-13 08:45:34', NULL),
(346, 'CHAMBI MARQUEZ JESUS', NULL, 'S/N', 'COOPERATIVA MINERA POOPO R.L.', '3086013', NULL, 'Activo', NULL, '2023-05-13 08:46:05', '2023-05-13 08:46:05', NULL),
(347, 'CHAMBI SOLIZ RONALD', NULL, 'S/N', 'COOPERATIVA MINERA POOPO R.L.', '7406663', NULL, 'Activo', NULL, '2023-05-13 08:46:44', '2023-05-13 08:46:44', NULL),
(348, 'CHAMBI SOLIZ FABIO', NULL, 'S/N', 'COOPERATIVA MINERA POOPO R.L.', 'S/N', NULL, 'Activo', NULL, '2023-05-13 08:47:11', '2023-05-13 08:47:11', NULL),
(349, 'CHAMBI USCAMAYTA JUAN', NULL, 'S/N', 'COOPERATIVA MINERA POOPO R.L.', '4029840', NULL, 'Activo', NULL, '2023-05-13 08:47:55', '2023-05-13 08:47:55', NULL),
(350, 'CHECA CHAMBI LUIS JHONATAN', NULL, 'S/N', 'COOPERATIVA MINERA POOPO R.L.', '7406690', NULL, 'Activo', NULL, '2023-05-13 08:48:35', '2023-05-13 08:48:35', NULL),
(351, 'CHECA CHAMBI OSCAR JHONNY', NULL, 'S/N', 'COOPERATIVA MINERA POOPO R.L.', '7345437', NULL, 'Activo', NULL, '2023-05-13 08:49:12', '2023-05-13 08:49:12', NULL),
(352, 'CHECA COPA LEONARDO', NULL, 'S/N', 'COOPERATIVA MINERA POOPO R.L.', '3104859', NULL, 'Activo', NULL, '2023-05-13 08:49:43', '2023-05-13 08:49:43', NULL),
(353, 'CHECA GONZALES RAUL', NULL, 'S/N', 'COOPERATIVA MINERA POOPO R.L.', '7282624', NULL, 'Activo', NULL, '2023-05-13 08:50:19', '2023-05-13 08:50:19', NULL),
(354, 'CHECA GUTIERREZ ALVARO', NULL, 'S/N', 'COOPERATIVA MINERA POOPO R.L.', '5779244', NULL, 'Activo', NULL, '2023-05-13 09:12:30', '2023-05-13 09:12:30', NULL),
(355, 'CHECA POMA YAMIL RIONI', NULL, 'S/N', 'COOPERATIVA MINERA POOPO R.L.', '5763071', NULL, 'Activo', NULL, '2023-05-13 09:13:18', '2023-05-13 09:13:18', NULL),
(356, 'CHECA QUISPE EDWIN', NULL, 'S/N', 'COOPERATIVA MINERA POOPO R.L.', '5906740', NULL, 'Activo', NULL, '2023-05-13 09:14:00', '2023-05-13 09:14:00', NULL),
(357, 'CHECA QUISPE GAISBO', NULL, 'S/N', 'COOPERATIVA MINERA POOPO R.L.', '4056055', NULL, 'Activo', NULL, '2023-05-13 09:14:44', '2023-05-13 09:14:44', NULL),
(358, 'CHECA GUTIERREZ JUAN CARLOS', NULL, 'S/N', 'COOPERATIVA MINERA POOPO R.L.', 'S/N', NULL, 'Activo', NULL, '2023-05-13 09:15:22', '2023-05-13 09:15:22', NULL),
(359, 'CHINCHE CHECA FRANCISCO', NULL, 'S/N', 'COOPERATIVA MINERA POOPO R.L.', '5735788', NULL, 'Activo', NULL, '2023-05-13 09:17:26', '2023-05-13 09:17:26', NULL),
(360, 'CHINCHE CHECA SAMUEL', NULL, 'S/N', 'COOPERATIVA MINERA POOPO R.L.', '5765355', NULL, 'Activo', NULL, '2023-05-13 10:06:16', '2023-05-13 10:06:16', NULL),
(361, 'CHINCHE CHECA MAXIMILIANO', NULL, 'S/N', 'COOPERATIVA MINERA POOPO R.L.', '7393687', NULL, 'Activo', NULL, '2023-05-13 10:07:02', '2023-05-13 10:07:02', NULL),
(362, 'CHINCHE MACHACA FREDDY', NULL, 'S/N', 'COOPERATIVA MINERA POOPO R.L.', '3096001', NULL, 'Activo', NULL, '2023-05-13 10:07:47', '2023-05-13 10:07:47', NULL),
(363, 'CHIRILLA IQUISE FRANG BERNAL', NULL, 'S/N', 'COOPERATIVA MINERA POOPO R.L.', '4055368', NULL, 'Activo', NULL, '2023-05-13 10:08:32', '2023-05-13 10:08:32', NULL),
(364, 'CHOQUE AGUILAR MAURO', NULL, 'S/N', 'COOPERATIVA MINERA POOPO R.L.', '3510181', NULL, 'Activo', NULL, '2023-05-13 10:09:05', '2023-05-13 10:09:05', NULL),
(365, 'CHOQUE ALEJANDRO SIMION', NULL, 'S/N', 'COOPERATIVA MINERA POOPO R.L.', '3556045', NULL, 'Activo', NULL, '2023-05-13 10:09:43', '2023-05-13 10:09:43', NULL),
(366, 'CHOQUE ARIZACA MARIO', NULL, 'S/N', 'COOPERATIVA MINERA POOPO R.L.', '3529606', NULL, 'Activo', NULL, '2023-05-13 10:10:24', '2023-05-13 10:10:24', NULL),
(367, 'CHOQUE CANAZA CRISTHIAN JOEL', NULL, 'S/N', 'COOPERATIVA MINERA POOPO R.L.', '8277114', NULL, 'Activo', NULL, '2023-05-13 10:11:06', '2023-05-13 10:11:06', NULL),
(368, 'CHOQUE CAPURATA ARIEL', NULL, 'S/N', 'COOPERATIVA MINERA POOPO R.L.', '7411252', NULL, 'Activo', NULL, '2023-05-13 10:11:45', '2023-05-13 10:11:45', NULL),
(369, 'CHOQUE CAPURATA IVER', NULL, 'S/N', 'COOPERATIVA MINERA POOPO R.L.', '7413465', NULL, 'Activo', NULL, '2023-05-13 10:12:28', '2023-05-13 10:12:28', NULL),
(370, 'CHOQUE CAPURATA JAVIER', NULL, 'S/N', 'COOPERATIVA MINERA POOPO R.L.', '7406998', NULL, 'Activo', NULL, '2023-05-13 10:13:08', '2023-05-13 10:13:08', NULL),
(371, 'CHOQUE CHOQUE FELIX ANTELO', NULL, 'S/N', 'COOPERATIVA MINERA POOPO R.L.', '4058987', NULL, 'Activo', NULL, '2023-05-13 10:13:51', '2023-05-13 10:13:51', NULL),
(372, 'CHOQUE CONDORI SIPRIAN', NULL, 'S/N', 'COOPERATIVA MINERA POOPO R.L.', '7398931', NULL, 'Activo', NULL, '2023-05-13 10:14:29', '2023-05-13 10:14:29', NULL),
(373, 'CHOQUE ESCOBAR JUAN MANUEL', NULL, 'S/N', 'COOPERATIVA MINERA POOPO R.L.', '7407703', NULL, 'Activo', NULL, '2023-05-13 10:15:11', '2023-05-13 10:15:11', NULL),
(374, 'CHOQUE FERNANDEZ ELISEO', NULL, 'S/N', 'COOPERATIVA MINERA POOPO R.L.', '3051720', NULL, 'Activo', NULL, '2023-05-13 10:15:45', '2023-05-13 10:15:45', NULL),
(375, 'CHOQUE GUTIERREZ ROXANA', NULL, 'S/N', 'COOPERATIVA MINERA POOPO R.L.', '5766594', NULL, 'Inactivo', NULL, '2023-05-13 10:16:16', '2024-09-05 23:17:33', NULL),
(376, 'CHOQUE LIMA ABELINO', NULL, 'S/N', 'COOPERATIVA MINERA POOPO R.L.', '3504505', NULL, 'Activo', NULL, '2023-05-13 10:16:45', '2023-05-13 10:16:45', NULL),
(377, 'CHOQUE LOPEZ ALVARO', NULL, 'S/N', 'COOPERATIVA MINERA POOPO R.L.', '7407754', NULL, 'Activo', NULL, '2023-05-13 10:17:17', '2023-05-13 10:17:17', NULL),
(378, 'CHOQUE LOPEZ DIEGO ALVARO', NULL, 'S/N', 'COOPERATIVA MINERA POOPO R.L.', '7346196', NULL, 'Activo', NULL, '2023-05-13 10:17:55', '2023-05-13 10:17:55', NULL),
(379, 'CHOQUE LOPEZ MARTIN', NULL, 'S/N', 'COOPERATIVA MINERA POOPO R.L.', '3113533', NULL, 'Activo', NULL, '2023-05-13 10:18:26', '2023-05-13 10:18:26', NULL),
(380, 'CHOQUE NUÑEZ MARIO', NULL, 'S/N', 'COOPERATIVA MINERA POOPO R.L.', '4067341', NULL, 'Activo', NULL, '2023-05-13 10:18:56', '2023-05-13 10:18:56', NULL),
(381, 'CHOQUE PADILLA ALDO JOEL', NULL, 'S/N', 'COOPERATIVA MINERA POOPO R.L.', '7310097', NULL, 'Activo', NULL, '2023-05-13 10:19:30', '2025-04-21 13:04:56', NULL),
(382, 'CHOQUE QUISPE MARIA', NULL, 'S/N', 'COOPERATIVA MINERA POOPO R.L.', '3100102', NULL, 'Activo', NULL, '2023-05-13 10:20:07', '2023-05-13 10:20:07', NULL),
(383, 'CHOQUE QUISPE FILIBERTO', NULL, 'S/N', 'COOPERATIVA MINERA POOPO R.L.', '2303885', NULL, 'Activo', NULL, '2023-05-13 10:20:42', '2023-05-13 10:20:42', NULL),
(384, 'CHOQUE QUISPE PAULINO', NULL, 'S/N', 'COOPERATIVA MINERA POOPO R.L.', '2722623', NULL, 'Activo', NULL, '2023-05-13 10:21:16', '2023-05-13 10:21:16', NULL),
(385, 'QUISPE SANTOS GREGORIO', NULL, 'S/N', 'COOPERATIVA MINERA POOPO R.L.', '3539116', NULL, 'Activo', NULL, '2023-05-13 10:21:49', '2023-05-13 10:21:49', NULL),
(386, 'CHOQUE SANTOS JOSE LUIS', NULL, 'S/N', 'COOPERATIVA MINERA POOPO R.L.', '7296268', NULL, 'Activo', NULL, '2023-05-13 10:22:24', '2023-05-13 10:22:24', NULL),
(387, 'CHOQUE SANTOS OSCAR', NULL, 'S/N', 'COOPERATIVA MINERA POOPO R.L.', '4066519', NULL, 'Activo', NULL, '2023-05-13 10:22:56', '2023-05-13 10:22:56', NULL),
(388, 'CHOQUE TAQUICHIRI ELOY MARCO', NULL, 'S/N', 'COOPERATIVA MINERA POOPO R.L.', '5766327', NULL, 'Activo', NULL, '2023-05-13 10:23:34', '2023-05-13 10:23:34', NULL),
(389, 'CHOQUE TAQUICHIRI IVER', NULL, 'S/N', 'COOPERATIVA MINERA POOPO R.L.', '4053967', NULL, 'Activo', NULL, '2023-05-13 10:24:13', '2023-05-13 10:24:13', NULL),
(390, 'CHOQUE ZENTENO EMERSON ROBERTO', NULL, 'S/N', 'COOPERATIVA MINERA POOPO R.L.', '7348772', NULL, 'Activo', NULL, '2023-05-13 10:25:16', '2023-05-13 10:25:16', NULL),
(391, 'CHOQUECALLATA CHOQUE NELSON', NULL, 'S/N', 'COOPERATIVA MINERA POOPO R.L.', '7338010', NULL, 'Activo', NULL, '2023-05-13 10:26:24', '2023-05-13 10:26:24', NULL),
(392, 'CHOQUECALLATA CRUZ WILDER RUBEN', NULL, 'S/N', 'COOPERATIVA MINERA POOPO R.L.', '3547883', NULL, 'Activo', NULL, '2023-05-13 10:27:27', '2023-05-13 10:27:27', NULL),
(393, 'CHOQUECALLATA VICENTE RENE', NULL, 'S/N', 'COOPERATIVA MINERA POOPO R.L.', 'S/N', NULL, 'Activo', NULL, '2023-05-13 10:28:19', '2023-05-13 10:28:19', NULL),
(394, 'CHOQUECALLATA VICENTE MICHAEL', NULL, 'S/N', 'COOPERATIVA MINERA POOPO R.L.', 'S/N', NULL, 'Activo', NULL, '2023-05-13 10:28:56', '2023-05-13 10:28:56', NULL),
(395, 'CHOQUETOPA RAFAEL FLORENCIO ANDRES', NULL, 'S/N', 'COOPERATIVA MINERA POOPO R.L.', '7350139', NULL, 'Activo', NULL, '2023-05-13 10:29:45', '2023-05-13 10:29:45', NULL),
(396, 'CHUI QUISPE GREGORIO', NULL, 'S/N', 'COOPERATIVA MINERA POOPO R.L.', '2140767', NULL, 'Activo', NULL, '2023-05-13 10:30:24', '2023-05-13 10:30:24', NULL),
(397, 'COA AVIZA EDWIN', NULL, 'S/N', 'COOPERATIVA MINERA POOPO R.L.', '3506471', NULL, 'Activo', NULL, '2023-05-13 10:31:09', '2023-05-13 10:31:09', NULL),
(398, 'COA AVIZA JUAN CARLOS', NULL, 'S/N', 'COOPERATIVA MINERA POOPO R.L.', '7340841', NULL, 'Activo', NULL, '2023-05-13 10:31:43', '2023-05-13 10:31:43', NULL),
(399, 'COA AVIZA MIGUEL ANGEL', NULL, 'S/N', 'COOPERATIVA MINERA POOPO R.L.', '7361080', NULL, 'Activo', NULL, '2023-05-13 10:32:24', '2023-05-13 10:32:24', NULL),
(400, 'COA CAMATA BASILIO', NULL, 'S/N', 'COOPERATIVA MINERA POOPO R.L.', '1344517', NULL, 'Activo', NULL, '2023-05-13 10:32:59', '2023-05-13 10:32:59', NULL),
(401, 'COA REYNAGA CESAR MAGNO', NULL, 'S/N', 'COOPERATIVA MINERA POOPO R.L.', '6704514', NULL, 'Activo', NULL, '2023-05-13 10:33:45', '2023-05-13 10:33:45', NULL),
(402, 'COA REYNAGA HUGO DIETER', NULL, 'S/N', 'COOPERATIVA MINERA POOPO R.L.', '5767604', NULL, 'Activo', NULL, '2023-05-13 10:34:28', '2023-05-13 10:34:28', NULL),
(403, 'COA REYNAGA LIMBER', NULL, 'S/N', 'COOPERATIVA MINERA POOPO R.L.', '12718691', NULL, 'Activo', NULL, '2023-05-13 10:35:12', '2023-05-13 10:35:12', NULL),
(404, 'COLLAVI PATZI HENRRY', NULL, 'S/N', 'COOPERATIVA MINERA POOPO R.L.', '6494328', NULL, 'Activo', NULL, '2023-05-13 10:36:19', '2025-04-02 14:03:33', NULL),
(405, 'COLLORANA LIMA LUIS MIGUEL', NULL, 'S/N', 'COOPERATIVA MINERA POOPO R.L.', '5762627', NULL, 'Activo', NULL, '2023-05-13 10:36:53', '2023-05-13 10:36:53', NULL),
(406, 'COLLORANA POMA EMILIO', NULL, 'S/N', 'COOPERATIVA MINERA POOPO R.L.', '3072745', NULL, 'Activo', NULL, '2023-05-13 10:37:24', '2023-05-13 10:37:24', NULL),
(407, 'COLLORNA LIMA ROBERTO', NULL, 'S/N', 'COOPERATIVA MINERA POOPO R.L.', 'S/N', NULL, 'Activo', NULL, '2023-05-13 10:38:04', '2023-05-13 10:38:04', NULL),
(408, 'COLQUE CHOQUE ROMAN', NULL, 'S/N', 'COOPERATIVA MINERA POOPO R.L.', 'S/N', NULL, 'Activo', NULL, '2023-05-13 10:38:36', '2023-05-13 10:38:36', NULL),
(409, 'COLQUE FERNANDEZ EDWIN', NULL, 'S/N', 'COOPERATIVA MINERA POOPO R.L.', '5731054', NULL, 'Activo', NULL, '2023-05-13 10:39:12', '2023-05-13 10:39:12', NULL),
(410, 'CONDORI ANCASI FULGENCIO', NULL, 'S/N', 'COOPERATIVA MINERA POOPO R.L.', '4060758', NULL, 'Activo', NULL, '2023-05-13 10:39:48', '2023-05-13 10:39:48', NULL),
(411, 'CONDORI ARUQUIPA DANIEL', NULL, 'S/N', 'COOPERATIVA MINERA POOPO R.L.', 'S/N', NULL, 'Activo', NULL, '2023-05-13 10:40:17', '2023-05-13 10:40:17', NULL),
(412, 'CONDORI ASTETE ECTOR', NULL, 'S/N', 'COOPERATIVA MINERA POOPO R.L.', '12590982', NULL, 'Activo', NULL, '2023-05-13 10:40:55', '2023-05-13 10:40:55', NULL),
(413, 'CONDORI ASTETE JULIO CESAR', NULL, 'S/N', 'COOPERATIVA MINERA POOPO R.L.', '7406664', NULL, 'Activo', NULL, '2023-05-13 10:41:28', '2023-05-13 10:41:28', NULL),
(414, 'CONDORI CALLAPA GARY JOEL', NULL, 'S/N', 'COOPERATIVA MINERA POOPO R.L.', '12581274', NULL, 'Activo', NULL, '2023-05-13 10:42:02', '2023-05-13 10:42:02', NULL),
(415, 'CONDORI CALLAPA JHONATAN', NULL, 'S/N', 'COOPERATIVA MINERA POOPO R.L.', 'S/N', NULL, 'Activo', NULL, '2023-05-13 10:42:38', '2023-05-13 10:42:38', NULL),
(416, 'CONDORI CHOQUE FLORIAN', NULL, 'S/N', 'COOPERATIVA MINERA POOPO R.L.', '4398944', NULL, 'Activo', NULL, '2023-05-13 10:43:12', '2023-05-13 10:43:12', NULL),
(417, 'CONDORI CHOQUE JULIO', NULL, 'S/N', 'COOPERATIVA MINERA POOPO R.L.', '3619022', NULL, 'Activo', NULL, '2023-05-13 10:43:45', '2023-05-13 10:43:45', NULL),
(418, 'CONDORI FLORES EUFRACIO', NULL, 'S/N', 'COOPERATIVA MINERA POOPO R.L.', '3549448', NULL, 'Activo', NULL, '2023-05-13 10:54:35', '2023-05-13 10:54:35', NULL),
(419, 'CONDORI LEON OSCAR MARCELO', NULL, 'S/N', 'COOPERATIVA MINERA POOPO R.L.', '6837435', NULL, 'Activo', NULL, '2023-05-13 10:55:12', '2023-05-13 10:55:41', NULL),
(420, 'CONDORI QUISPE DAVID', NULL, 'S/N', 'COOPERATIVA MINERA POOPO R.L.', '5284605', NULL, 'Activo', NULL, '2023-05-13 10:56:20', '2023-05-13 10:56:20', NULL),
(421, 'CONDORI TOMAS MILTON', NULL, 'S/N', 'COOPERATIVA MINERA POOPO R.L.', '6006132', NULL, 'Activo', NULL, '2023-05-13 10:56:56', '2023-05-13 10:56:56', NULL),
(422, 'CONDORI TOMAS EDWIN SILDER', NULL, 'S/N', 'COOPERATIVA MINERA POOPO R.L.', 'S/N', NULL, 'Activo', NULL, '2023-05-13 10:57:23', '2023-05-13 10:57:23', NULL),
(423, 'CONDORI YAÑEZ EDGAR', NULL, 'S/N', 'COOPERATIVA MINERA POOPO R.L.', '7342588', NULL, 'Activo', NULL, '2023-05-13 10:57:57', '2023-05-13 10:58:26', NULL),
(424, 'CONDORI YAÑEZ EMILIO', NULL, 'S/N', 'COOPERATIVA MINERA POOPO R.L.', '5768525', NULL, 'Activo', NULL, '2023-05-13 10:59:00', '2023-05-13 10:59:00', NULL),
(425, 'CORDOVA VILLCA JHONNY GONZALO', NULL, 'S/N', 'COOPERATIVA MINERA POOPO R.L.', '7410847', NULL, 'Activo', NULL, '2023-05-13 10:59:38', '2023-05-13 10:59:38', NULL),
(426, 'CORTEZ CHOQUE CESAR', NULL, 'S/N', 'COOPERATIVA MINERA POOPO R.L.', '7370471', NULL, 'Activo', NULL, '2023-05-13 11:00:28', '2023-05-13 11:00:28', NULL),
(427, 'CRUZ CHURATA FELIX', NULL, 'S/N', 'COOPERATIVA MINERA POOPO R.L.', '7865251', NULL, 'Activo', NULL, '2023-05-13 11:01:05', '2023-05-13 11:01:05', NULL),
(428, 'CRUZ CUELLAR FREDDY', NULL, 'S/N', 'COOPERATIVA MINERA POOPO R.L.', '3113742', NULL, 'Activo', NULL, '2023-05-13 11:01:36', '2023-05-13 11:01:36', NULL),
(429, 'CRUZ OYOLA BENJO JACINTO', NULL, 'S/N', 'COOPERATIVA MINERA POOPO R.L.', 'S/N', NULL, 'Activo', NULL, '2023-05-13 11:02:09', '2023-05-13 11:02:09', NULL),
(430, 'CRUZ ZENTENO JOSE ANDRES', NULL, 'S/N', 'COOPERATIVA MINERA POOPO R.L.', 'S/N', NULL, 'Activo', NULL, '2023-05-13 11:02:39', '2023-05-13 11:02:39', NULL),
(431, 'DIAZ GONZALES LUIS FERNANDO', NULL, 'S/N', 'COOPERATIVA MINERA POOPO R.L.', 'S/N', NULL, 'Activo', NULL, '2023-05-13 11:03:20', '2023-05-13 11:03:20', NULL),
(432, 'DIAZ POMA PASCUAL SEGUNDINO', NULL, 'S/N', 'COOPERATIVA MINERA POOPO R.L.', '9421191', NULL, 'Activo', NULL, '2023-05-13 11:04:07', '2023-05-13 11:04:07', NULL),
(433, 'DIAS SOLIZ JOSE LUIS', NULL, 'S/N', 'COOPERATIVA MINERA POOPO R.L.', '5200995', NULL, 'Activo', NULL, '2023-05-13 11:04:45', '2023-05-13 11:04:45', NULL),
(434, 'ESCOBAR CUAQUIRA CECILIO', NULL, 'S/N', 'COOPERATIVA MINERA POOPO R.L.', 'S/N', NULL, 'Activo', NULL, '2023-05-13 11:05:17', '2023-05-13 11:05:17', NULL),
(435, 'ESCOBAR CUAQUIRA JUAN', NULL, 'S/N', 'COOPERATIVA MINERA POOPO R.L.', '3528351', NULL, 'Activo', NULL, '2023-05-13 11:08:18', '2023-05-13 11:08:18', NULL),
(436, 'ESCOBAR HUANACO VICENTE', NULL, 'S/N', 'COOPERATIVA MINERA POOPO R.L.', '5760637', NULL, 'Activo', NULL, '2023-05-13 11:08:50', '2023-05-13 11:08:50', NULL),
(437, 'ESCOBAR LOPEZ ARIEL', NULL, 'S/N', 'COOPERATIVA MINERA POOPO R.L.', '7414525', NULL, 'Activo', NULL, '2023-05-13 11:09:29', '2023-05-13 11:09:29', NULL),
(438, 'ESCOBAR MAGNE WILSON', NULL, 'S/N', 'COOPERATIVA MINERA POOPO R.L.', '4022698', NULL, 'Activo', NULL, '2023-05-13 11:10:05', '2023-05-13 11:10:05', NULL),
(439, 'ESCOBAR MAMANI ROBERTO', NULL, 'S/N', 'COOPERATIVA MINERA POOPO R.L.', '5159153', NULL, 'Activo', NULL, '2023-05-13 11:10:33', '2023-05-13 11:10:33', NULL),
(440, 'ESCOBAR PACHA GUIMER', NULL, 'S/N', 'COOPERATIVA MINERA POOPO R.L.', '8381947', NULL, 'Activo', NULL, '2023-05-13 11:11:07', '2023-05-13 11:11:07', NULL),
(441, 'ESCOBAR RODRIGUEZ RICHARD', NULL, 'S/N', 'COOPERATIVA MINERA POOPO R.L.', '7927104', NULL, 'Activo', NULL, '2023-05-13 11:11:40', '2023-05-13 11:11:40', NULL),
(442, 'ESCOBAR ZENTENO JHONN JORGE', NULL, 'S/N', 'COOPERATIVA MINERA POOPO R.L.', '7407695', NULL, 'Activo', NULL, '2023-05-13 11:12:20', '2023-05-13 11:12:20', NULL),
(443, 'ESCOBAR CRUZ JUAN ERIK', NULL, 'S/N', 'COOPERATIVA MINERA POOPO R.L.', 'S/N', NULL, 'Activo', NULL, '2023-05-13 11:12:55', '2023-05-13 11:12:55', NULL),
(444, 'EUGENIO QUISPE RUFINO', NULL, 'S/N', 'COOPERATIVA MINERA POOPO R.L.', '5069460', NULL, 'Activo', NULL, '2023-05-13 11:13:28', '2023-05-13 11:13:28', NULL),
(445, 'FAJARDO TILA MILTON', NULL, 'S/N', 'COOPERATIVA MINERA POOPO R.L', '8620504', NULL, 'Activo', NULL, '2023-05-13 11:14:09', '2023-05-13 11:14:09', NULL),
(446, 'FERNANDEZ ALVARADO MARCO ANTONIO', NULL, 'S/N', 'COOPERATIVA MINERA POOPO R.L.', '3534466', NULL, 'Activo', NULL, '2023-05-13 11:14:43', '2023-05-13 11:14:43', NULL),
(447, 'FERNANDEZ MAMANI DARIO', NULL, 'S/N', 'COOPERATIVA MINERA POOPO R.L.', '3087958', NULL, 'Activo', NULL, '2023-05-13 11:15:16', '2023-05-13 11:15:16', NULL),
(448, 'FERNANDEZ MAMANI VIRGILIO', NULL, 'S/N', 'COOPERATIVA MINERA POOPO R.L.', '7392895', NULL, 'Activo', NULL, '2023-05-13 11:15:49', '2023-05-13 11:15:49', NULL),
(449, 'FERNANDEZ RODRIGUEZ CRISTIAN JOSE', NULL, 'S/N', 'COOPERATIVA MINERA POOPO R.L.', '7391236', NULL, 'Activo', NULL, '2023-05-13 11:16:32', '2023-05-13 11:16:32', NULL),
(450, 'FLORES CALDERON GUILLERMO', NULL, 'S/N', 'COOPERATIVA MINERA POOPO R.L.', '3535949', NULL, 'Activo', NULL, '2023-05-13 11:17:06', '2023-05-13 11:17:06', NULL),
(451, 'FLORES COLQUE EDWIN', NULL, 'S/N', 'COOPERATIVA MINERA POOPO R.L.', '5723520', NULL, 'Activo', NULL, '2023-05-13 11:17:54', '2023-05-13 11:18:22', NULL),
(452, 'FLORES COLQUE RUDDY', NULL, 'S/N', 'COOPERATIVA MINERA POOPO R.L.', '7295952', NULL, 'Activo', NULL, '2023-05-13 11:19:08', '2023-05-13 11:19:08', NULL),
(453, 'FLORES FLORES SANTOS ALVARO', NULL, 'S/N', 'COOPERATIVA MINERA POOPO R.L.', '5758740', NULL, 'Activo', NULL, '2023-05-13 11:19:46', '2023-05-13 11:19:46', NULL),
(454, 'FLORES GONZALES FAUSTO', NULL, 'S/N', 'COOPERATIVA MINERA POOPO R.L.', '3522367', NULL, 'Activo', NULL, '2023-05-13 11:20:19', '2023-05-13 11:20:19', NULL),
(455, 'FLORES GUTIERREZ JUAN CARLOS', NULL, 'S/N', 'COOPERATIVA MINERA POOPO R.L.', '7343557', NULL, 'Activo', NULL, '2023-05-13 11:34:32', '2023-05-13 11:34:32', NULL),
(456, 'FLORES GUZMAN SANTOS', NULL, 'S/N', 'COOPERATIVA MINERA POOPO R.L.', '2760368-1F', NULL, 'Activo', NULL, '2023-05-13 11:35:16', '2023-05-13 11:35:16', NULL),
(457, 'FLORES GUZMAN VICTOR', NULL, 'S/N', 'COOPERATIVA MINERA POOPO R.L.', '5777250', NULL, 'Activo', NULL, '2023-05-13 11:35:45', '2023-05-13 11:35:45', NULL),
(458, 'FLORES LOPEZ ALEX', NULL, 'S/N', 'COOPERATIVA MINERA POOPO R.L.', '7310060', NULL, 'Activo', NULL, '2023-05-13 11:36:16', '2023-05-13 11:36:16', NULL),
(459, 'FLORES LOPEZ GABRIEL', NULL, 'S/N', 'COOPERATIVA MINERA POOPO R.L.', '5731059', NULL, 'Activo', NULL, '2023-05-13 11:36:48', '2023-05-13 11:36:48', NULL),
(460, 'FLORES LOPEZ RODOLFO', NULL, 'S/N', 'COOPERATIVA MINERA POOPO R.L.', '4058615', NULL, 'Activo', NULL, '2023-05-13 11:37:21', '2023-05-13 11:37:21', NULL),
(461, 'FLORES LOPEZ SILVIA', NULL, 'S/N', 'COOPERATIVA MINERA POOPO R.L.', 'S/N', NULL, 'Activo', NULL, '2023-05-13 11:37:44', '2023-05-13 11:37:44', NULL),
(462, 'FLORES MARCA JOSE LUIS', NULL, 'S/N', 'COOPERATIVA MINERA POOPO R.L.', '7362021', NULL, 'Activo', NULL, '2023-05-13 11:38:13', '2023-05-13 11:38:13', NULL),
(463, 'FLORES MAURICIO FRANCISCO', NULL, 'S/N', 'COOPERATIVA MINERA POOPO R.L.', '7398894', NULL, 'Activo', NULL, '2023-05-13 11:38:49', '2023-05-13 11:38:49', NULL),
(464, 'FLORES MUYURICO MOISES', NULL, 'S/N', 'COOPERATIVA MINERA POOPO R.L.', '10061919', NULL, 'Activo', NULL, '2023-05-13 11:39:32', '2023-05-13 11:39:32', NULL),
(465, 'FLORES ORTIZ ALFREDO', NULL, 'S/N', 'COOPERATIVA MINERA POOPO R.L.', '4062150', NULL, 'Activo', NULL, '2023-05-13 11:40:01', '2023-05-13 11:40:01', NULL),
(466, 'FLORES PATZI FABIAN', NULL, 'S/N', 'COOPERATIVA MINERA POOPO R.L.', '4051884', NULL, 'Activo', NULL, '2023-05-13 11:40:35', '2023-05-13 11:40:35', NULL),
(467, 'FLORES PATZI JOSE MANUEL', NULL, 'S/N', 'COOPERATIVA MINERA POOPO R.L.', '4067185', NULL, 'Activo', NULL, '2023-05-13 11:41:06', '2023-05-13 11:41:06', NULL),
(468, 'FLORES QUISPE ABEL', NULL, 'S/N', 'COOPERATIVA MINERA POOPO R.L.', '684013', NULL, 'Activo', NULL, '2023-05-13 11:41:37', '2024-11-27 17:23:17', NULL),
(469, 'GABRIEL ESTRADA JORGE LUIS', NULL, 'S/N', 'COOPERATIVA MINERA POOPO R.L.', '11070110', NULL, 'Activo', NULL, '2023-05-13 11:42:21', '2023-05-13 11:42:21', NULL),
(470, 'GARCIA CHOQUE VIDAL', NULL, 'S/N', 'COOPERATIVA MINERA POOPO R.L.', '7365153', NULL, 'Activo', NULL, '2023-05-13 11:42:53', '2023-05-13 11:42:53', NULL),
(471, 'GARCIA MAMANI FERMIN', NULL, 'S/N', 'COOPERATIVA MINERA POOPO R.L.', '7422792', NULL, 'Activo', NULL, '2023-05-13 11:43:29', '2023-05-13 11:43:29', NULL),
(472, 'GOMEZ CALIZAYA HERNAN', NULL, 'S/N', 'COOPERATIVA MINERA POOPO R.L.', '673874', NULL, 'Activo', NULL, '2023-05-13 11:44:02', '2023-05-13 11:44:02', NULL),
(473, 'GOMEZ CALIZYA JORGE FERNANDO', NULL, 'S/N', 'COOPERATIVA MINERA POOPO R.L.', '3076520', NULL, 'Activo', NULL, '2023-05-13 11:44:31', '2023-05-13 11:44:31', NULL),
(474, 'GOMEZ MUÑOZ HERNANDO', NULL, 'S/N', 'COOPERATIVA MINERA POOPO R.L.', '5725794', NULL, 'Activo', NULL, '2023-05-13 11:45:27', '2023-05-13 11:45:27', NULL),
(475, 'GOMEZ MUÑOZ JUAN MIGUEL', NULL, 'S/N', 'COOPERATIVA MINERA POOPO R.L.', '7361446', NULL, 'Activo', NULL, '2023-05-13 11:46:06', '2023-05-13 11:46:06', NULL),
(476, 'GOMEZ MUÑOZ ROMER BISMARK', NULL, 'S/N', 'COOPERATIVA MINERA POOPO R.L.', '7375043', NULL, 'Activo', NULL, '2023-05-13 11:46:56', '2023-05-13 11:46:56', NULL),
(477, 'GONZALES VALDIVIA RENE ANGEL', NULL, 'S/N', 'COOPERATIVA MINERA POOPO R.L.', '3554703', NULL, 'Activo', NULL, '2023-05-13 11:47:40', '2023-05-13 11:47:40', NULL),
(478, 'GONZALES BARRIOS ABDIAS', NULL, 'S/N', 'COOPERATIVA MINERA POOPO R.L.', '4064495', NULL, 'Activo', NULL, '2023-05-13 11:49:00', '2023-05-13 11:49:00', NULL),
(479, 'GONZALES BARRIOS ARTURO', NULL, 'S/N', 'COOPERATIVA MINERA POOPO R.L.', '5747705', NULL, 'Activo', NULL, '2023-05-13 11:49:28', '2023-05-13 11:49:28', NULL),
(480, 'GONZALES BARRIOS SAUL JUAN', NULL, 'S/N', 'COOPERATIVA MINERA POOPO R.L.', '5747704', NULL, 'Activo', NULL, '2023-05-13 11:50:01', '2023-05-13 11:50:01', NULL),
(481, 'GONZALES BOLAÑOS EDGAR EDWIN', NULL, 'S/N', 'COOPERATIVA MINERA POOPO R.L.', '4039746', NULL, 'Activo', NULL, '2023-05-13 11:50:39', '2023-05-13 11:50:39', NULL),
(482, 'GONZALES BOLAÑOS HELMER REYNALDO', NULL, 'S/N', 'COOPERATIVA MINERA POOPO R.L.', '5064476', NULL, 'Activo', NULL, '2023-05-13 11:51:23', '2023-05-13 11:51:23', NULL),
(483, 'GONZALES CANDI LORENZO', NULL, 'S/N', 'COOPERATIVA MINERA POOPO R.L.', '6569394', NULL, 'Activo', NULL, '2023-05-13 11:51:59', '2023-05-13 11:51:59', NULL),
(484, 'GONZALES LOPEZ ROLY ORLANDO', NULL, 'S/N', 'COOPERATIVA MINERA POOPO R.L.', 'S/N', NULL, 'Activo', NULL, '2023-05-13 11:52:40', '2023-05-13 11:52:40', NULL),
(485, 'GONZALES ROSALES ELIAS', NULL, 'S/N', 'COOPERATIVA MINERA POOPO R.L.', '6050354', NULL, 'Activo', NULL, '2023-05-13 11:53:16', '2023-05-13 11:53:16', NULL),
(486, 'GONZALES FLORES PAULINO', NULL, 'S/N', 'COOPERATIVA MINERA POOPO R.L.', 'S/N', NULL, 'Activo', NULL, '2023-05-13 11:53:42', '2023-05-13 11:53:42', NULL),
(487, 'GUTIERREZ MOROCHI LUIS', NULL, 'S/N', 'COOPERATIVA MINERA POOPO R.L.', '3079676', NULL, 'Activo', NULL, '2023-05-13 11:54:21', '2023-05-13 11:54:21', NULL),
(488, 'GUTIERREZ AJHUACHO FRANKLIN', NULL, 'S/N', 'COOPERATIVA MINERA POOPO R.L.', '7277941', NULL, 'Activo', NULL, '2023-05-13 11:57:00', '2023-05-13 11:57:00', NULL),
(489, 'GUTIERREZ ALEJANDRO WILSON GUSTAVO', NULL, 'S/N', 'COOPERATIVA MINERA POOPO R.L.', '7301292', NULL, 'Activo', NULL, '2023-05-13 11:57:38', '2023-05-13 11:57:38', NULL),
(490, 'GUTIERREZ CALLAPA VICTOR', NULL, 'S/N', 'COOPERATIVA MINERA POOPO R.L.', 'S/N', NULL, 'Activo', NULL, '2023-05-13 11:58:01', '2023-05-13 11:58:01', NULL),
(491, 'GUTIERREZ CARDENAS JHON JAIRO', NULL, 'S/N', 'COOPERATIVA MINERA POOPO R.L.', '7406792', NULL, 'Activo', NULL, '2023-05-13 11:58:27', '2023-05-13 11:58:27', NULL),
(492, 'GUTIERREZ CHECA REYNALDO', NULL, 'S/N', 'COOPERATIVA MINERA POOPO R.L.', '7273829', NULL, 'Activo', NULL, '2023-05-13 11:58:56', '2023-05-13 11:58:56', NULL),
(493, 'GUTIERREZ CHECA RICHARD', NULL, 'S/N', 'COOPERATIVA MINERA POOPO R.L.', '4078168', NULL, 'Activo', NULL, '2023-05-13 11:59:20', '2023-05-13 11:59:20', NULL),
(494, 'GUTIERREZ CHOQUE CRISTHIAN', NULL, 'S/N', 'COOPERATIVA MINERA POOPO R.L.', '7406789', NULL, 'Activo', NULL, '2023-05-13 11:59:58', '2023-05-13 11:59:58', NULL),
(495, 'GUTIERREZ CONDORI TEOFILO', NULL, 'S/N', 'COOPERATIVA MINERA POOPO R.L', '2767309', NULL, 'Activo', NULL, '2023-05-13 12:00:26', '2023-05-13 12:00:26', NULL),
(496, 'GUTIERREZ MAURICIO ELOY LUIS', NULL, 'S/N', 'COOPERATIVA MINERA POOPO R.L.', '7294511', NULL, 'Activo', NULL, '2023-05-13 12:00:55', '2023-05-13 12:00:55', NULL),
(497, 'GUTIERREZ MAURICIO MARCOS', NULL, 'S/N', 'COOPERATIVA MINERA POOPO R.L.', '7398899', NULL, 'Activo', NULL, '2023-05-13 12:01:37', '2023-05-13 12:01:37', NULL),
(498, 'GUTIERREZ MAUCIO MARTIN', NULL, 'S/N', 'COOPERATIVA MINERA POOPO R.L', 'S/N', NULL, 'Activo', NULL, '2023-05-13 12:02:04', '2023-05-13 12:02:04', NULL),
(499, 'GUTIERREZ QUISPE JOSUE DANIEL', NULL, 'S/N', 'COOPERATIVA MINERA POOPO R.L.', '4986125', NULL, 'Activo', NULL, '2023-05-13 12:02:39', '2023-05-13 12:02:39', NULL),
(500, 'GUTIERREZ QUISPE RONALD JOSE', NULL, 'S/N', 'COOPERATIVA MINERA POOPO R.L.', '7337201', NULL, 'Activo', NULL, '2023-05-13 12:03:15', '2023-05-13 12:03:15', NULL),
(501, 'GUTIERREZ SANTOS ALFREDO', NULL, 'S/N', 'COOPERATIVA MINERA POOPO R.L.', '5963706', NULL, 'Activo', NULL, '2023-05-13 12:03:40', '2023-05-13 12:03:40', NULL),
(502, 'GUTIERREZ SANTOS SERAFIN', NULL, 'S/N', 'COOPERATIVA MINERA POOPO R.L.', '7297515', NULL, 'Activo', NULL, '2023-05-13 12:04:09', '2023-05-13 12:04:09', NULL),
(503, 'GUTIERREZ VENTURA JUAN CARLOS', NULL, 'S/N', 'COOPERATIVA MINERA POOPO R.L.', '4067995', NULL, 'Activo', NULL, '2023-05-13 12:04:38', '2023-05-13 12:04:38', NULL),
(504, 'GUTIERREZ VENTURA MARCO ANTONIO', NULL, 'S/N', 'COOPERATIVA MINERA POOPO R.L.', '6346768', NULL, 'Activo', NULL, '2023-05-13 12:05:00', '2023-05-13 12:05:00', NULL),
(505, 'GUTIERREZ VENTURA RONALD', NULL, 'S/N', 'COOPERATIVA MINERA POOPO R.L.', '7345474', NULL, 'Activo', NULL, '2023-05-13 12:05:45', '2023-05-13 12:05:45', NULL),
(506, 'GUTIERREZ VENTURA SERGIO', NULL, 'S/N', 'COOPERATIVA MINERA POOPO R.L.', '4076862', NULL, 'Activo', NULL, '2023-05-13 12:06:13', '2023-05-13 12:06:13', NULL),
(507, 'GUTIERREZ VICENTE MARCIAL', NULL, 'S/N', 'COOPERATIVA MINERA POOPO R.L.', '3106008', NULL, 'Activo', NULL, '2023-05-13 12:06:38', '2023-05-13 12:06:38', NULL),
(508, 'GUTIERREZ VILLANUEVA VICENTE', NULL, 'S/N', 'COOPERATIVA MINERA POOPO R.L.', '5744361', NULL, 'Activo', NULL, '2023-05-13 12:07:04', '2023-05-13 12:07:04', NULL),
(509, 'GUTIERREZ VENTURA WILSON', NULL, 'S/N', 'COOPERATIVA MINERA POOPO R.L.', 'S/N', NULL, 'Activo', NULL, '2023-05-13 12:07:28', '2023-05-13 12:07:28', NULL),
(510, 'GUZMAN ORDONEZ VICENTE', NULL, 'S/N', 'COOPERATIVA MINERA POOPO R.L.', '4525114', NULL, 'Activo', NULL, '2023-05-13 12:07:54', '2023-05-13 12:07:54', NULL),
(511, 'HUALCA BENITO JULIO CESAR', NULL, 'S/N', 'COOPERATIVA MINERA POOPO R.L.', 'S/N', NULL, 'Activo', NULL, '2023-05-13 12:08:18', '2023-05-13 12:08:18', NULL),
(512, 'HUALCA CHUNGARA PASTOR', NULL, 'S/N', 'COOPERATIVA MINERA POOPO R.L.', 'S/N', NULL, 'Activo', NULL, '2023-05-13 12:08:39', '2023-05-13 12:08:39', NULL),
(513, 'HUANCA CONDORI ANGEL', NULL, 'S/N', 'COOPERATIVA MINERA POOPO R.L.', '3061408', NULL, 'Activo', NULL, '2023-05-13 12:09:08', '2023-05-13 12:09:08', NULL),
(514, 'HUANCA FLORES FLORENCIO', NULL, 'S/N', 'COOPERATIVA MINERA POOPO R.L.', '7378428', NULL, 'Activo', NULL, '2023-05-13 12:09:35', '2023-05-13 12:09:35', NULL),
(515, 'HUANCA ROMERO ALVARO MIGUEL', NULL, 'S/N', 'COOPERATIVA MINERA POOPO R.L.', '7377474', NULL, 'Activo', NULL, '2023-05-13 12:10:01', '2023-05-13 12:10:01', NULL),
(516, 'HUANCA SANTOS PEDRO', NULL, 'S/N', 'COOPERATIVA MINERA POOPO R.L.', '3550730', NULL, 'Activo', NULL, '2023-05-13 12:10:27', '2023-05-13 12:10:27', NULL),
(517, 'HUANCA SAUCIRI AGUSTINA', NULL, 'S/N', 'COOPERATIVA MINERA POOPO R.L.', '2767357', NULL, 'Activo', NULL, '2023-05-13 12:11:04', '2023-05-13 12:11:04', NULL),
(518, 'HUANCA SAUCIRI DIONICIO', NULL, 'S/N', 'COOPERATIVA MINERA POOPO R.L.', '5979254', NULL, 'Activo', NULL, '2023-05-13 12:11:28', '2023-05-13 12:11:28', NULL),
(519, 'HUANCA JUSTINO', NULL, 'S/N', 'COOPERATIVA MINERA POOPO R.L', 'S/N', NULL, 'Activo', NULL, '2023-05-13 12:11:59', '2023-05-13 12:11:59', NULL),
(520, 'HUARACHI CALDERON MARCELO', NULL, 'S/N', 'COOPERATIVA MINERA POOPO R.L', '4038266', NULL, 'Activo', NULL, '2023-05-13 12:12:26', '2023-05-13 12:12:26', NULL),
(521, 'HUARAYO AJHUACHO RICHARD ALEX', NULL, 'S/N', 'COOPERATIVA MINERA POOPO R.L.', '5736566', NULL, 'Activo', NULL, '2023-05-13 12:13:02', '2023-05-13 12:13:02', NULL),
(522, 'HUAYTA QUISPE FELIPE', NULL, 'S/N', 'COOPERATIVA MINERA POOPO R.L.', '3517849', NULL, 'Activo', NULL, '2023-05-13 12:13:34', '2023-05-13 12:13:34', NULL),
(523, 'HUAYTA QUISPE JORGE', NULL, 'S/N', 'COOPERATIVA MINERA POOPO R.L.', '7410849', NULL, 'Activo', NULL, '2023-05-13 12:14:00', '2023-05-13 12:14:00', NULL),
(524, 'HUAYTA QUISPE JUAN', NULL, 'S/N', 'COOPERATIVA MINERA POOPO R.L.', '4074583', NULL, 'Activo', NULL, '2023-05-13 12:14:26', '2023-05-13 12:14:26', NULL),
(525, 'HUMEREZ SEQUEIROS YERKO', NULL, 'S/N', 'COOPERATIVA MINERA POOPO R.L.', '7316165', NULL, 'Activo', NULL, '2023-05-13 12:15:05', '2023-05-13 12:15:05', NULL),
(526, 'HURTADO FLORES ROLANDO', NULL, 'S/N', 'COOPERATIVA MINERA POOPO R.L.', '4060379', NULL, 'Activo', NULL, '2023-05-13 12:15:30', '2023-05-13 12:15:30', NULL),
(527, 'HURTADO FLORES VIDAL ISAAC', NULL, 'S/N', 'COOPERATIVA MINERA POOPO R.L.', '2740234', NULL, 'Activo', NULL, '2023-05-13 12:15:55', '2023-05-13 12:15:55', NULL),
(528, 'HURTADO PEREZ CRISTIAN TERSO', NULL, 'S/N', 'COOPERATIVA MINERA POOPO R.L', 'S/N', NULL, 'Activo', NULL, '2023-05-13 12:16:22', '2023-05-13 12:16:22', NULL),
(529, 'HURTADO RAMOS ANGEL VIDAL', NULL, 'S/N', 'COOPERATIVA MINERA POOPO R.L', '7338152', NULL, 'Activo', NULL, '2023-05-13 12:16:46', '2023-05-13 12:16:46', NULL),
(530, 'HURTADO RAMOS BLADIMIR', NULL, 'S/N', 'COOPERATIVA MINERA POOPO R.L', 'S/N', NULL, 'Activo', NULL, '2023-05-13 12:17:12', '2023-05-13 12:17:12', NULL),
(531, 'ILLANES VELASCO ISRAEL SAUL', NULL, 'S/N', 'COOPERATIVA MINERA POOPO R.L.', '5812248', NULL, 'Activo', NULL, '2023-05-13 12:17:44', '2023-05-13 12:17:44', NULL),
(532, 'IRAHOLA CARRASCO ALEX ORLANDO', NULL, 'S/N', 'COOPERATIVA MINERA POOPO R.L.', '4058709', NULL, 'Activo', NULL, '2023-05-13 12:18:16', '2023-05-13 12:18:16', NULL),
(533, 'JACINTO NUÑEZ DAVID', NULL, 'S/N', 'COOPERATIVA MINERA POOPO R.L.', '3462089', NULL, 'Activo', NULL, '2023-05-13 12:18:49', '2023-05-13 12:18:49', NULL),
(534, 'JAHUIRA CHOQUE GREGORIO', NULL, 'S/N', 'COOPERATIVA MINERA POOPO R.L.', '8316268', NULL, 'Activo', NULL, '2023-05-13 12:19:35', '2023-05-13 12:19:35', NULL),
(535, 'JIMENEZ CONDE ROGER ALFREDO', NULL, 'S/N', 'COOPERATIVA MINERA POOPO R.L.', '7347976', NULL, 'Activo', NULL, '2023-05-13 12:20:17', '2023-05-13 12:20:17', NULL),
(536, 'JUAREZ MARTINEZ ARIEL', NULL, 'S/N', 'COOPERATIVA MINERA POOPO R.L.', 'S/N', NULL, 'Activo', NULL, '2023-05-13 12:20:41', '2023-05-13 12:20:41', NULL),
(537, 'LOGOS COLQUE CRISTIAN', NULL, 'S/N', 'COOPERATIVA MINERA POOPO R.L.', '7413839', NULL, 'Activo', NULL, '2023-05-13 12:21:06', '2023-05-13 12:21:06', NULL),
(538, 'LAURA NUÑEZ LUCIO PASTOR', NULL, 'S/N', 'COOPERATIVA MINERA POOPO R.L.', '3556887', NULL, 'Activo', NULL, '2023-05-13 12:21:32', '2023-05-13 12:21:32', NULL),
(539, 'LEON GUZMAN ALFREDO LUIS', NULL, 'S/N', 'COOPERATIVA MINERA POOPO R.L.', '4051342', NULL, 'Activo', NULL, '2023-05-13 12:21:58', '2023-05-13 12:21:58', NULL),
(540, 'LEON GUZMAN RENE', NULL, 'S/N', 'COOPERATIVA MINERA POOPO R.L.', '4022699', NULL, 'Activo', NULL, '2023-05-13 12:22:20', '2023-05-13 12:22:20', NULL),
(541, 'LEON GUZMAN TEOFILO', NULL, 'S/N', 'COOPERATIVA MINERA POOPO R.L.', '3051533', NULL, 'Activo', NULL, '2023-05-13 12:22:48', '2023-05-13 12:22:48', NULL),
(542, 'LEON MAMANI NICOLAS', NULL, 'S/N', 'COOPERATIVA MINERA POOPO R.L.', '2770517', NULL, 'Activo', NULL, '2023-05-13 12:23:11', '2023-05-13 12:23:11', NULL),
(543, 'LEON VICENTE ARIEL', NULL, 'S/N', 'COOPERATIVA MINERA POOPO R.L.', '9404478', NULL, 'Activo', NULL, '2023-05-13 12:23:38', '2023-05-13 12:23:38', NULL),
(544, 'LIA ASTETE ABEL', NULL, 'S/N', 'COOPERATIVA MINERA POOPO R.L.', '7378445', NULL, 'Activo', NULL, '2023-05-13 12:24:05', '2023-05-13 12:24:05', NULL),
(545, 'LIA ASTETE OMAR', NULL, 'S/N', 'COOPERATIVA MINERA POOPO R.L.', 'S/N', NULL, 'Activo', NULL, '2023-05-13 12:24:24', '2023-05-13 12:24:24', NULL),
(546, 'LIMA CLAVIJA JOSUE', NULL, 'S/N', 'COOPERATIVA MINERA POOPO R.L.', '4023075', NULL, 'Activo', NULL, '2023-05-13 12:24:49', '2023-05-13 12:24:49', NULL),
(547, 'LIMA LOPEZ CARLOS CLAUDIO', NULL, 'S/N', 'COOPERATIVA MINERA POOPO R.L.', '7263951', NULL, 'Activo', NULL, '2023-05-13 12:25:18', '2023-05-13 12:25:18', NULL),
(548, 'LIMA LOPEZ FELIX', NULL, 'S/N', 'COOPERATIVA MINERA POOPO R.L.', '5731074', NULL, 'Activo', NULL, '2023-05-13 12:25:39', '2023-05-13 12:25:39', NULL),
(549, 'LIMA LUNA NELSON SANTI', NULL, 'S/N', 'COOPERATIVA MINERA POOPO R.L', '7007724', NULL, 'Activo', NULL, '2023-05-13 12:26:17', '2023-05-13 12:26:17', NULL),
(550, 'CHECA GABRIEL', NULL, 'S/N', 'COOPERATIVA MINERA POOPO R.L.', '7273309', NULL, 'Activo', NULL, '2023-05-13 13:11:11', '2023-05-13 13:11:11', NULL),
(551, 'GUTIERREZ MAURO', NULL, 'S/N', 'COOPERATIVA MINERA POOPO R.L.', '5749537', NULL, 'Activo', NULL, '2023-05-13 13:11:49', '2023-05-13 13:11:49', NULL),
(552, 'LIMA PAREDES MANUEL', NULL, 'S/N', 'COOPERATIVA MINERA POOPO R.L.', '7330312', NULL, 'Activo', NULL, '2023-05-13 13:12:40', '2023-05-13 13:12:40', NULL),
(553, 'LIMA POMA HENNRY HERLAN', NULL, 'S/N', 'COOPERATIVA MINERA POOPO R.L.', 'S/N', NULL, 'Activo', NULL, '2023-05-13 13:13:09', '2023-05-13 13:13:09', NULL),
(554, 'LIMA QUIÑONES ALEX', NULL, 'S/N', 'COOPERATIVA MINERA POOPO R.L.', '7406768', NULL, 'Activo', NULL, '2023-05-13 13:13:37', '2023-05-13 13:13:37', NULL),
(555, 'LIMA VELASCO GUIMER ANTONIO', NULL, 'S/N', 'COOPERATIVA MINERA POOPO R.L.', '7395232', NULL, 'Activo', NULL, '2023-05-13 13:14:07', '2023-05-13 13:14:07', NULL),
(556, 'LIMA VELASCO WILSON MARCIAL', NULL, 'S/N', 'COOPERATIVA MINERA POOPO R.L.', '5731066', NULL, 'Activo', NULL, '2023-05-13 13:14:35', '2023-05-13 13:14:35', NULL),
(557, 'LIMA LOPEZ ANDRES', NULL, 'S/N', 'COOPERATIVA MINERA POOPO R.L.', 'S/N', NULL, 'Activo', NULL, '2023-05-13 13:15:01', '2023-05-13 13:15:01', NULL),
(558, 'LINARES CHOQUE JESUS ALBERTO', NULL, 'S/N', 'COOPERATIVA MINERA POOPO R.L.', '7389884', NULL, 'Activo', NULL, '2023-05-13 13:15:32', '2023-05-13 13:15:32', NULL),
(559, 'LINARES CHOQUE ROLANDO', NULL, 'S/N', 'COOPERATIVA MINERA POOPO R.L.', '4074560', NULL, 'Activo', NULL, '2023-05-13 13:15:58', '2023-05-13 13:15:58', NULL),
(560, 'LINARES CHOQUE ROMER', NULL, 'S/N', 'COOPERATIVA MINERA POOPO R.L.', '5761283', NULL, 'Activo', NULL, '2023-05-13 13:16:44', '2023-05-13 13:16:44', NULL),
(561, 'LINARES CHOQUE JUAN JOSE', NULL, 'S/N', 'COOPERATIVA MINERA POOPO R.L.', '5742619', NULL, 'Activo', NULL, '2023-05-13 13:17:14', '2023-05-13 13:17:14', NULL),
(562, 'LINARES CHOQUE MARCO ANTONIO', NULL, 'S/N', 'COOPERATIVA MINERA POOPO R.L.', '10643895', NULL, 'Activo', NULL, '2023-05-13 13:17:40', '2023-05-13 13:17:40', NULL),
(563, 'LOPEZ ESCOBAR JUAN CARLOS', NULL, 'S/N', 'COOPERATIVA MINERA POOPO R.L.', '7298539', NULL, 'Activo', NULL, '2023-05-13 13:18:08', '2023-05-13 13:18:08', NULL),
(564, 'LOPEZ AJHUACHO ANTONIO', NULL, 'S/N', 'COOPERATIVA MINERA POOPO R.L', '5762721', NULL, 'Activo', NULL, '2023-05-13 13:18:53', '2023-05-13 13:18:53', NULL),
(565, 'LOPEZ APAZA ANDRES', NULL, 'S/N', 'COOPERATIVA MINERA POOPO R.L.', '3509412', NULL, 'Activo', NULL, '2023-05-13 13:19:39', '2023-05-13 13:19:39', NULL),
(566, 'LOPEZ APAZA SANTIAGO', NULL, 'S/N', 'COOPERATIVA MINERA POOPO R.L.', '3525474', NULL, 'Activo', NULL, '2023-05-13 13:20:02', '2023-05-13 13:20:02', NULL),
(567, 'LOPEZ BELTRAN EDGAR', NULL, 'S/N', 'COOPERATIVA MINERA POOPO R.L.', '4067333', NULL, 'Activo', NULL, '2023-05-13 13:20:28', '2023-05-13 13:20:28', NULL),
(568, 'LOPEZ BELTRAN JAVIER', NULL, 'S/N', 'COOPERATIVA MINERA POOPO R.L.', '5731077', NULL, 'Activo', NULL, '2023-05-13 13:20:53', '2023-05-13 13:20:53', NULL),
(569, 'LOPEZ ECOS RAMON', NULL, 'S/N', 'COOPERATIVA MINERA POOPO R.L.', '4442078', NULL, 'Activo', NULL, '2023-05-13 13:21:21', '2023-05-13 13:21:21', NULL),
(570, 'LOPEZ FLORES ELMER', NULL, 'S/N', 'COOPERATIVA MINERA POOPO R.L.', '7292023', NULL, 'Activo', NULL, '2023-05-13 13:21:48', '2023-05-13 13:21:48', NULL),
(571, 'LOPEZ FLORES HECTOR', NULL, 'S/N', 'COOPERATIVA MINERA POOPO R.L.', '7414607', NULL, 'Activo', NULL, '2023-05-13 13:22:12', '2023-05-13 13:22:12', NULL),
(572, 'LOPEZ FLORES JOSE', NULL, 'S/N', 'COOPERATIVA MINERA POOPO R.L.', '5770279', NULL, 'Activo', NULL, '2023-05-13 13:22:39', '2023-05-13 13:22:39', NULL),
(573, 'LOPEZ FLORES OSCAR', NULL, 'S/N', 'COOPERATIVA MINERA POOPO R.L.', '4066254', NULL, 'Activo', NULL, '2023-05-13 13:23:01', '2023-05-13 13:23:01', NULL),
(574, 'LOPEZ GUZMAN ALEX', NULL, 'S/N', 'COOPERATIVA MINERA POOPO R.L.', '4056914', NULL, 'Activo', NULL, '2023-05-13 13:23:28', '2023-05-13 13:23:28', NULL),
(575, 'LOPEZ HUAYTA MARBEL', NULL, 'S/N', 'COOPERATIVA MINERA POOPO R.L.', '7420197', NULL, 'Activo', NULL, '2023-05-13 13:24:00', '2023-05-13 13:24:00', NULL),
(576, 'LOPEZ  MAMANI FELIX', NULL, 'S/N', 'COOPERATIVA MINERA POOPO R.L.', '5767559', NULL, 'Activo', NULL, '2023-05-13 13:24:37', '2023-05-13 13:24:37', NULL),
(577, 'LOPEZ PARI ABRAHAN', NULL, 'S/N', 'COOPERATIVA MINERA POOPO R.L.', '7406668', NULL, 'Activo', NULL, '2023-05-13 13:25:11', '2023-05-13 13:25:11', NULL),
(578, 'LOPEZ PARI BENJAMIN', NULL, 'S/N', 'COOPERATIVA MINERA POOPO R.L.', '7360858', NULL, 'Activo', NULL, '2023-05-13 13:25:35', '2023-05-13 13:25:35', NULL),
(579, 'LOPEZ PARI EDUARDO', NULL, 'S/N', 'COOPERATIVA MINERA POOPO R.L.', '4029916', NULL, 'Activo', NULL, '2023-05-13 13:25:59', '2023-05-13 13:25:59', NULL),
(580, 'LOPEZ PARI MATIAS JONAS', NULL, 'S/N', 'COOPERATIVA MINERA POOPO R.L.', '7310106', NULL, 'Activo', NULL, '2023-05-13 13:26:23', '2023-05-13 13:26:23', NULL),
(581, 'LOPEZ PARI SAMUEL', NULL, 'S/N', 'COOPERATIVA MINERA POOPO R.L.', '4078165', NULL, 'Activo', NULL, '2023-05-13 13:26:50', '2023-05-13 13:26:50', NULL),
(582, 'LOPEZ PARI TITO', NULL, 'S/N', 'COOPERATIVA MINERA POOPO R.L.', '5774954', NULL, 'Activo', NULL, '2023-05-13 13:27:22', '2023-05-13 13:27:22', NULL),
(583, 'LOPEZ PARI DAVID', NULL, 'S/N', 'COOPERATIVA MINERA POOPO R.L.', 'S/N', NULL, 'Activo', NULL, '2023-05-13 13:27:46', '2023-05-13 13:27:46', NULL),
(584, 'LOPEZ QUISPE JOSE', NULL, 'S/N', 'COOPERATIVA MINERA POOPO R.L.', '7310110', NULL, 'Activo', NULL, '2023-05-13 13:28:15', '2023-05-13 13:28:15', NULL),
(585, 'LOPEZ QUISPE JUAN', NULL, 'S/N', 'COOPERATIVA MINERA POOPO R.L.', '2667347', NULL, 'Activo', NULL, '2023-05-13 13:28:44', '2023-05-13 13:28:44', NULL),
(586, 'LOPEZ QUISPE NELSON', NULL, 'S/N', 'COOPERATIVA MINERA POOPO R.L.', '4022700', NULL, 'Activo', NULL, '2023-05-13 13:29:07', '2023-05-13 13:29:07', NULL),
(587, 'LOPEZ RAFAEL ALVARO', NULL, 'S/N', 'COOPERATIVA MINERA POOPO R.L.', '7295847', NULL, 'Activo', NULL, '2023-05-13 13:29:32', '2023-05-13 13:29:32', NULL),
(588, 'LOPEZ RAFAEL JUVENAL', NULL, 'S/N', 'COOPERATIVA MINERA POOPO R.L.', '5762441', NULL, 'Activo', NULL, '2023-05-13 13:29:58', '2023-05-13 13:29:58', NULL),
(589, 'LOPEZ RAFAEL WILY', NULL, 'S/N', 'COOPERATIVA MINERA POOPO R.L.', '5736492', NULL, 'Activo', NULL, '2023-05-13 13:30:32', '2023-05-13 13:30:32', NULL),
(590, 'LOPEZ RAMIREZ CIPRIAN', NULL, 'S/N', 'COOPERATIVA MINERA POOPO R.L.', '5746054', NULL, 'Activo', NULL, '2023-05-13 13:31:05', '2023-05-13 13:31:05', NULL),
(591, 'LOPEZ SOLANO JORGE', NULL, 'S/N', 'COOPERATIVA MINERA POOPO R.L.', '3061427', NULL, 'Activo', NULL, '2023-05-13 13:31:37', '2023-05-13 13:31:37', NULL),
(592, 'MACHACA APAZA CASTO', NULL, 'S/N', 'COOPERATIVA MINERA POOPO R.L.', 'S/N', NULL, 'Activo', NULL, '2023-05-13 13:32:02', '2023-05-13 13:32:02', NULL),
(593, 'MACHACA FLORES JHONATAN JOEL', NULL, 'S/N', 'COOPERATIVA MINERA POOPO R.L.', '7406669', NULL, 'Activo', NULL, '2023-05-13 13:32:34', '2023-05-13 13:32:34', NULL),
(594, 'MAMANI CALLE ORLANDO EDWIN', NULL, 'S/N', 'COOPERATIVA MINERA POOPO R.L.', '5060411', NULL, 'Activo', NULL, '2023-05-13 13:33:04', '2023-05-13 13:33:04', NULL),
(595, 'MAMANI CALLE GROVER ARMANDO', NULL, 'S/N', 'COOPERATIVA MINERA POOPO R.L.', 'S/N', NULL, 'Activo', NULL, '2023-05-13 13:33:29', '2023-05-13 13:33:29', NULL),
(596, 'MAMANI CHECA HENRRY', NULL, 'S/N', 'COOPERATIVA MINERA POOPO R.L.', '4055264', NULL, 'Activo', NULL, '2023-05-13 13:34:13', '2023-05-13 13:34:13', NULL),
(597, 'MAMANI GUTIERREZ JERSON', NULL, 'S/N', 'COOPERATIVA MINERA POOPO R.L.', 'S/N', NULL, 'Activo', NULL, '2023-05-13 13:34:36', '2023-05-13 13:34:36', NULL),
(598, 'MAMANI IBAÑEZ BENEDICTO', NULL, 'S/N', 'COOPERATIVA MINERA POOPO R.L.', 'S/N', NULL, 'Activo', NULL, '2023-05-13 13:35:06', '2023-05-13 13:35:06', NULL),
(599, 'MAMANI JANCO NAPOLEON', NULL, 'S/N', 'COOPERATIVA MINERA POOPO R.L.', 'S/N', NULL, 'Activo', NULL, '2023-05-13 13:35:37', '2023-05-13 13:35:37', NULL),
(600, 'MAMANI LLAVE FRANCISCO', NULL, 'S/N', 'COOPERATIVA MINERA POOPO R.L.', '2784368', NULL, 'Activo', NULL, '2023-05-13 13:36:11', '2023-05-13 13:36:11', NULL),
(601, 'MAMANI LOPEZ ERIK CRISTIAN', NULL, 'S/N', 'COOPERATIVA MINERA POOPO R.L.', '7297670', NULL, 'Activo', NULL, '2023-05-13 13:36:42', '2023-05-13 13:36:42', NULL),
(602, 'MAMANI LOPEZ NAPOLEON SANTIAGO', NULL, 'S/N', 'COOPERATIVA MINERA POOPO R.L.', '3504395', NULL, 'Activo', NULL, '2023-05-13 13:37:12', '2023-05-13 13:37:12', NULL),
(603, 'MAMANI NINA JOSE LUIS', NULL, 'S/N', 'COOPERATIVA MINERA POOPO R.L.', '7418200', NULL, 'Activo', NULL, '2023-05-13 13:37:35', '2023-05-13 13:37:35', NULL),
(604, 'MAMANI NINA EDWIN', NULL, 'S/N', 'COOPERATIVA MINERA POOPO R.L.', 'S/N', NULL, 'Activo', NULL, '2023-05-13 13:37:56', '2023-05-13 13:37:56', NULL),
(605, 'MAMANI QUINO PAULINO', NULL, 'S/N', 'COOPERATIVA MINERA POOPO R.L.', '4073185', NULL, 'Activo', NULL, '2023-05-13 13:38:21', '2023-05-13 13:38:21', NULL),
(606, 'MAMANI QUISPE EDGAR WILLAMS', NULL, '/N', 'COOPERATIVA MINERA POOPO R.L.', '3546369', NULL, 'Activo', NULL, '2023-05-13 13:38:49', '2023-05-13 13:38:49', NULL),
(607, 'MAMANI QUISPE HECTOR ARMANDO', NULL, 'S/N', 'COOPERATIVA MINERA POOPO R.L.', '4056544', NULL, 'Activo', NULL, '2023-05-13 13:39:20', '2023-05-13 13:39:20', NULL),
(608, 'MAMANI QUISPE LIMBER', NULL, 'S/N', 'COOPERATIVA MINERA POOPO R.L.', '5757179', NULL, 'Activo', NULL, '2023-05-13 13:40:19', '2023-05-13 13:40:19', NULL),
(609, 'MARAZA CHOQUE SEGUNDINO', NULL, 'S/N', 'COOPERATIVA MINERA POOPO R.L.', 'S/N', NULL, 'Activo', NULL, '2023-05-13 13:40:42', '2023-05-13 13:40:42', NULL),
(610, 'MARTINEZ AVIZA WILFREDO', NULL, 'S/N', 'COOPERATIVA MINERA POOPO R.L.', '3082085', NULL, 'Activo', NULL, '2023-05-13 13:41:17', '2023-05-13 13:41:17', NULL),
(611, 'MARTINEZ LOPEZ ENRIQUE', NULL, 'S/N', 'COOPERATIVA MINERA POOPO R.L.', 'S/N', NULL, 'Activo', NULL, '2023-05-13 13:41:46', '2023-05-13 13:41:46', NULL),
(612, 'MARTINEZ MARTINEZ SIMEON', NULL, 'S/N', 'COOPERATIVA MINERA POOPO R.L.', '7304025', NULL, 'Activo', NULL, '2023-05-13 13:42:19', '2023-05-13 13:42:19', NULL),
(613, 'MENDIETA QUISPE EDGAR FRANCO', NULL, 'S/N', 'COOPERATIVA MINERA POOPO R.L.', '7406656', NULL, 'Activo', NULL, '2023-05-13 13:42:50', '2023-05-13 13:42:50', NULL),
(614, 'MENDIETA QUISPE WILLAMS', NULL, 'S/N', 'COOPERATIVA MINERA POOPO R.L.', '7377035', NULL, 'Activo', NULL, '2023-05-13 13:43:30', '2023-05-13 13:43:30', NULL),
(615, 'MENDIETA RAFAEL EDGAR', NULL, 'S/N', 'COOPERATIVA MINERA POOPO R.L.', 'S/N', NULL, 'Activo', NULL, '2023-05-13 13:43:55', '2023-05-13 13:43:55', NULL),
(616, 'MENDOZA APAZA RODOLFO', NULL, 'S/N', 'COOPERATIVA MINERA POOPO R.L.', '5726710', NULL, 'Activo', NULL, '2023-05-13 13:44:26', '2023-05-13 13:44:26', NULL),
(617, 'MENDOZA CONDORI MIGUEL', NULL, 'S/N', 'COOPERATIVA MINERA POOPO R.L.', '12519121', NULL, 'Activo', NULL, '2023-05-13 13:44:54', '2023-05-13 13:44:54', NULL),
(618, 'MERCADO MERCADO MELITON', NULL, 'S/N', 'COOPERATIVA MINERA POOPO R.L.', '2731755', NULL, 'Activo', NULL, '2023-05-13 13:45:19', '2023-05-13 13:45:19', NULL),
(619, 'MERIDA GOMEZ JOSE SANTIAGO', NULL, 'S/N', 'COOPERATIVA MINERA POOPO R.L.', 'S/N', NULL, 'Activo', NULL, '2023-05-13 13:45:47', '2023-05-13 13:45:47', NULL),
(620, 'MIRANDA HURTADO ROMA', NULL, 'S/N', 'COOPERATIVA MINERA POOPO R.L.', '2726898', NULL, 'Activo', NULL, '2023-05-13 13:46:14', '2023-05-13 13:46:14', NULL),
(621, 'MIRANDA TICACALA FRANCISCO', NULL, 'S/N', 'COOPERATIVA MINERA POOPO R.L.', '4051359', NULL, 'Activo', NULL, '2023-05-13 13:46:45', '2023-05-13 13:46:45', NULL),
(622, 'MONTERO CANAVIRI JHONATAN ISRAEL', NULL, 'S/N', 'COOPERATIVA MINERA POOPO R.L.', '7400695', NULL, 'Activo', NULL, '2023-05-13 13:47:22', '2023-05-13 13:47:22', NULL),
(623, 'MORALEZ ARIZACA CRISTIAN ALVARO', NULL, 'S/N', 'COOPERATIVA MINERA POOPO R.L.', '7407046', NULL, 'Activo', NULL, '2023-05-13 13:47:51', '2023-05-13 13:47:51', NULL),
(624, 'MORALES ARIZACA MIGUEL ANGEL', NULL, 'S/N', 'COOPERATIVA MINERA POOPO R.L.', '7406681', NULL, 'Activo', NULL, '2023-05-13 13:48:17', '2023-05-13 13:48:17', NULL),
(625, 'MORALES CRUZ RUBEN', NULL, 'S/N', 'COOPERATIVA MINERA POOPO R.L.', '3683608', NULL, 'Activo', NULL, '2023-05-13 13:48:42', '2023-05-13 13:48:42', NULL),
(626, 'MORENO GARZON JESUS JHONATAN', NULL, 'S/N', 'COOPERATIVA MINERA POOPO R.L.', 'S/N', NULL, 'Activo', NULL, '2023-05-13 13:49:26', '2023-05-13 13:49:26', NULL),
(627, 'MOROCHI CHOQUE CRESENCIA', NULL, 'S/N', 'COOPERATIVA MINERA POOPO R.L.', '4033177', NULL, 'Activo', NULL, '2023-05-13 13:49:55', '2023-05-13 13:49:55', NULL),
(628, 'MOROCHI CHOQUE ANDRES', NULL, 'S/N', 'COOPERATIVA MINERA POOPO R.L.', '2303904', NULL, 'Activo', NULL, '2023-05-13 13:50:17', '2023-05-13 13:50:17', NULL),
(629, 'MOROCHI VELASCO ROMEL ALVARO', NULL, 'S/N', 'COOPERATIVA MINERA POOPO R.L.', '5733236', NULL, 'Activo', NULL, '2023-05-13 13:50:48', '2023-05-13 13:50:48', NULL),
(630, 'MOROCHI VELASCO RONAL', NULL, 'S/N', 'COOPERATIVA MINERA POOPO R.L.', '4054400', NULL, 'Activo', NULL, '2023-05-13 13:51:17', '2023-05-13 13:51:17', NULL),
(631, 'MOYA RIVA MAMERTO', NULL, 'S/N', 'COOPERATIVA MINERA POOPO R.L.', '12399705', NULL, 'Activo', NULL, '2023-05-13 13:51:51', '2023-05-13 13:51:51', NULL),
(632, 'NINA CHACA DANIEL', NULL, 'S/N', 'COOPERATIVA MINERA POOPO R.L.', '630966', NULL, 'Activo', NULL, '2023-05-13 13:52:18', '2023-05-13 13:52:18', NULL),
(633, 'NINA CUIZARA JOSE LUCAS', NULL, 'S/N', 'COOPERATIVA MINERA POOPO R.L.', '8297862', NULL, 'Activo', NULL, '2023-05-13 13:52:44', '2023-05-13 13:52:44', NULL),
(634, 'NINA CUIZARA MARINA MAXIMA', NULL, 'S/N', 'COOPERATIVA MINERA POOPO R.L.', '6745922', NULL, 'Activo', NULL, '2023-05-13 13:53:13', '2023-05-13 13:53:13', NULL),
(635, 'QUISPE CHOQUE OSCAR', NULL, 'S/N', 'COOPERATIVA MINERA POOPO R.L.', '7310061', NULL, 'Activo', NULL, '2023-05-13 13:54:02', '2023-05-13 13:54:02', NULL),
(636, 'ROMERO ARIEL', NULL, 'S/N', 'COOPERATIVA MINERA POOPO R.L', 'S/N', NULL, 'Activo', NULL, '2023-05-13 13:54:33', '2023-05-13 13:54:33', NULL),
(637, 'RAFAEL JOSE LUIS', NULL, 'S/N', 'COOPERATIVA MINERA POOPO R.L.', '7406698', NULL, 'Activo', NULL, '2023-05-13 13:55:10', '2023-05-13 13:55:10', NULL),
(638, 'TERAN OSCAR', NULL, 'S/N', 'COOPERATIVA MINERA POOPO R.L.', '8790497', NULL, 'Activo', NULL, '2023-05-13 13:55:41', '2023-05-13 13:55:41', NULL),
(639, 'CHACHAHUAYNA ARISMENDI DAVID', NULL, 'S/N', 'COOPERATIVA MINERA POOPO R.L.', '4937786', NULL, 'Activo', NULL, '2023-05-13 13:56:41', '2023-05-13 13:56:41', NULL);
INSERT INTO `contratistas` (`id`, `nombre`, `telefono`, `celular`, `direccion`, `ci`, `fechaSocio`, `estado`, `user_id`, `created_at`, `updated_at`, `cuadrilla`) VALUES
(640, 'HURTADO RAMOS TEDY', NULL, 'S/N', 'COOPERATIVA MINERA POOPO R.L.', 'S/N', NULL, 'Activo', NULL, '2023-05-13 13:57:39', '2023-05-13 13:57:39', NULL),
(641, 'GONZALES ACERICO  AURELIO', NULL, '12', 'MULLU PUMCU', 'S/N', NULL, 'Activo', NULL, '2023-05-14 01:36:43', '2025-04-30 13:30:46', NULL),
(642, 'EDWIN POMA CHECO', NULL, '12', 'COOPERATIVA MINERA POOPO R.L.', 'S/N', NULL, 'Activo', NULL, '2023-05-14 03:16:55', '2024-06-26 09:38:18', NULL),
(643, 'ROBER MAMANI', NULL, '1', 'POOPO', 'S/N', NULL, 'Activo', NULL, '2023-05-14 04:22:53', '2023-05-14 04:22:53', NULL),
(644, 'COPA ELMER', NULL, 'POOPO', 'COOPERATIVA MINERA POOPO R.L.', 'S/N', NULL, 'Activo', NULL, '2023-05-15 00:00:04', '2023-05-15 00:00:04', NULL),
(645, 'NUÑEZ HUANCA ZENON', NULL, 'ET', 'COOPERATIVA MINERA POOPOR,L,', 'S/N', NULL, 'Activo', NULL, '2023-05-15 00:41:36', '2023-05-15 00:41:36', NULL),
(646, 'CHOQUE GREGORIO', NULL, '235', 'COOPERATIVA MINERA POOPO R.L.', '4', NULL, 'Activo', NULL, '2023-05-15 01:55:49', '2023-05-15 01:55:49', NULL),
(647, 'HERNAN HUANCA', NULL, '0', '0', '3550531', NULL, 'Activo', NULL, '2023-05-15 14:23:13', '2023-05-15 14:23:13', NULL),
(648, 'POQUECHOQUE RAMIRO', NULL, '154', 'POOPO', '125/8', NULL, 'Activo', NULL, '2023-06-19 01:03:19', '2023-06-19 01:03:19', NULL),
(649, 'SOLIZ YAMIL', NULL, '2 DE MAYO', 'POOPO', '466', NULL, 'Activo', NULL, '2023-06-19 23:42:14', '2023-06-19 23:42:14', NULL),
(650, 'JAVIER VIZARRO SANTOS', NULL, '75703882', 'Poopo', '6784536', NULL, 'Activo', NULL, '2023-10-05 12:55:24', '2023-10-05 12:55:24', NULL),
(651, 'RONALD HUANCA ROMERO', NULL, '62768589', 'POOPO', '7377473', NULL, 'Activo', NULL, '2023-10-19 00:53:39', '2023-10-19 00:53:39', NULL),
(652, 'CALLAPA MACHACA EFREN', NULL, '23', 'VILLA POOPO', '3511678', NULL, 'Activo', NULL, '2023-10-25 09:14:55', '2023-10-25 09:15:59', NULL),
(653, 'CHINCHE CHIRILLA ZENON', NULL, '63656378', 'POOPO', '3511181', NULL, 'Activo', NULL, '2023-10-25 12:51:11', '2023-10-27 06:56:44', NULL),
(654, 'VENTURA POLICARPIO', NULL, '72460846', 'POOPO', '6271100', NULL, 'Activo', NULL, '2023-11-04 09:58:43', '2023-11-04 09:58:43', NULL),
(655, 'ARIEL  GENARO ARIVIRI MAMANI', NULL, 'S/N', 'POOPO', '7264451', NULL, 'Activo', NULL, '2023-11-27 11:28:37', '2023-11-27 11:28:37', NULL),
(656, 'TORREZ CHOQUE DEMETRIO', NULL, '72357448', 'POOPO', '7303831', NULL, 'Activo', NULL, '2023-12-14 11:03:23', '2023-12-22 15:12:58', NULL),
(657, 'RAFAEL MARTINEZ LUIS', NULL, '1234', 'VILLA POOPO', '123345', NULL, 'Activo', NULL, '2024-02-05 15:10:16', '2024-02-05 15:10:16', NULL),
(658, 'RONALD JACINTO LUTRE ZAMORANO', NULL, '73317255', 'AGUA DE CASTILLA', '9418268', NULL, 'Activo', NULL, '2024-03-05 11:36:40', '2024-03-05 11:36:40', NULL),
(659, 'TORREZ MITMA FELIX', NULL, '7685778', 'CHALLAPACHETA', '67', NULL, 'Activo', NULL, '2024-03-11 14:37:28', '2024-03-11 14:37:28', NULL),
(660, 'PALLY PARIHUANCOLLO FRANZ', NULL, '74144987', 'Villa Poopo', '7377897', NULL, 'Activo', NULL, '2024-04-08 11:52:05', '2024-04-08 11:52:05', NULL),
(661, 'POMA CHECA EDWIN', NULL, '71206572', 'Villa Poopo', '5762119 Or', NULL, 'Activo', NULL, '2024-04-29 08:52:36', '2024-04-29 08:52:36', NULL),
(662, 'CHIARA YAPURA FELIX', NULL, 'S/N', 'S/D', 'S/N', NULL, 'Activo', NULL, '2024-05-20 10:48:14', '2024-05-20 10:48:14', NULL),
(663, 'BERNAL LLANOS G. FERNANDO', NULL, 'S/n', 'S/n', '6664042', NULL, 'Activo', NULL, '2024-05-23 08:59:42', '2024-05-23 08:59:42', NULL),
(664, 'ASTETE MARTINEZ MANUEL', NULL, '72456632', 'OBLITAS ENTRE MONTES DE OCA', '7391969', NULL, 'Activo', NULL, '2024-06-03 15:24:10', '2024-06-03 15:24:10', NULL),
(665, 'NUÑEZ JUAN CARLOS', NULL, '67214573', 'POTOSI ENTRE ORURO', '7407819', NULL, 'Activo', NULL, '2024-06-17 12:16:07', '2024-06-17 12:16:07', NULL),
(666, 'FERNANDEZ MOROCHI EFRAIN', NULL, '72303392', 'RODRIGUEZ', '5745435 OR.', NULL, 'Activo', NULL, '2024-06-19 11:03:48', '2024-06-19 11:03:48', NULL),
(667, 'CARATA TOLEDO WILBER', NULL, 'S/N', 'S/N', '7156140', NULL, 'Activo', NULL, '2024-06-28 11:43:23', '2024-06-28 11:43:23', NULL),
(668, 'TORREZ CHOQUE BILCHOR', NULL, '72318811', 'RESD.POOPO', '7262505 OR.', NULL, 'Activo', NULL, '2024-07-11 11:14:32', '2024-07-11 11:14:32', NULL),
(669, 'TORREZ MITMA FELIX', NULL, '63651281', 'RESD.POOPO', '571446', NULL, 'Activo', NULL, '2024-07-11 11:17:57', '2024-07-11 11:17:57', NULL),
(670, 'WILLIAM ESCOBAR MAGNE', NULL, 'S/N', 'OBLITAS FRONTANLLLA', '4078163', NULL, 'Activo', NULL, '2024-07-19 07:05:19', '2024-07-19 07:05:19', NULL),
(671, 'CHOQUECALLATA CRUZ LIMBERT', NULL, 'S/n', 'S/n', '7306120', NULL, 'Activo', NULL, '2024-08-02 12:27:21', '2024-08-02 12:27:21', NULL),
(672, 'MAMANI FERMANDEZ ROBERT', NULL, '68329865', 'CAMPERO ENTRE OBLITAS', '7421007 OR', NULL, 'Activo', NULL, '2024-08-19 11:57:07', '2024-08-19 11:57:07', NULL),
(673, 'LIZONDO ESPADA OLIVIO', NULL, '76154006', 'RESIDENCIA POOPO  FINAL POTOSI', '6716621', NULL, 'Activo', NULL, '2024-08-30 11:35:17', '2024-08-30 11:35:17', NULL),
(674, 'LOPEZ QUISPE CARLOS', NULL, '67253660', 'FRONTANILLA S/N ENTRE PAVON Y RODRIGUEZ', '7406927', NULL, 'Activo', NULL, '2024-09-13 10:42:01', '2024-09-13 10:42:01', NULL),
(676, 'VILLCA ZENTENO MARIO', NULL, '78530038', 'FINAL SUCRE', '4040471', NULL, 'Activo', NULL, '2024-09-20 14:47:25', '2024-09-20 14:47:25', NULL),
(677, 'TARQUI GUTIERREZ DAVID', NULL, 'S/N', 'ZONA PUEBLO RESD.POOPO', '7407662', NULL, 'Activo', NULL, '2024-09-25 18:43:45', '2024-09-25 18:43:45', NULL),
(678, 'TARQUI CHOQUEHUANCA DAVID', NULL, 'S/N', 'RESIDENCIA POOPO', '7407662', NULL, 'Activo', NULL, '2024-09-25 18:45:49', '2024-09-25 18:45:49', NULL),
(679, 'LOPEZ QUISPE FELICIANO', NULL, '63228507', 'SUCRE ESQUINA PAVON', '4056040 OR', NULL, 'Activo', NULL, '2024-09-26 09:46:39', '2024-09-26 09:46:39', NULL),
(680, 'VELA MAMANI SABINO', NULL, '71106450', 'MONTES DE OCA AGUA DE CASTILLA', '7330171 OR.', NULL, 'Activo', NULL, '2024-10-01 10:06:27', '2024-10-01 10:06:27', NULL),
(681, 'LOPEZ CONDORI DAVID', NULL, '72496192', 'INGAVI PAVON', '5761108', NULL, 'Activo', NULL, '2024-10-02 12:28:04', '2024-10-02 12:28:04', NULL),
(683, 'CHOQUE GUTIERREZ HERMOGENES', NULL, 'S/N', 'POTOSI ROGRIGUEZ', '689808 OR', NULL, 'Activo', NULL, '2024-10-04 09:46:48', '2024-10-04 09:46:48', NULL),
(684, 'CALIZAYA IGNACIO EDSON ALFREDO', NULL, '68308817', 'RES.POOPO', '7332917', NULL, 'Activo', NULL, '2024-10-07 16:25:01', '2024-10-07 16:25:01', NULL),
(685, 'VILLCA ZENTENO ZACARIAS VIDAL', NULL, 'S/N', 'URB.REYNOLS', '3517197', NULL, 'Activo', NULL, '2024-10-18 11:45:15', '2024-10-18 11:45:15', NULL),
(686, 'VICTOR ALFONSO CHOQUE ZAPATA', NULL, '72358118', 'S/N', '7295164', NULL, 'Activo', NULL, '2024-11-11 14:30:37', '2024-11-11 14:30:37', NULL),
(687, 'ROBERTO CARLOS USCAMAYTA  QUISPE', NULL, 'S/N', 'S/N', 'S/N', NULL, 'Activo', NULL, '2024-11-14 09:19:47', '2024-11-14 09:19:47', NULL),
(688, 'USCAMAYTA RAMOS CESAR HERNANDO', NULL, 'S/N', 'S/N', 'S/N', NULL, 'Activo', NULL, '2024-11-14 09:20:21', '2024-11-14 09:20:21', NULL),
(689, 'VALDES SOMOZA ANDRES FERNANDO', NULL, 'S/N', 'S/N', 'S/N', NULL, 'Activo', NULL, '2024-11-14 09:20:40', '2024-11-20 10:48:57', NULL),
(691, 'BENAVIDES NINA JUAN JOSE', NULL, '67216275', 'POTOSI', '7390640 OR.', NULL, 'Activo', NULL, '2024-11-21 15:50:29', '2024-11-21 15:51:07', NULL),
(692, 'LOPEZ QUILO JUAN ALEJANDRO', NULL, '73380706', 'AVENIDA AVAROA', '9778533', NULL, 'Activo', NULL, '2024-11-28 13:33:18', '2024-11-28 13:33:18', NULL),
(693, 'AJHUACHO CHOQUE FREDDY', NULL, '68240671', 'OBLITAS FRONTANILLA', '7406890', NULL, 'Activo', NULL, '2024-12-10 15:34:36', '2024-12-10 15:34:36', NULL),
(694, 'CHINCHE AJHUACHO GERSON HERBER', NULL, '62776157', 'RESIDENCIA POOPO', '7419580', NULL, 'Activo', NULL, '2024-12-18 15:38:08', '2024-12-18 15:38:36', NULL),
(695, 'CHAMBI FLORES ISAAC FRANCISCO', NULL, 'S/N', 'S/N', 'S/N', NULL, 'Activo', NULL, '2025-01-23 15:46:12', '2025-01-23 15:46:12', NULL),
(696, 'CALLAPA ALBERT ISRRAEL', NULL, '69586959', 'FINAL AVAROA', '7425247 OR.', NULL, 'Activo', NULL, '2025-01-27 15:16:16', '2025-01-27 15:16:16', NULL),
(697, 'LIMA POMA JULIAN WALDO', NULL, '63711355', 'INGAVI ENTRE RODRIGUEZ', '7406811', NULL, 'Activo', NULL, '2025-01-31 18:37:22', '2025-01-31 18:37:22', NULL),
(698, 'LIMA POMA MICHAEL', NULL, '74117935', 'INGAVI ENTRE RODRIGUEZ', '7407794', NULL, 'Activo', NULL, '2025-01-31 18:42:08', '2025-01-31 18:42:08', NULL),
(699, 'ANCALLE CHOQUE WILMER CARLOS', NULL, 'S/N', 'S/N', 'S/N', NULL, 'Activo', NULL, '2025-01-31 20:21:42', '2025-01-31 20:21:42', NULL),
(700, 'MACHACA FLORES JHOJAN ROGER', NULL, 'S/N', 'S/N', 'S/N', NULL, 'Activo', NULL, '2025-02-04 18:55:33', '2025-02-04 18:55:33', NULL),
(701, 'CANTUTA KANTUTA WILLY', NULL, 'S/N', 'S/N', '6890248', NULL, 'Activo', NULL, '2025-02-05 14:50:24', '2025-02-05 14:50:24', NULL),
(702, 'ACHO MARCANI JHOAN RAFAEL', NULL, '73316431', 'OBLITAS MONTES DE OCA', '8629296', NULL, 'Activo', NULL, '2025-02-24 14:05:04', '2025-02-24 14:05:04', NULL),
(703, 'ARANIVAR COCA EDSON', NULL, 'S/N', 'S/N', '7315137', NULL, 'Activo', NULL, '2025-02-24 19:19:41', '2025-02-24 19:19:41', NULL),
(704, 'HUANCA SANTOS HERNAN', NULL, '68308316', 'PAVON MONTES DE OCA', '3550731', NULL, 'Activo', NULL, '2025-03-10 15:56:45', '2025-03-10 15:56:45', NULL),
(705, 'MARTINEZ HUANIQUINA VLADIMIR', NULL, 'S/N', 'S/N', 'S/N', NULL, 'Activo', NULL, '2025-03-12 20:17:28', '2025-03-12 20:17:28', NULL),
(706, 'MARTINEZ FLORES JOSE JULIAN', NULL, 'S/N', 'S/N', 'S/N', NULL, 'Activo', NULL, '2025-03-12 20:18:41', '2025-03-12 20:18:41', NULL),
(707, 'SANCHEZ CESPEDES JAIME', NULL, '68308792', 'FINAL FRONTANILLA', '8581434  PT.', NULL, 'Activo', NULL, '2025-03-17 15:42:45', '2025-03-17 15:42:45', NULL),
(708, 'AYAVIRI QUISPE EDILBER', NULL, 'S/N', 'S/N', 'S/N', NULL, 'Activo', NULL, '2025-03-18 18:04:34', '2025-03-18 18:04:34', NULL),
(709, 'QUISPE CHOQUE ALEJANDRO', NULL, '73816676', 'AQGUA DE CASTILLA PAVON ENTRE SUCRE', '5066603', NULL, 'Activo', NULL, '2025-04-02 17:53:22', '2025-04-02 17:53:22', NULL),
(710, 'GUTIERREZ CHECA VICTOR DAVID', NULL, 'S/N', 'AVAROA  MONTES DE OCA Y SUCRE', '7407625', NULL, 'Activo', NULL, '2025-04-17 14:53:07', '2025-04-17 14:53:07', NULL),
(711, 'RAMIREZ RAFAEL RAUL TEODORO', NULL, 'S/N', 'FINAL POTOSI', '4045368', NULL, 'Activo', NULL, '2025-04-17 14:53:47', '2025-04-17 14:53:47', NULL),
(712, 'ALEJANDRO RAFAEL JOSSUE MILTON', NULL, 'S/N', 'RODRIGUEZ ENTRE SUCRE', '7406742', NULL, 'Activo', NULL, '2025-04-17 14:54:49', '2025-04-17 14:54:49', NULL),
(713, 'YAPURA JUSTINIANO RAY LEONARDO', NULL, 'S/N', 'FINAL POTOSI', '7764743-AV', NULL, 'Activo', NULL, '2025-04-17 14:55:35', '2025-04-17 14:55:35', NULL),
(714, 'GUTIERREZ CHECA REYNALDO', NULL, '68284719', 'AGUA DE CASTILLA', 'S/N', NULL, 'Activo', NULL, '2025-04-17 14:58:15', '2025-04-17 14:59:28', NULL),
(715, 'GUTIERREZ CHECA RICHARD', NULL, '68284719', 'FINAL AVAROA', 'S/N', NULL, 'Activo', NULL, '2025-04-17 14:58:59', '2025-04-17 14:58:59', NULL),
(716, 'MAIZANI FLORES ABEL RODRIGO', NULL, '68286322', 'OBLITAS POTOSI', '5741952', NULL, 'Activo', NULL, '2025-05-14 16:48:00', '2025-05-14 16:48:00', NULL),
(717, 'VENTURA MAMANI ALBERTO', NULL, 'S/N', 'PAVON Y MONTES DE OCA', 'S/N', NULL, 'Activo', NULL, '2025-05-19 14:58:10', '2025-05-19 14:58:10', NULL),
(718, 'VILLCA VENTURA ROGER', NULL, 'S/N', 'PAVON Y MONTES DE OCA', 'S/N', NULL, 'Activo', NULL, '2025-05-19 14:58:42', '2025-05-19 14:58:42', NULL),
(719, 'BOLAÑOS CALLE ALFREDO BASILIO', NULL, '75404964', 'FINAL OBLITAS', '4041973 OR', NULL, 'Activo', NULL, '2025-05-20 20:41:17', '2025-05-20 20:41:17', NULL),
(720, 'VENTURA RAFAEL JOSE MARIA', NULL, '68786067', 'CALLE BELZU  ENTRE ALAÑETA', '7455288', NULL, 'Activo', NULL, '2025-05-22 15:32:00', '2025-05-22 15:32:00', NULL),
(721, 'CASTRO SULLCA FABIER', NULL, 'S/N', 'S/N', 'S/N', NULL, 'Activo', NULL, '2025-05-23 18:52:45', '2025-05-23 18:52:45', NULL),
(722, 'GUTIERREZ CHOQUE JUAN CARLOS', NULL, 'S/N', 'S/N', 'S/N', NULL, 'Activo', NULL, '2025-05-26 15:43:16', '2025-05-26 15:43:16', NULL);

-- --------------------------------------------------------

--
-- Estructura de tabla para la tabla `drivers`
--

CREATE TABLE `drivers` (
  `id` bigint(20) UNSIGNED NOT NULL,
  `name` varchar(255) NOT NULL,
  `contacto` varchar(255) DEFAULT NULL,
  `telefono` varchar(255) DEFAULT NULL,
  `celular` varchar(255) DEFAULT NULL,
  `licencia` varchar(255) DEFAULT NULL,
  `created_at` timestamp NULL DEFAULT NULL,
  `updated_at` timestamp NULL DEFAULT NULL,
  `estado` varchar(255) DEFAULT 'Activo'
) ENGINE=InnoDB DEFAULT CHARSET=utf8mb4 COLLATE=utf8mb4_unicode_ci;

--
-- Volcado de datos para la tabla `drivers`
--

INSERT INTO `drivers` (`id`, `name`, `contacto`, `telefono`, `celular`, `licencia`, `created_at`, `updated_at`, `estado`) VALUES
(1, 'Neva Lueilwitz', 'Ms. Neoma Hintz', '1-351-645-0038', '+18482044121', 'Moses Wehner II', '2023-01-31 00:54:36', '2023-01-31 00:54:36', 'Activo'),
(11, 'ENMANUEL BASILIO', '1', NULL, '1', '7372858 OR.', '2023-04-03 00:55:51', '2023-05-14 02:54:34', 'Activo'),
(12, 'MARCO CHOQUE', '1', NULL, '72334386', '3534734 OR', '2023-04-03 00:56:26', '2023-11-18 14:51:50', 'Activo'),
(13, 'CESAR COA', '1', NULL, '1', '6704514 OR.', '2023-04-03 00:57:00', '2023-05-14 02:54:07', 'Activo'),
(14, 'WILSON PATZI', '4', NULL, '67235180', '7275451 OR', '2023-04-03 00:57:55', '2023-11-18 15:33:27', 'Activo'),
(15, 'JOSE LUIS BARRIOS', '5', NULL, '5', '8574131 PT', '2023-04-03 00:58:33', '2023-05-14 02:57:35', 'Activo'),
(16, 'ROBERTO TICACALA', '6', NULL, '6', '740770 OR.', '2023-04-03 00:59:09', '2023-05-14 02:55:31', 'Activo'),
(17, 'ARMANDO TICACALA', '7', NULL, '7', '72935540 OR.', '2023-04-03 00:59:51', '2023-05-14 02:53:44', 'Activo'),
(18, 'EMERSON CHOQUE', '8', NULL, '8', '7348772 OR', '2023-04-03 01:00:34', '2023-05-14 02:54:19', 'Activo'),
(19, 'RONALD HUANCA', '9', NULL, '9', '7377473 OR', '2023-04-03 01:01:13', '2023-05-14 02:55:53', 'Activo'),
(20, 'MARIO CALLE', '10', NULL, '10', '2763868 OR', '2023-04-03 01:01:59', '2023-05-14 02:56:25', 'Activo'),
(21, 'FRANZ CHIRILLA', '11', NULL, '11', '4055368 OR', '2023-04-03 01:04:31', '2023-05-14 02:54:49', 'Activo'),
(22, 'JULIAN CONDORI', '12', NULL, '71101924', '2756066 OR', '2023-04-03 01:05:05', '2023-11-18 15:27:06', 'Activo'),
(23, 'JIMMY CALDERON', '13', NULL, '13', '5906234-CBBA', '2023-04-03 01:05:50', '2023-10-11 07:49:48', 'Activo'),
(24, 'JAIME RAMOS', '14', NULL, '14', '3071098 OR', '2023-04-03 01:06:24', '2023-05-14 02:54:58', 'Activo'),
(25, 'EVARISTO PLATA', '72481537', NULL, '72481537', '3114874', '2023-04-03 01:07:05', '2024-07-31 11:03:53', 'Activo'),
(26, 'WALTER CHOQUE', '15', NULL, '15', '5062310-OR', '2023-04-03 01:07:44', '2023-04-03 01:07:44', 'Activo'),
(27, 'WILSON ESCOBAR', '16', NULL, '16', '4022698-OR', '2023-04-03 01:08:36', '2023-04-03 01:08:36', 'Activo'),
(28, 'JORGE ESCOBAR', '18', NULL, '18', '7467695-OR', '2023-04-03 01:10:25', '2023-04-03 01:10:25', 'Activo'),
(29, 'POLI VENTURA', '19', NULL, '19', '6271100-OR', '2023-04-03 01:11:19', '2023-04-03 01:11:19', 'Activo'),
(30, 'DAVID AGUAYO', '20', NULL, '72341327', '4049119-OR', '2023-04-03 01:12:00', '2023-11-18 15:34:26', 'Activo'),
(31, 'VICTOR USCAMAITA', '21', NULL, '21', '3110091-OR', '2023-04-03 01:12:42', '2024-09-11 11:42:49', 'Activo'),
(32, 'ADOLFO TICACALA', '22', NULL, '72478004', '3503278-OR', '2023-04-03 01:13:19', '2023-11-18 15:38:22', 'Activo'),
(33, 'GERMAN COPACALLE GOMEZ', '23', NULL, '23', '3105960-OR', '2023-04-03 01:14:08', '2023-09-20 09:29:00', 'Activo'),
(34, 'ANTONIO S. VELASCO', '24', NULL, '24', '3119746-OR', '2023-04-03 01:14:53', '2023-04-03 01:14:53', 'Activo'),
(35, 'ELICEO RAMIREZ', '25', NULL, '25', '2781951-OR', '2023-04-03 01:15:31', '2023-04-03 01:15:31', 'Activo'),
(36, 'WILDER CHOQUECALLATA', '26', NULL, '74111291', '3547883-OR', '2023-04-03 01:16:15', '2023-11-18 15:36:22', 'Activo'),
(37, 'CIRILO VICENTE LOPEZ', '27', NULL, '73814157', '2782980-OR', '2023-04-03 01:16:58', '2023-11-18 15:30:47', 'Activo'),
(38, 'JUAN CARLOS VILLANUEVA', '28', NULL, '28', '4054538-OR', '2023-04-03 01:17:42', '2023-04-03 01:17:42', 'Activo'),
(39, 'JAIME QUISPE VIDAL', '68340116', NULL, '68340116', '3502180-OR', '2023-04-03 01:18:21', '2024-09-01 22:07:41', 'Activo'),
(40, 'NELSON CHOQUE', '30', NULL, '30', '4075741-OR', '2023-04-03 01:19:10', '2023-04-03 01:19:10', 'Activo'),
(41, 'ROGELIO ARGANDOÑA', '31', NULL, '31', '6202652-SCZ', '2023-04-03 01:20:12', '2023-09-07 21:44:25', 'Activo'),
(42, 'JHONNY PATZI', '32', NULL, '74141826', '7269505-OR', '2023-04-03 01:21:03', '2023-11-18 15:33:57', 'Activo'),
(43, 'JHONNY MAMANI', '33', NULL, '33', '10517862-PTS', '2023-04-03 01:21:55', '2024-12-18 03:45:59', 'Activo'),
(44, 'CARLOS USCAMAYTA', '34', NULL, '34', '6643599-OR', '2023-04-03 01:22:38', '2023-04-03 01:22:38', 'Activo'),
(45, 'ANGEL SANTOS', '35', NULL, '35', '7350121-OR', '2023-04-03 01:23:13', '2023-04-03 01:23:13', 'Activo'),
(46, 'GERMAN CHOQUE', '36', NULL, '36', '31084771-OR', '2023-04-03 01:24:02', '2023-04-03 01:24:02', 'Activo'),
(47, 'OCTAVIO COPA', '37', NULL, '37', '3527576-OR', '2023-04-03 01:24:52', '2023-04-03 01:24:52', 'Activo'),
(48, 'HONORATO CHOQUE', '38', NULL, '38', '1321256-OR', '2023-04-03 01:25:48', '2023-04-03 01:25:48', 'Activo'),
(49, 'JORGE BALLEJOS', '39', NULL, '39', '3075118-OR', '2023-04-03 01:26:29', '2023-04-03 01:26:29', 'Activo'),
(50, 'JULIAN CONDORI', '40', NULL, '40', '2156066-OR', '2023-04-03 01:27:15', '2023-04-03 01:27:15', 'Activo'),
(51, 'PEDRO FLORES', '41', NULL, '41', '3081291-OR', '2023-04-03 01:28:00', '2023-04-03 01:28:00', 'Activo'),
(52, 'ZENON TICACALA', '42', NULL, '42', '12', '2023-04-03 01:28:41', '2023-04-03 01:28:41', 'Activo'),
(53, 'FAVIO OCHOA', '43', NULL, '43', '7407612-OR', '2023-04-03 01:29:25', '2023-04-03 01:29:25', 'Activo'),
(54, 'VIDAL VILLCA', '1', NULL, '1', '3515197 OR', '2023-05-14 00:49:42', '2023-05-14 00:49:42', 'Activo'),
(55, 'JUAN JOSE LINARES', '234', NULL, '135', '5742619 OR', '2023-05-14 01:19:26', '2023-05-14 02:57:02', 'Activo'),
(56, 'JORGE ZENTENO', '1458', NULL, 'ABD', '5758785 OR', '2023-05-14 02:50:13', '2023-05-14 02:57:19', 'Activo'),
(57, 'JULIO VALENCIA', '2188', NULL, 'SZS', '6704514 PT', '2023-05-14 02:53:26', '2023-05-14 02:53:26', 'Activo'),
(58, 'FREDDY RODRIGUEZ', '2676', NULL, 'DGR', '4067949 OR', '2023-05-14 03:02:25', '2023-05-14 03:02:25', 'Activo'),
(59, 'ZENON CALDERON', '4732', NULL, '74312690', '3514584-OR', '2023-05-14 03:06:23', '2025-04-10 11:51:30', 'Activo'),
(60, 'WILLIAMS MENDIETA', '5705', NULL, 'DHK', '7377053 OR', '2023-05-14 03:25:35', '2023-05-14 03:25:35', 'Activo'),
(61, 'LUCIO CONDORI CALLAPA', '2796', NULL, 'KLS', '7332071 OR', '2023-05-14 03:32:13', '2023-05-14 03:32:13', 'Activo'),
(62, 'JHON PAQUI', '4756', NULL, 'ECI', '7289351 OR', '2023-05-14 03:35:26', '2023-05-14 03:35:26', 'Activo'),
(63, 'EDUAR VICENTE', '1392', NULL, 'XYZ', '35', '2023-05-14 03:53:15', '2023-05-14 03:53:15', 'Activo'),
(64, 'ALEX FLORES', '4731', NULL, 'KCX', '4056914', '2023-05-14 03:57:54', '2023-05-14 03:57:54', 'Activo'),
(65, 'ALEX LOPEZ', '1752', NULL, 'BPE', '7418568 OR', '2023-05-14 04:01:41', '2023-05-14 04:01:41', 'Activo'),
(66, 'EDGAR VICENTE', '5288', NULL, '71886557', '7277384 OR', '2023-05-14 04:12:00', '2023-11-18 15:29:58', 'Activo'),
(67, 'ELOY GUTIERREZ', '4563', NULL, 'RR', '7299511 OR', '2023-05-14 23:55:52', '2023-05-14 23:55:52', 'Activo'),
(68, 'SAMUEL CHOQUE C.', 'QWR', NULL, '2346789', '5725032', '2023-05-15 00:06:38', '2023-05-15 00:06:38', 'Activo'),
(69, 'ALEJO QUISPE', 'QE', NULL, '2345', '2756012 OR', '2023-05-15 00:35:42', '2023-05-15 00:35:42', 'Activo'),
(70, 'VICTOR LINO', 'STCZ', NULL, '24', '12353543 SC', '2023-05-15 01:00:07', '2023-05-15 01:00:07', 'Activo'),
(71, 'LUIS COLLORANA', '23', NULL, 'WER', '5762627 OR', '2023-05-15 01:19:01', '2023-05-15 01:19:01', 'Activo'),
(72, 'CLEOMEDES CHAMBI', '23', NULL, '1ET', '4078161 OR', '2023-05-15 01:34:41', '2023-06-19 11:49:24', 'Activo'),
(73, 'ARTURO EUGENIO', '234', NULL, '24367', '4076343 OR', '2023-05-15 01:59:38', '2023-05-15 01:59:38', 'Activo'),
(74, 'KEVIN ESCOBAR', '254646', NULL, 'DSGG', '7407779 OR', '2023-05-15 02:20:33', '2023-05-15 02:20:33', 'Activo'),
(75, 'JUAN GUTIERREZ', '13416', NULL, '465678', '2470578 LP', '2023-05-15 02:25:02', '2023-05-15 02:25:02', 'Activo'),
(76, 'ABDIAS GONZALES', '234567', NULL, '76543', '4064495 OR', '2023-05-15 02:28:30', '2025-06-06 10:17:21', 'Activo'),
(77, 'JEMIO QUISPE', '0', NULL, '0', '5741588 Or.', '2023-05-15 11:27:11', '2023-09-01 13:50:28', 'Activo'),
(78, 'DIOMAR GOMEZ', '0', NULL, '0', '7293882', '2023-05-15 12:02:11', '2023-05-15 12:02:11', 'Activo'),
(79, 'ANGEL TICACALA', '0', NULL, '0', '7416201', '2023-05-15 12:21:03', '2023-05-15 12:21:03', 'Activo'),
(80, 'ALFREDO CHOQUE', '0', NULL, '0', '5774760', '2023-05-15 12:24:29', '2023-05-15 12:24:29', 'Activo'),
(81, 'ANDRES MOROCHI', '0', NULL, '0', '2303904', '2023-05-15 12:36:37', '2023-05-15 12:36:37', 'Activo'),
(82, 'ALVARO RAFAEL', '0', NULL, '0', '7877626', '2023-05-15 13:50:08', '2023-05-15 13:50:08', 'Activo'),
(83, 'DENNIS QUISPE', '0', NULL, '0', '4034215', '2023-05-15 13:51:13', '2023-05-15 13:51:13', 'Activo'),
(84, 'ANTONIO JUCHASARA', '....', NULL, '0', '5747034 OR', '2023-05-15 13:57:01', '2023-08-23 21:06:52', 'Activo'),
(85, 'ONORATO CHOQUE', '0', NULL, '0', '4321256', '2023-05-15 14:10:10', '2023-05-15 14:10:10', 'Activo'),
(86, 'RAUL QUISPE', '0', NULL, '0', '3550447', '2023-05-15 14:15:44', '2023-05-15 14:15:44', 'Activo'),
(87, 'ERICK JUAN ESCOBAR', '0', NULL, '0', '7250097', '2023-05-15 14:37:36', '2023-05-15 14:37:36', 'Activo'),
(88, 'MARIO CALANI', '0', NULL, '0', '1076311', '2023-05-15 15:06:44', '2023-05-15 15:06:44', 'Activo'),
(89, 'EFRAIN HILARIO', '0', NULL, '0', '6096515', '2023-05-15 15:20:37', '2023-05-15 15:20:37', 'Activo'),
(90, 'IVER CHAMBI', '0', NULL, '0', '0', '2023-05-15 15:33:38', '2023-05-15 15:33:38', 'Activo'),
(91, 'JOSE LUIS SUARES', '0', NULL, '0', '3542130', '2023-05-15 16:22:20', '2023-05-15 16:22:20', 'Activo'),
(92, 'ERNAN WANCA', '0', NULL, '0', '3550731', '2023-05-15 17:45:48', '2023-05-15 17:45:48', 'Activo'),
(93, 'JESUS ALBERTO', 'JKLN', NULL, '7890\'', '7459053 OR', '2023-05-16 00:04:14', '2023-05-16 00:04:14', 'Activo'),
(94, 'EFRAIN HUANCA', 'OBOB', NULL, '7788765', '5477221', '2023-05-16 00:20:16', '2023-05-16 00:20:16', 'Activo'),
(95, 'ARIEL SANTOS', 'NINI', NULL, '87654', '7346597 OR', '2023-05-16 01:15:28', '2023-05-16 01:15:28', 'Activo'),
(96, 'CARLOS ZENTENO LOPEZ', 'O21', NULL, '72431074', '2788530', '2023-05-16 01:48:11', '2025-04-12 12:01:14', 'Activo'),
(97, 'LEONARDO CHECA', '0', NULL, '0', '3104859', '2023-05-16 12:05:59', '2023-05-16 12:05:59', 'Activo'),
(98, 'HILARION CHECA', '0', NULL, '0', '2754997 Or', '2023-05-19 10:04:45', '2023-05-19 10:04:45', 'Activo'),
(99, 'JUAN CARLOS CHOQUECALLATA', '0', NULL, '0', '7264208 Or.', '2023-05-19 10:11:49', '2023-05-19 10:11:49', 'Activo'),
(100, 'ALVARO TICACALA', '0', NULL, '0', '7406747 Or.', '2023-05-19 11:05:42', '2023-05-19 11:05:42', 'Activo'),
(101, 'ALFREDO GUTIERREZ', '0', NULL, '0', '596306 OR', '2023-05-19 14:07:25', '2023-05-19 14:07:25', 'Activo'),
(102, 'WILSON RIOS', '0', NULL, '0', '4043291 OR.', '2023-05-19 15:29:19', '2023-05-19 15:29:19', 'Activo'),
(103, 'JUAN CARLOS CHOQUETOPA', '0', NULL, '73737537', '7264208  Or.', '2023-05-22 09:05:25', '2023-11-18 15:27:45', 'Activo'),
(104, 'RONALD CALDERON', '0', NULL, '0', '5906234 CBBA', '2023-05-24 08:51:18', '2023-05-24 08:51:18', 'Activo'),
(105, 'FABIAN FLORES', '0', NULL, '0', '4051884', '2023-05-25 14:49:33', '2023-05-25 14:49:33', 'Activo'),
(106, 'FRANCISCO LIMA', '0', NULL, '0', '3114672 OR', '2023-05-25 16:18:38', '2023-05-25 16:18:38', 'Activo'),
(107, 'JHEMY QUISPE', '0', NULL, '0', '5741558 OR', '2023-05-26 09:50:25', '2023-05-26 09:50:25', 'Activo'),
(108, 'JAVIER TARQUI', '0', NULL, '0', '6040097 OR.', '2023-05-26 10:29:08', '2023-05-26 10:29:08', 'Activo'),
(109, 'ELVIS ZENTENO', '0', NULL, '0', '5779193 OR', '2023-05-26 11:18:25', '2023-05-26 11:18:25', 'Activo'),
(110, 'REMBERTO CONDORI PINAYA', '0', NULL, '0', '4074594 OR.', '2023-05-26 14:06:07', '2023-05-26 14:06:07', 'Activo'),
(111, 'ROGELIO ARANCIBIA', '0', NULL, '0', '6200652 OR', '2023-05-26 14:31:24', '2023-05-26 14:31:24', 'Activo'),
(112, 'PABLO CHOQUE VILLCA', '...', NULL, '72492160', '6493916 OR.', '2023-05-26 16:22:44', '2023-11-18 14:51:18', 'Activo'),
(113, 'JOSE LINARES', '122', NULL, '1234', '3542619 OR', '2023-05-26 16:33:28', '2023-05-26 16:33:28', 'Activo'),
(114, 'CIRILO FERNANDEZ', '0', NULL, '0', '3660049 PT', '2023-05-29 09:59:00', '2023-05-29 09:59:00', 'Activo'),
(115, 'SIPRIAN LOPEZ', '0', NULL, '0', '5746054 OR', '2023-05-29 11:51:48', '2023-05-29 11:51:48', 'Activo'),
(116, 'JOSE LUIS VENTURA', '0', NULL, '0', '8574131 OR.', '2023-05-29 11:57:58', '2023-05-29 11:57:58', 'Activo'),
(117, 'FORTUNATO VENTURA', '0', NULL, '0', '7292121', '2023-06-05 10:06:21', '2023-06-05 10:06:21', 'Activo'),
(118, 'WILFREDO FLORES', '0', NULL, '0', '3557094', '2023-06-05 11:15:45', '2023-06-05 11:15:45', 'Activo'),
(119, 'BERNARDINO CHOQUE', '0', NULL, '0', '3515147 OR.', '2023-06-06 10:14:37', '2023-06-06 10:14:37', 'Activo'),
(120, 'ROBERTO CHOQUE', '0', NULL, '0', '3548850 OR', '2023-06-06 11:00:00', '2023-06-06 11:00:00', 'Activo'),
(121, 'HERNAN HUANCA', '0', NULL, '0', '3550731 OR.', '2023-06-06 12:32:56', '2023-06-06 12:32:56', 'Activo'),
(122, 'DAVID QUISPE LOPEZ', '2711', NULL, 'DBH', '7297445', '2023-06-21 20:29:47', '2023-06-21 20:37:17', 'Activo'),
(123, 'REYNALDO VALENTE', '...', NULL, '...', '..', '2023-06-22 00:00:31', '2023-06-22 00:00:31', 'Activo'),
(124, 'FERNANDO CONDORI', '...', NULL, '....', '7350056', '2023-06-22 01:24:57', '2023-06-22 01:24:57', 'Activo'),
(125, 'GONZALO AGUILAR', '....', NULL, '....', '5772715', '2023-06-22 02:38:06', '2023-06-22 02:38:06', 'Activo'),
(126, 'JUAN RUBEN QUISPE', '.....', NULL, '.....', '7403460', '2023-06-22 02:51:41', '2023-06-22 02:51:41', 'Activo'),
(127, 'JOSE AJATA', '....', NULL, '...', '.....', '2023-06-22 02:58:05', '2023-06-22 02:58:05', 'Activo'),
(128, 'MARCO PARI', '.....', NULL, '.....', '3815949', '2023-06-22 03:39:52', '2023-06-22 03:39:52', 'Activo'),
(129, 'ROGER JIMENEZ CONDE', '.....', NULL, '.....', '7347976', '2023-06-22 04:07:34', '2023-06-22 04:07:34', 'Activo'),
(130, 'ROBERTO QUISPE', '....', NULL, '....', '74155442', '2023-06-22 05:22:11', '2023-06-22 05:22:11', 'Activo'),
(131, 'ROBERTO QUISPE', '.....', NULL, '....', '7418542', '2023-06-22 05:29:24', '2023-06-22 05:29:24', 'Activo'),
(132, 'LUIS BENITO', '.....', NULL, '.....', '5764456', '2023-06-22 20:17:07', '2023-06-22 20:17:07', 'Activo'),
(133, 'GABRIEL RAFAEL', '......', NULL, '......', '4067346 -OR', '2023-06-22 20:57:04', '2023-08-28 07:49:15', 'Activo'),
(134, 'MIGUEL MOIRALES', '.....', NULL, '...', '7406681', '2023-06-22 23:27:44', '2023-06-22 23:27:44', 'Activo'),
(135, 'BENEDICTO', '.....', NULL, '.....', '7264450', '2023-06-23 02:12:23', '2023-06-23 02:12:23', 'Activo'),
(136, 'EDWIN POMA', '...', NULL, '....', '5762119', '2023-06-24 00:22:12', '2023-06-24 00:22:12', 'Activo'),
(137, 'JORGE POMA', '...', NULL, '...', '7317725', '2023-06-24 06:43:08', '2023-06-24 06:43:08', 'Activo'),
(138, 'ORLANDO BEJARANO', '....', NULL, '......', '4067342', '2023-06-24 22:52:13', '2023-06-24 22:52:13', 'Activo'),
(139, 'PEDRO VILLCA', '...', NULL, '...', '68585747', '2023-06-25 01:51:55', '2023-06-25 01:51:55', 'Activo'),
(140, 'FULGENCIO CONDORI', '......', NULL, '...-....', '4060758', '2023-06-26 10:29:46', '2023-06-26 10:29:46', 'Activo'),
(141, 'RICHART PATZI', '...', NULL, '-----', '5069591', '2023-06-26 10:55:19', '2023-06-26 10:55:19', 'Activo'),
(142, 'FREDY CHINCHE', '......', NULL, '..-....', '7393687', '2023-06-28 10:04:39', '2023-06-28 10:04:39', 'Activo'),
(143, 'ELOY LOPEZ', '......', NULL, '.........', '3554488', '2023-06-28 10:29:55', '2023-06-28 10:29:55', 'Activo'),
(144, 'SERGIO RAFAEL', '......', NULL, '......', '7391404', '2023-06-28 14:05:05', '2023-06-28 14:05:05', 'Activo'),
(145, 'VIRGILIO FERNANDEZ', '....', NULL, '......', '7392895', '2023-06-29 08:33:00', '2023-06-29 08:33:00', 'Activo'),
(146, 'BLADIMIR CHAMBI', '....', NULL, '71852849', '7293577-OR', '2023-06-30 09:28:33', '2023-11-18 14:53:52', 'Activo'),
(147, 'FLORENCIO USCAMAYTA', '...', NULL, '......', '4025773', '2023-06-30 12:33:43', '2023-06-30 12:33:43', 'Activo'),
(148, 'FELIPE QUISPE', '.....', NULL, '.......', '4044355', '2023-07-01 13:10:10', '2023-07-01 13:10:10', 'Activo'),
(149, 'ALVARO CHECA', '69591343', NULL, '69591343', '5779244 OR', '2023-07-04 12:23:35', '2023-07-04 12:23:35', 'Activo'),
(150, 'WALTER VELIZ', '.....', NULL, '72358409', '7269244', '2023-07-08 03:16:38', '2023-11-18 15:37:50', 'Activo'),
(151, 'SANDRO QUISPE', '.......', NULL, '.......', '4051357', '2023-07-10 20:02:50', '2023-07-10 20:02:50', 'Activo'),
(152, 'JAIME LOPEZ...', ',,,,,', NULL, '....', '2756066', '2023-07-13 16:36:28', '2023-07-13 16:36:28', 'Activo'),
(153, 'VALENTIN MENDOZA', '...', NULL, '....', '3507895', '2023-07-15 22:38:51', '2023-07-15 22:38:51', 'Activo'),
(154, 'EUFRACIO CONDORI', '....', NULL, '....', '3549498', '2023-07-16 08:57:20', '2023-07-16 08:57:20', 'Activo'),
(155, 'PASCUAL SEGUNDO', '......', NULL, '.......', '9421191', '2023-07-16 12:17:00', '2023-07-16 12:17:00', 'Activo'),
(156, 'CAMILO A. CAMACHO', '......', NULL, '......', '8684542', '2023-07-18 08:10:05', '2023-07-18 08:10:05', 'Activo'),
(157, 'GABRIEL CHOQUE', '......', NULL, '.......', '24635683', '2023-07-18 10:56:29', '2023-07-18 10:56:29', 'Activo'),
(158, 'ANTONIO SEGUNDINO', '.....', NULL, '......', '3119746', '2023-07-18 11:32:43', '2023-07-18 11:32:43', 'Activo'),
(159, 'ROLANDO CHAMBI', '........', NULL, '.......', '7297746', '2023-07-19 08:20:54', '2023-07-19 08:20:54', 'Activo'),
(160, 'REMBERTO CONDORI', '.....', NULL, '.........', '7074594', '2023-07-20 09:09:04', '2023-07-20 09:09:04', 'Activo'),
(161, 'BERNO QUISPOE', '..........', NULL, '........', '3081886', '2023-07-31 17:32:12', '2023-07-31 17:32:12', 'Activo'),
(162, 'OSCAR MAMANI QUISPE', '......', NULL, '72340209', '7341341', '2023-08-10 10:17:10', '2023-08-10 10:17:10', 'Activo'),
(163, 'BERNABE QUISPE', '.....', NULL, '74140366', '3081886', '2023-08-10 11:29:16', '2023-08-10 11:29:16', 'Activo'),
(164, 'LEONARDO COLQUE', '....', NULL, '76133231', '7419153', '2023-08-12 10:42:56', '2023-08-12 10:42:56', 'Activo'),
(165, 'JOSIAS BARRETO', '......', NULL, '76139944', '5756129 OR', '2023-08-15 06:34:33', '2023-08-15 06:34:33', 'Activo'),
(166, 'ALEX HIDALGO', '.....', NULL, '61842385', '5770258 OR', '2023-08-17 04:05:15', '2023-08-17 04:05:15', 'Activo'),
(167, 'SAMUEL CALDERON', '....', NULL, '68331501', '5729156-OR', '2023-08-23 15:49:43', '2024-10-04 10:24:53', 'Activo'),
(168, 'ROBERTO PINEDO', '......', NULL, '.........', '6689065 OR', '2023-08-24 16:38:17', '2023-08-24 16:38:17', 'Activo'),
(169, 'RONAL TORRES', '...', NULL, '...', '7593173-OR', '2023-08-25 16:35:40', '2023-08-25 16:35:40', 'Activo'),
(170, 'MAURO CHOQUE', '.......', NULL, '......', '4423773-OR', '2023-08-28 07:25:57', '2023-08-28 07:25:57', 'Activo'),
(171, 'MARIO PATZI', '.....', NULL, '......', '27700511  Or.', '2023-09-02 09:10:13', '2023-09-02 09:10:29', 'Activo'),
(172, 'ANTONIO  LIMA  CHOQUE', 'WILSON  LIMA', NULL, '68321060', '3072783  OR,', '2023-09-04 09:55:43', '2023-09-04 09:55:43', 'Activo'),
(173, 'MIGUEL VENTURA', '....', NULL, '........', '7293501-OR', '2023-09-14 16:53:37', '2023-09-14 16:53:37', 'Activo'),
(174, 'ALEJANDRO FERNANDEZ', '........', NULL, '.........', '5062890-OR', '2023-09-14 17:09:57', '2023-09-14 17:09:57', 'Activo'),
(175, 'FRANZ PALLY', '....', NULL, '....', '7377897-OR', '2023-09-18 11:07:07', '2023-09-18 11:07:07', 'Activo'),
(176, 'MARIO CHECA', '.....', NULL, '......', '7347666-OR', '2023-09-19 07:51:54', '2023-09-19 07:51:54', 'Activo'),
(177, 'ELOY CALDERON', '....', NULL, '74114254', '2794449-OR', '2023-09-26 16:31:25', '2023-09-26 16:31:25', 'Activo'),
(178, 'CARLOS   CUTIPA  APAZA', 'LEONARDO   CHECA', NULL, 'O', '3386727  OR,', '2023-09-28 13:23:07', '2023-09-28 13:23:07', 'Activo'),
(179, 'PASCUAL DIAZ', '....', NULL, '71853620', '9421191-CBBA', '2023-10-02 07:12:26', '2023-10-02 07:12:26', 'Activo'),
(180, 'FELIPE FLORES', '....', NULL, '......', '7271791-OR', '2023-10-12 07:30:06', '2023-10-12 07:30:06', 'Activo'),
(181, 'GUILLERMO FLORES', '.......', NULL, '--', '3535949-OR', '2023-10-20 15:11:10', '2023-10-20 15:11:10', 'Activo'),
(182, 'OSCAR CHOQUE', '...', NULL, ',,,', '12901356.OR', '2023-11-16 13:28:14', '2023-11-16 13:28:14', 'Activo'),
(183, 'JHONNY VIZARRO', '---', NULL, '---', '8560165-OR', '2023-11-20 06:23:23', '2023-11-20 06:23:23', 'Activo'),
(184, 'LUIS EDURDO MAMANI ORELLANA', '64767571', NULL, '73832498', '9913288   LP', '2024-02-02 13:05:05', '2024-02-02 13:05:05', 'Activo'),
(185, 'MRCOS  FLORES  LOPEZ', '68283020', NULL, '74154372', '7426379  OR', '2024-02-06 07:17:53', '2024-02-06 07:17:53', 'Activo'),
(186, 'ALEX A HIDALGO SACAMA', '61842387', NULL, '61842387', '5770258', '2024-02-06 08:38:30', '2024-02-06 08:38:30', 'Activo'),
(187, 'MARIO CUIZARA', '64776325', NULL, '64776325', '3545382', '2024-02-06 11:55:16', '2024-02-06 11:55:16', 'Activo'),
(188, 'JUSTINO VARGAS LOPEZ', '71887423', NULL, '71887423', '4024564', '2024-02-07 09:37:28', '2024-02-07 09:37:28', 'Activo'),
(189, 'MARCOS FLORES LOPEZ', '74154372', NULL, '74154372', '7426379', '2024-02-07 10:40:24', '2024-02-07 10:40:24', 'Activo'),
(190, 'EDITH CONDORI VILLAZON', '74127704', NULL, '74127704', '8814230', '2024-02-07 19:23:39', '2024-02-07 19:23:39', 'Activo'),
(191, 'RONALD  RODRIGUEZ RUIZ', '67914824', NULL, '67914824', '5112936', '2024-02-08 11:47:19', '2024-02-08 11:47:19', 'Activo'),
(192, 'ROMAN HUANCA', '72736598', NULL, '72936598', '3552100 OR', '2024-02-15 13:34:10', '2024-02-15 13:34:10', 'Activo'),
(193, 'MARCO ANTONIO FERRUFINO MOYA', '74089126', NULL, '74089126', '3553809', '2024-02-27 09:42:51', '2024-02-27 09:42:51', 'Activo'),
(194, 'ALBERTO MENDOZA LOPEZ', '67936969', NULL, '67936969', '7279873', '2024-02-28 09:50:30', '2024-02-28 09:50:30', 'Activo'),
(195, 'RODOLFO MENDOZA APAZA', '73538337', NULL, '73538337', '5726710', '2024-03-01 09:16:59', '2024-03-01 09:16:59', 'Activo'),
(196, 'ABRAHAM LLAVE MOROCO', '71882530', NULL, '71882530', '4058842', '2024-03-05 11:24:39', '2025-06-06 10:17:54', 'Activo'),
(197, 'FELIX TORREZ MITMA', '72477013', NULL, '72477013', '5771446', '2024-03-07 10:10:31', '2024-03-07 10:10:31', 'Activo'),
(198, 'MARCO ANTONIO BARRETA RIOS', '64073765', NULL, '64073765', '7323495 OR', '2024-03-08 12:06:40', '2024-03-08 12:06:40', 'Activo'),
(199, 'JUAN JOSE TORREZ', '74115302', NULL, '74115302', '7262650', '2024-03-11 06:47:07', '2024-03-11 06:47:07', 'Activo'),
(200, 'LIZANDRA VENTURA AGOSTOPA', '73310115', NULL, '73310115', '7406677', '2024-03-11 19:01:40', '2024-03-11 19:01:40', 'Activo'),
(201, 'CRISTIAN RAFAEL', '67861844', NULL, '67861844', '7424000', '2024-03-11 19:50:08', '2024-03-11 19:50:08', 'Activo'),
(202, 'ALFREDO LEON', '34', NULL, '3', '4051342 OR', '2024-03-13 06:28:38', '2024-03-13 06:28:38', 'Activo'),
(203, 'ALVARO LOPEZ', '7892101', NULL, '255441', '7295847 OR', '2024-04-15 12:14:05', '2024-04-15 12:14:05', 'Activo'),
(204, 'HECTOR ROJAS CAHUANA', '67364264', NULL, '67364264', '6938093', '2024-05-18 14:49:07', '2024-05-18 14:49:07', 'Activo'),
(205, 'MARCO ANTONIO ROMERO', '.......', NULL, '.........', '..........', '2024-05-22 13:33:28', '2024-05-22 13:33:28', 'Activo'),
(206, 'MARTRIANO VENTURA', '72496193', NULL, '72496193', '4039174', '2024-05-23 06:24:28', '2024-05-23 06:24:28', 'Activo'),
(207, 'MARTIRIANO VENTURA', '72496193', NULL, '72496193', '4039174', '2024-05-23 06:30:27', '2024-05-23 06:30:27', 'Activo'),
(208, 'DAVID CHAMBI', '75703881', NULL, '75703881', '5963017', '2024-05-24 16:42:16', '2024-05-24 16:42:16', 'Activo'),
(209, 'SAMUEL CALLAPA IGNACIO', '62777811', NULL, '62777811', '5721121', '2024-06-05 07:26:06', '2024-06-05 07:26:06', 'Activo'),
(210, 'SAMUEL CALLAPA IGNACIO', '75422392', NULL, '75422392', '5721121', '2024-06-06 12:05:45', '2024-06-06 12:05:45', 'Activo'),
(211, 'RICHART ROCHA', '.....', NULL, '72335782', '7398006-OR', '2024-06-10 10:45:01', '2024-06-10 10:45:01', 'Activo'),
(212, 'DEMETRIO TORREZ', '....', NULL, '.....', '7303831-OR', '2024-06-10 12:22:52', '2024-06-10 12:22:52', 'Activo'),
(213, 'AMADO RIOS', '.....', NULL, '73844008', '3501552-OR', '2024-06-11 08:57:46', '2024-06-11 08:57:46', 'Activo'),
(214, 'JORGE CONDORI', '.......', NULL, '........', '6837449-OR', '2024-06-12 11:05:42', '2024-06-12 11:05:42', 'Activo'),
(215, 'ROSBERT AGUILAR', '.......', NULL, '.........', '4067298-OR', '2024-06-14 12:40:53', '2024-06-14 12:40:53', 'Activo'),
(216, 'Edgar Apaza', '3547834', NULL, '75448378', '3547834', '2024-06-17 09:49:05', '2024-06-17 09:49:05', 'Activo'),
(217, 'HECTOR ARIVIRI', '63018090', NULL, '63018090', '7457438', '2024-06-25 14:18:24', '2024-06-25 14:18:24', 'Activo'),
(218, 'WILLY LOPEZ', '72400335', NULL, '72400335', '5736492', '2024-06-27 10:10:13', '2024-06-27 10:10:13', 'Activo'),
(219, 'ZENOBIA ARGANDOÑA', '.......', NULL, '74225685', '7281373-OR', '2024-06-27 15:06:15', '2024-06-27 15:06:15', 'Activo'),
(220, 'EDGAR RODOLFO', '7570882', NULL, '75487545', '3547834', '2024-06-28 06:41:08', '2024-06-28 06:41:08', 'Activo'),
(221, 'ADELIO VILLCA ALEJANDRO', '69584048', NULL, '69584048', '4628638', '2024-06-29 07:58:56', '2024-06-29 07:58:56', 'Activo'),
(222, 'JESUS ADELIO VILLCA', '.......', NULL, '69584084', '4628638-SC', '2024-07-01 11:48:13', '2024-07-01 11:48:13', 'Activo'),
(223, 'MARTIN CHOQUE', '74144545', NULL, '74144545', '3113533', '2024-07-09 12:04:49', '2024-07-09 12:04:49', 'Activo'),
(224, 'CELSO CARACILA', '71881247', NULL, '71881247', '2774119', '2024-07-10 13:45:32', '2024-07-10 13:45:32', 'Activo'),
(225, 'ADOLFO VASQUEZ LOPEZ', '72357137', NULL, '72357137', '4057559', '2024-07-11 20:10:14', '2024-07-11 20:10:14', 'Activo'),
(226, 'CIPRIAN LOPEZ', '72496193', NULL, '72496193', '5746054', '2024-07-15 10:45:18', '2024-07-15 10:45:18', 'Activo'),
(227, 'MARIO HUASCO', '68352682', NULL, '68352682', '2175358', '2024-07-16 10:22:21', '2024-07-16 10:22:21', 'Activo'),
(228, 'JESUS AGUILAR', '72306865', NULL, '72306865', '7459053', '2024-07-17 13:21:51', '2024-07-17 13:21:51', 'Activo'),
(229, 'SILVIO SILVANO PEÑAFIEL ESCOBAL', 'CHOFER', NULL, 'S/N', '5068277', '2024-07-17 13:34:34', '2024-07-17 13:34:34', 'Activo'),
(230, 'RICHAR SALAZAR', '75484516', NULL, '75484516', '3551507', '2024-07-20 07:06:36', '2024-07-20 07:06:36', 'Activo'),
(231, 'AGOSTOPA BENITO', '72472285', NULL, '72472285', '3509296', '2024-07-24 20:04:01', '2024-07-24 20:04:01', 'Activo'),
(232, 'LEONCIO CONDORI', '......', NULL, '........', '.....', '2024-07-25 09:52:24', '2024-10-02 08:56:47', 'Activo'),
(233, 'IVÁN  ARIAS POMA', 'Chofer', NULL, 'S/N', '7317725', '2024-07-26 07:14:59', '2024-07-26 07:14:59', 'Activo'),
(234, 'HUMBERTO QUIMPE', '------', NULL, ',......', '9445846-OR', '2024-07-27 11:10:28', '2024-07-27 11:10:28', 'Activo'),
(235, 'EDSON BARRETA', '15', NULL, '15', '3516454', '2024-08-01 07:46:50', '2024-08-01 07:46:50', 'Activo'),
(236, 'MARIO LAIME MAMANI', '64772788', NULL, '64772788', '7733664', '2024-08-02 12:22:45', '2024-08-02 12:22:45', 'Activo'),
(237, 'NELSON CHOQUECALLATA', '68119232', NULL, '68119232', '7365227', '2024-08-02 12:38:11', '2024-08-02 12:38:11', 'Activo'),
(238, 'OSCAR ALEJANDRO', '16', NULL, '16', '7349928', '2024-08-03 07:46:57', '2024-08-03 07:47:19', 'Activo'),
(239, 'JUAN CARLOS TOLA PACA', 'S/n', NULL, 'S/n', '5772079 or', '2024-08-12 08:28:27', '2024-08-12 08:28:27', 'Activo'),
(240, 'EDWIN CHECA', '67264249', NULL, '67264249', '67264249', '2024-08-12 20:16:32', '2024-08-12 20:16:32', 'Activo'),
(241, 'ROMAN COLQUE', '73836534', NULL, '73836534', '5770449-OR', '2024-08-14 12:28:46', '2024-08-14 12:28:46', 'Activo'),
(242, 'ALVARO PEREZ', '67237434', NULL, '67237434', '7415269', '2024-08-15 07:29:06', '2024-08-15 07:29:06', 'Activo'),
(243, 'MARIO WILSON MORALES ROCHA', '72322602', NULL, '72322602', '4454600-OR', '2024-08-16 10:24:09', '2024-08-16 10:24:09', 'Activo'),
(244, 'JUAN CARLOS ROMERO ADRIAN', '69595019', NULL, '69595019', '7374101', '2024-08-20 16:08:14', '2024-08-20 16:08:14', 'Activo'),
(245, 'GUIMER ESCOBAR', '63667632', NULL, '63667632', '8381947', '2024-08-21 11:54:10', '2024-08-21 11:54:10', 'Activo'),
(246, 'WILFREDO JUVENAL QUISPE A.', '71108752', NULL, '71108752', '7335057', '2024-08-21 13:14:10', '2024-08-21 13:14:10', 'Activo'),
(247, 'ALEX ARGANDOÑA', '63416831', NULL, '63416831', '7383281', '2024-08-22 11:32:12', '2024-08-22 11:32:12', 'Activo'),
(248, 'PAULINO BELTRAN', 'Beltran', NULL, 'S/n', '4045453 or', '2024-08-23 11:09:23', '2024-08-23 11:09:23', 'Activo'),
(249, 'ELOY TICONA RAMOS', 'S/N', NULL, 'S/N', '7345488', '2024-08-27 12:32:59', '2024-08-27 12:32:59', 'Activo'),
(250, 'ELOY TICONA', '73815037', NULL, '73815037', '7345488', '2024-08-27 12:35:51', '2024-08-27 12:35:51', 'Activo'),
(251, 'HERNAN MAMANI FLORES', 'CHOFER', NULL, 'S/N', '7376582-OR', '2024-09-02 07:16:23', '2024-09-02 13:55:47', 'Activo'),
(252, 'MIGUEL ANGEL MORALES ARIZACA', 'CHOFER MINIBUS', NULL, 'S/n', '7406681', '2024-09-02 12:09:01', '2024-09-02 12:09:01', 'Activo'),
(253, 'NELSON ALVARO PEREZ', '67237434', NULL, '67237434', '7415269', '2024-09-06 01:20:35', '2024-09-06 01:20:35', 'Activo'),
(254, 'RICARDO LOPEZ CRUZ', '62844090', NULL, '62844090', '7426983', '2024-09-06 06:34:49', '2024-09-06 06:34:49', 'Activo'),
(255, 'TAYTE MAMANI', '75', NULL, '75', '3101616', '2024-09-10 10:37:16', '2024-09-10 10:37:16', 'Activo'),
(256, 'SAMUEL CARVAJAL GONZALES', '71854775', NULL, '71854775', '7866078', '2024-09-10 15:48:11', '2024-09-13 12:02:32', 'Activo'),
(257, 'DOMINGO ZENTENO GERONIMO', '71491591', NULL, '71491591', '2772185', '2024-09-16 08:54:01', '2024-09-16 08:54:01', 'Activo'),
(258, 'ISAAC CHAMBI', '72327013', NULL, '72327013', '7334457', '2024-09-16 13:05:12', '2024-09-16 13:05:12', 'Activo'),
(259, 'JOSE LUIS CHOQUE', '72781788', NULL, '72781788', '7278865', '2024-09-23 08:28:45', '2024-09-23 08:28:45', 'Activo'),
(260, 'JESUS CHOQUE', '........', NULL, '.......', '7278865', '2024-09-23 08:42:25', '2025-04-01 09:37:47', 'Activo'),
(261, 'FIDEL SOLIZ', '71109966', NULL, '71109966', '5254759', '2024-09-25 18:12:52', '2024-09-25 18:12:52', 'Activo'),
(262, 'MARIO CONDORI', '57', NULL, '57', '4027-N', '2024-09-30 09:55:27', '2024-09-30 09:55:27', 'Activo'),
(263, 'OLEGARIO VASQUEZ', '74147731', NULL, '74147731', '3524545', '2024-10-03 09:25:39', '2024-10-03 09:25:39', 'Activo'),
(264, 'MARIO PARI', '........', NULL, '.........', '3515949-OR', '2024-10-07 01:17:42', '2024-10-07 01:17:42', 'Activo'),
(265, 'ALFREDO GUTUIERREZ', '-------', NULL, '------', '5963706-OR', '2024-10-08 01:21:10', '2024-10-08 01:21:10', 'Activo'),
(266, 'JULIO AGUILAR QUISPE', '72487679', NULL, '72487679', '4024958 OR', '2024-10-16 13:23:09', '2024-10-16 13:23:09', 'Activo'),
(267, 'SAMUEL HUARACHI MURILLO', '72305649', NULL, '72305649', '3066806', '2024-10-28 23:11:25', '2024-10-28 23:11:25', 'Activo'),
(268, 'EDMUNDO RICARDO AJNO CRUZ', '67256946', NULL, '67256946', '6020582', '2024-11-07 12:57:15', '2024-11-07 12:57:15', 'Activo'),
(269, 'VIDAL VILLCA', '72305775', NULL, '72305775', '3517197', '2024-11-07 17:16:12', '2024-11-07 17:16:12', 'Activo'),
(270, 'RONALD RODRIGUEZ RUIZ', '67914824', NULL, '67914824', '5112936', '2024-11-07 19:34:27', '2024-11-07 19:34:27', 'Activo'),
(271, 'SERGIO COLQUE FLORES', '71182424', NULL, '71182424', '4257564', '2024-11-14 09:45:00', '2024-11-14 09:45:00', 'Activo'),
(272, 'LUIS HERNAN CHECA ANCALLE', '72379534', NULL, '72379534', '4042254', '2024-11-21 12:30:49', '2024-11-21 12:30:49', 'Activo'),
(273, 'NAIN SAUL TORREZ FLORES', '73838099', NULL, '73838099', '5798081', '2024-12-01 21:07:21', '2024-12-01 21:07:21', 'Activo'),
(274, 'BASILIO LUCANA', '73810000', NULL, '73810000', '3525724-OR', '2024-12-19 17:21:38', '2024-12-19 17:21:38', 'Activo'),
(275, 'ANDERSSON ALEGRIA', '68303149', NULL, '68303149', '7313786-OR', '2024-12-21 13:05:42', '2024-12-21 13:05:42', 'Activo'),
(276, 'ROLANDO LINARES', '75710653', NULL, '75710653', '4074560-OR', '2024-12-21 14:14:11', '2024-12-21 14:14:11', 'Activo'),
(277, 'YERKO QUISPE', '74148166', NULL, '74148166', '7384468-OR', '2024-12-21 14:56:44', '2024-12-21 14:56:44', 'Activo'),
(278, 'AGUSTIN BENITO', '13', NULL, '13', '3504246-OR', '2025-01-21 00:02:14', '2025-01-21 00:02:14', 'Activo'),
(279, 'ALDRIN CALLAHUARA', '12', NULL, '12', '7335665-OR', '2025-01-22 23:54:36', '2025-01-22 23:58:33', 'Activo'),
(280, 'BRAYAN MAMANI', '11', NULL, '11', '14463506-OR', '2025-01-22 23:56:44', '2025-01-22 23:56:44', 'Activo'),
(281, 'VEIMAR QUIRUCHI SUTURI', 'S/N', NULL, 'S/N', '7345105', '2025-02-07 15:58:49', '2025-02-07 15:58:49', 'Activo'),
(282, 'CRITIAN MITA', '23', NULL, '2', '6785874', '2025-02-09 18:58:19', '2025-02-09 18:58:19', 'Activo'),
(283, 'MARIO VILLCA', '78530038', NULL, '78530038', '4040471-OR', '2025-02-25 13:38:05', '2025-02-25 13:38:05', 'Activo'),
(284, 'EVARISTO LAIME', '12', NULL, '12', '..........', '2025-02-25 17:44:30', '2025-02-25 17:44:30', 'Activo'),
(285, 'JULIO MAMANI', '12', NULL, '12', '.........', '2025-02-25 17:50:05', '2025-02-25 17:50:05', 'Activo'),
(286, 'FELIX GUTIRREZ', '69818771', NULL, '69818771', '632205-1K-OR', '2025-02-27 12:25:47', '2025-02-27 12:25:47', 'Activo'),
(287, 'HUANCA SANTOS  HERNAN', 'S/N', NULL, '68308316', '3550731', '2025-03-10 15:59:01', '2025-03-10 15:59:01', 'Activo'),
(288, 'MARTINEZ FLORES JOSE', 'S/N', NULL, 'S/N', 'S/N', '2025-03-12 20:13:57', '2025-03-12 20:13:57', 'Activo'),
(289, 'MARTINEZ HUANIQUINA BLADIMIR', 'S/N', NULL, 'S/N', 'S/N', '2025-03-12 20:15:27', '2025-03-12 20:15:27', 'Activo'),
(290, 'PABLO CALLAHUARA', '25', NULL, '52', '3544643', '2025-03-14 20:23:49', '2025-03-14 20:23:49', 'Activo'),
(291, 'PACHECO MOLLO ALEJANDRO', 'Sn', NULL, 'Sn', '4072993', '2025-03-19 11:49:35', '2025-03-19 11:49:35', 'Activo'),
(292, 'ARTURO GONZALES', '73831682', NULL, '73831682', '5747705-OR', '2025-03-26 15:39:26', '2025-03-26 15:39:26', 'Activo'),
(293, 'ROBERTO COLLORANA', '62807678', NULL, '62807678', '4076011-OR', '2025-04-07 14:34:52', '2025-04-07 14:34:52', 'Activo'),
(294, 'LLANQUE  VILLANUEVA EVER', 'S/N', NULL, '72303317', '5743348', '2025-04-09 14:23:54', '2025-04-09 14:23:54', 'Activo'),
(295, 'VICTOR HUGO CALLAHUARA', '221', NULL, '221', '1650698', '2025-04-30 23:44:08', '2025-04-30 23:44:08', 'Activo'),
(296, 'RAMIRO T. ALANOCA .CANTUTA', '78615896', NULL, '78615896', '6972679-LP', '2025-05-08 11:28:55', '2025-05-08 11:28:55', 'Activo'),
(297, 'WILBER CHOQUE', '72461972', NULL, '7261972', '3538507-OR', '2025-05-08 15:45:14', '2025-05-08 15:45:14', 'Activo'),
(298, 'JUAN ARIVIRI', '73844139', NULL, '63649972', '7354064-OR', '2025-05-09 12:28:40', '2025-05-09 12:28:40', 'Activo'),
(299, 'ALEJANDRO MOLLO', '4072993', NULL, '12', '4072993', '2025-05-16 06:42:30', '2025-05-16 06:42:58', 'Activo'),
(300, 'ESTANIZ RODRIGUEZ', '74145304', NULL, '74145304', '5524455-PT', '2025-05-19 16:05:07', '2025-05-19 16:05:07', 'Activo'),
(301, 'EGIDIO CALLE', '12', NULL, '31', '3551698-OR', '2025-05-23 18:21:15', '2025-05-23 18:21:15', 'Activo'),
(302, 'ELVIS OMAR ZENTENO CRUZ', '12', NULL, '12', '14078862-OR', '2025-05-24 12:52:32', '2025-05-24 12:52:32', 'Activo'),
(303, 'MARCELO JIMENEZ MUÑOZ', '12', NULL, '13', '5768901-OR', '2025-05-26 23:25:13', '2025-05-26 23:25:13', 'Activo'),
(304, 'WILBER PATON CHAVEZ', '12', NULL, '13', '12645350-OR', '2025-05-26 23:26:37', '2025-05-26 23:26:37', 'Activo');

-- --------------------------------------------------------

--
-- Estructura de tabla para la tabla `empresas`
--

CREATE TABLE `empresas` (
  `id` bigint(20) UNSIGNED NOT NULL,
  `nombre` varchar(255) NOT NULL,
  `ciudad` varchar(255) DEFAULT NULL,
  `departamento` varchar(255) DEFAULT NULL,
  `telefono` varchar(255) DEFAULT NULL,
  `logo` varchar(255) DEFAULT NULL,
  `nit` varchar(255) DEFAULT NULL,
  `encabezado` varchar(255) DEFAULT NULL,
  `estado` varchar(255) DEFAULT 'Activo',
  `id_usuario` bigint(20) UNSIGNED DEFAULT NULL,
  `created_at` timestamp NULL DEFAULT NULL,
  `updated_at` timestamp NULL DEFAULT NULL
) ENGINE=InnoDB DEFAULT CHARSET=utf8mb4 COLLATE=utf8mb4_unicode_ci;

--
-- Volcado de datos para la tabla `empresas`
--

INSERT INTO `empresas` (`id`, `nombre`, `ciudad`, `departamento`, `telefono`, `logo`, `nit`, `encabezado`, `estado`, `id_usuario`, `created_at`, `updated_at`) VALUES
(7, 'SAN LUCAS', NULL, NULL, '(281) 532-3826', NULL, '730659028', NULL, 'Activo', NULL, '2023-01-31 00:54:36', '2023-04-26 15:04:14'),
(11, 'PLUS METALS', 'ORURO', NULL, 'S/N', NULL, 'S/N', NULL, 'Activo', NULL, '2023-05-05 14:38:12', '2023-05-05 14:38:12'),
(12, 'PRODECO', 'ORURO', NULL, 'S/N', NULL, '137371020', NULL, 'Activo', NULL, '2023-05-05 14:38:48', '2023-05-05 14:38:48'),
(13, 'GREEN METALS', 'ORURO', NULL, '5268211', NULL, 'S/N', NULL, 'Activo', NULL, '2023-05-05 14:39:12', '2023-05-05 14:39:12'),
(14, 'INGENIO ALANTAÑA', 'ORURO', NULL, 'S/N/', NULL, 'S/N', NULL, 'Activo', NULL, '2023-05-05 14:39:39', '2023-05-05 14:39:39'),
(15, 'EMSA', 'ORURO', NULL, 'S/N', NULL, 'S/N', NULL, 'Activo', NULL, '2023-05-05 14:39:56', '2023-05-05 14:39:56'),
(16, 'TRADEMIL S.A.', 'ORURO', NULL, 'S/N', NULL, 'S/N', NULL, 'Activo', NULL, '2023-05-05 14:40:14', '2023-05-05 14:40:14'),
(17, 'MAX METALS', 'ORURO', NULL, 'S/N', NULL, 'S/N', NULL, 'Activo', NULL, '2023-05-05 14:40:31', '2023-05-05 14:40:31'),
(18, 'EDCOMIN (SANCOMIN)', 'ORURO', NULL, 'S/N', NULL, 'S/N', NULL, 'Activo', NULL, '2023-05-05 14:41:00', '2023-05-05 14:41:00'),
(19, 'TERRAMINEX', 'ORURO', NULL, 'S/N', NULL, 'S/N', NULL, 'Activo', NULL, '2023-05-05 14:41:15', '2023-05-05 14:41:15'),
(20, 'ALENAT', 'ORURO', NULL, 'S/N', NULL, 'S/N', NULL, 'Activo', NULL, '2023-05-05 14:41:30', '2023-05-05 14:41:30'),
(21, 'M. RODRIGUEZ', 'ORURO', NULL, 'S/N', NULL, 'S/N', NULL, 'Activo', NULL, '2023-05-05 14:41:46', '2023-05-05 14:41:46'),
(22, 'POTOSI EMPRESA MINERA BOLIVAR', 'ORURO', NULL, 'S/N', NULL, 'S/N', NULL, 'Activo', NULL, '2023-05-05 14:42:11', '2023-05-05 14:42:11'),
(23, '23 DE MARZO', 'ORURO', NULL, 'S/N', NULL, 'S/N', NULL, 'Activo', NULL, '2023-05-05 14:42:23', '2023-05-05 14:42:23'),
(24, 'PROMINET -BOL', 'ORURO', NULL, 'S/N', NULL, 'S/N', NULL, 'Activo', NULL, '2023-05-05 14:42:41', '2023-05-05 14:42:41'),
(25, '22 DE FEBRERO', 'ORURO', NULL, '5282149', NULL, '06101022018', NULL, 'Activo', NULL, '2023-05-05 14:43:10', '2023-05-05 14:43:10'),
(26, 'COMERMIN', 'ORURO', NULL, 'S/N', NULL, 'S/N', NULL, 'Activo', NULL, '2023-05-05 14:43:27', '2023-05-05 14:43:27'),
(27, 'SEÑOR DE LA MISION', 'ORURO', NULL, 'S/N', NULL, 'S/N', NULL, 'Activo', NULL, '2023-05-05 14:43:42', '2023-05-05 14:43:42'),
(28, 'BLANCO POTOSI', 'POTOSI', NULL, 'S/N', NULL, 'S/N', NULL, 'Activo', NULL, '2023-05-05 14:43:58', '2023-05-05 14:43:58'),
(29, 'EMIM -M', 'ORURO', NULL, 'S/N', NULL, 'S/N', NULL, 'Activo', NULL, '2023-05-05 14:44:11', '2023-05-05 14:44:11'),
(30, 'SUMAG METALS', 'ORURO', NULL, 'S/N', NULL, 'S/N', NULL, 'Activo', NULL, '2023-05-05 14:44:38', '2023-05-05 14:44:38'),
(31, 'TINMINERS', 'ORURO', NULL, 'S/N', NULL, 'S/N', NULL, 'Activo', NULL, '2023-05-05 14:44:48', '2023-05-05 14:44:48'),
(32, 'ENAF', 'ORURO', NULL, 'S/N', NULL, 'S/N', NULL, 'Activo', NULL, '2023-05-05 14:45:06', '2023-05-05 14:45:06'),
(33, 'CUMIPLA', 'ORURO', NULL, 'S/N', NULL, 'S/N', NULL, 'Activo', NULL, '2023-05-05 14:45:23', '2023-05-05 14:45:23'),
(34, 'FOXMIN', 'ORURO', NULL, 'S/N', NULL, 'S/N', NULL, 'Activo', NULL, '2023-05-05 14:45:43', '2023-05-05 14:45:43'),
(35, 'FOROZA', 'ORURO', NULL, '5212746', NULL, 'S/N', NULL, 'Activo', NULL, '2023-05-05 14:46:01', '2023-05-05 14:46:01'),
(36, 'CAMBLA', 'ORURO', NULL, 'S/N', NULL, 'S/N', NULL, 'Activo', NULL, '2023-05-05 14:46:15', '2023-05-05 14:46:15'),
(37, 'COMERMIN', 'ORURO', NULL, 'S/N', NULL, 'S/N', NULL, 'Activo', NULL, '2023-05-05 14:46:28', '2023-05-05 14:46:28'),
(38, 'TIWANACU', 'ORURO', NULL, '5273100', NULL, 'S/N', NULL, 'Activo', NULL, '2023-05-05 14:46:45', '2023-05-05 14:46:45'),
(39, 'OLGUITA', 'ORURO', NULL, 'S/N', NULL, 'S/N', NULL, 'Activo', NULL, '2023-05-05 14:46:56', '2023-05-05 14:46:56'),
(40, 'MEGA MILERS S.R.L.', 'ORURO', NULL, 'S/N', NULL, 'S/N', NULL, 'Activo', NULL, '2023-05-05 14:47:17', '2023-05-05 14:47:17'),
(41, 'TEMICON', 'ORURO', NULL, 'S/N', NULL, 'S/N', NULL, 'Activo', NULL, '2023-05-05 14:47:32', '2023-05-05 14:47:32'),
(42, 'MINEXA S.R.L.', 'ORURO', NULL, 'S/N', NULL, 'S/N', NULL, 'Activo', NULL, '2023-05-05 14:47:48', '2023-05-05 14:47:48'),
(43, 'COMIMET', 'ORURO', NULL, 'S/N', NULL, 'S/N', NULL, 'Activo', NULL, '2023-05-05 14:48:03', '2023-05-05 14:48:03'),
(44, 'SAN CLEMENTE', 'ORURO', NULL, 'S/N', NULL, 'S/N', NULL, 'Activo', NULL, '2023-05-05 14:48:17', '2023-05-05 14:48:17'),
(45, 'COSCAMI', 'ORURO', NULL, 'S/N', NULL, 'S/N', NULL, 'Activo', NULL, '2023-05-05 14:48:31', '2023-05-05 14:48:31'),
(46, 'TAMIX METALS', 'ORURO', NULL, 'S/N', NULL, 'S/N', NULL, 'Activo', NULL, '2023-05-05 14:48:49', '2023-05-05 14:48:49'),
(47, 'COLQUECHAQUITA', 'ORURO', NULL, 'S/N', NULL, 'S/N', NULL, 'Activo', NULL, '2023-05-05 14:49:02', '2023-05-05 14:49:02'),
(48, 'SUSE-MET', 'ORURO', NULL, 'S/N', NULL, 'S/N', NULL, 'Activo', NULL, '2023-05-05 14:49:25', '2023-05-05 14:49:25'),
(49, 'EVISU', 'ORURO', NULL, 'S/N', NULL, 'S/N', NULL, 'Activo', NULL, '2023-05-05 14:49:38', '2023-05-05 14:49:38'),
(50, 'TOMIMETALS', 'ORURO', NULL, 'S/N', NULL, 'S/N', NULL, 'Activo', NULL, '2023-05-05 14:49:51', '2023-05-05 14:49:51'),
(51, 'TAX IMETALS', 'ORURO', NULL, 'S/N', NULL, 'S/N', NULL, 'Activo', NULL, '2023-05-05 14:50:10', '2023-05-05 14:50:10'),
(52, 'COLQUECHACA - MINIG LTDA.', 'ORURO', NULL, 'S/N', NULL, 'S/N', NULL, 'Activo', NULL, '2023-05-05 14:50:28', '2023-05-05 14:50:28'),
(53, 'PROMEX-BOL', 'ORURO', NULL, '5278599', NULL, 'S/N', NULL, 'Activo', NULL, '2023-05-05 14:50:49', '2023-05-05 14:50:49'),
(54, 'MABRAMA S.R.L.', 'ORURO', NULL, 'S/N', NULL, 'S/N', NULL, 'Activo', NULL, '2023-05-05 14:51:11', '2023-05-05 14:51:11'),
(55, 'EM-CARBOL', 'ORURO', NULL, 'S/N', NULL, 'S/N', NULL, 'Activo', NULL, '2023-05-05 14:51:26', '2023-05-05 14:51:26'),
(56, 'MINING S.R.L.', 'ORURO', NULL, 'S/N', NULL, 'S/N', NULL, 'Activo', NULL, '2023-05-19 09:47:09', '2023-05-19 09:47:09'),
(57, 'SANCO MINS', 'ORURO', NULL, '12152', NULL, '13', NULL, 'Activo', NULL, '2023-06-19 01:25:23', '2023-06-19 01:25:23'),
(58, 'PROMETEO', 'ORURO', NULL, '123456', NULL, '123456', NULL, 'Activo', NULL, '2023-12-07 10:20:17', '2023-12-07 10:20:17'),
(59, 'TON SILVER', 'ORURO', NULL, '7689', NULL, '1234', NULL, 'Activo', NULL, '2024-02-05 15:29:39', '2024-02-05 15:29:39'),
(60, 'MINIG FLOWER', 'ORURO', NULL, '7865', NULL, '23567', NULL, 'Activo', NULL, '2024-02-05 15:30:28', '2024-02-06 14:27:04'),
(61, 'Cosmin', 'ORURO', NULL, '288521', NULL, '23040788542', NULL, 'Activo', NULL, '2024-05-04 00:46:54', '2024-05-04 00:46:54'),
(62, 'FERCOMET', 'ORURO', NULL, 'S/N', NULL, 'S/N', NULL, 'Activo', NULL, '2024-05-16 12:10:23', '2024-05-16 12:10:23'),
(63, 'NETOMIN', 'ORURO', NULL, 'S/N', NULL, 'S/N', NULL, 'Activo', NULL, '2024-05-16 12:10:44', '2024-05-16 12:10:44'),
(64, 'MINERA EDERRA SRL.', 'ORURO', NULL, 'S/N', NULL, 'S/N', NULL, 'Activo', NULL, '2024-05-16 12:11:36', '2024-05-16 12:11:36'),
(65, 'COSMIN', 'ORURO', NULL, 'S/N', NULL, 'S/N', NULL, 'Activo', NULL, '2024-05-16 12:12:01', '2024-05-16 12:12:01'),
(66, 'LAMBOL S.A.', 'POTOSI', NULL, 'S/N', NULL, 'S/N', NULL, 'Activo', NULL, '2024-05-20 11:04:14', '2024-09-09 09:57:32'),
(67, 'VIRCOMINBOL', 'POTOSI', NULL, '71856859', NULL, 'S/N', NULL, 'Activo', NULL, '2024-07-08 16:13:32', '2024-07-08 16:13:32'),
(68, 'COOPERATIVA MINERA POOPO RELAVES', 'ORURO', NULL, 'S/n', NULL, 'S/n', NULL, 'Activo', NULL, '2024-08-23 11:04:53', '2024-08-23 11:04:53'),
(69, 'CORDILLERA', 'ORURO', NULL, '76155280', NULL, 'S/N', NULL, 'Activo', NULL, '2024-09-30 09:43:43', '2024-09-30 09:43:43'),
(70, 'INCARBOL', 'ORURO', NULL, 'S/N', NULL, 'S/N', NULL, 'Activo', NULL, '2024-10-01 11:32:26', '2024-10-01 11:32:26'),
(71, 'QORISABA', 'ORURO', NULL, 'S/n', NULL, 'S/n', NULL, 'Activo', NULL, '2024-12-05 16:49:50', '2024-12-05 16:49:50'),
(72, 'ALTATERRA EMPRESA MINERA', 'ORURO', NULL, 'S/N', NULL, 'S/N', NULL, 'Activo', NULL, '2025-02-17 14:21:07', '2025-02-17 14:21:07'),
(73, 'TERRABOL MINING', 'ORURO', NULL, 'S/N', NULL, 'S/N', NULL, 'Activo', NULL, '2025-02-20 13:15:48', '2025-02-20 13:15:48'),
(74, 'LA ESPLENDIDA', 'ORURO', NULL, 'S/N', NULL, 'S/N', NULL, 'Activo', NULL, '2025-05-21 17:36:39', '2025-05-21 17:36:39'),
(75, 'JUCHUY ORKO LTDA.', 'ORURO', NULL, 'S/N', NULL, 'S/N', NULL, 'Activo', NULL, '2025-05-23 12:55:20', '2025-05-23 12:55:20');

-- --------------------------------------------------------

--
-- Estructura de tabla para la tabla `failed_jobs`
--

CREATE TABLE `failed_jobs` (
  `id` bigint(20) UNSIGNED NOT NULL,
  `uuid` varchar(255) NOT NULL,
  `connection` text NOT NULL,
  `queue` text NOT NULL,
  `payload` longtext NOT NULL,
  `exception` longtext NOT NULL,
  `failed_at` timestamp NOT NULL DEFAULT current_timestamp()
) ENGINE=InnoDB DEFAULT CHARSET=utf8mb4 COLLATE=utf8mb4_unicode_ci;

-- --------------------------------------------------------

--
-- Estructura de tabla para la tabla `migrations`
--

CREATE TABLE `migrations` (
  `id` int(10) UNSIGNED NOT NULL,
  `migration` varchar(255) NOT NULL,
  `batch` int(11) NOT NULL
) ENGINE=InnoDB DEFAULT CHARSET=utf8mb4 COLLATE=utf8mb4_unicode_ci;

--
-- Volcado de datos para la tabla `migrations`
--

INSERT INTO `migrations` (`id`, `migration`, `batch`) VALUES
(1, '2014_10_12_000000_create_users_table', 1),
(2, '2014_10_12_100000_create_password_resets_table', 1),
(3, '2019_08_19_000000_create_failed_jobs_table', 1),
(4, '2019_12_14_000001_create_personal_access_tokens_table', 1),
(5, '2022_11_14_205413_create_permission_tables', 1),
(6, '2022_11_15_003937_create_drivers_table', 1),
(7, '2022_11_15_004035_create_empresas_table', 1),
(8, '2022_11_15_004059_create_contratistas_table', 1),
(9, '2022_11_15_004118_create_transportes_table', 1),
(10, '2022_11_15_004139_create_tornaguias_table', 1),
(11, '2024_09_03_055125_add_tornaguia', 2),
(12, '2024_09_03_061737_add_drivers', 2);

-- --------------------------------------------------------

--
-- Estructura de tabla para la tabla `model_has_permissions`
--

CREATE TABLE `model_has_permissions` (
  `permission_id` bigint(20) UNSIGNED NOT NULL,
  `model_type` varchar(255) NOT NULL,
  `model_id` bigint(20) UNSIGNED NOT NULL
) ENGINE=InnoDB DEFAULT CHARSET=utf8mb4 COLLATE=utf8mb4_unicode_ci;

--
-- Volcado de datos para la tabla `model_has_permissions`
--

INSERT INTO `model_has_permissions` (`permission_id`, `model_type`, `model_id`) VALUES
(1, 'App\\Models\\User', 1),
(1, 'App\\Models\\User', 18),
(1, 'App\\Models\\User', 27),
(2, 'App\\Models\\User', 1),
(2, 'App\\Models\\User', 18),
(3, 'App\\Models\\User', 1),
(3, 'App\\Models\\User', 18),
(3, 'App\\Models\\User', 27),
(4, 'App\\Models\\User', 1),
(4, 'App\\Models\\User', 18),
(5, 'App\\Models\\User', 1),
(5, 'App\\Models\\User', 18),
(5, 'App\\Models\\User', 27),
(6, 'App\\Models\\User', 1),
(6, 'App\\Models\\User', 18),
(7, 'App\\Models\\User', 1),
(7, 'App\\Models\\User', 18),
(7, 'App\\Models\\User', 27),
(8, 'App\\Models\\User', 1),
(8, 'App\\Models\\User', 18),
(9, 'App\\Models\\User', 1),
(9, 'App\\Models\\User', 18),
(9, 'App\\Models\\User', 23),
(9, 'App\\Models\\User', 24),
(9, 'App\\Models\\User', 26),
(9, 'App\\Models\\User', 27),
(10, 'App\\Models\\User', 1),
(10, 'App\\Models\\User', 18),
(10, 'App\\Models\\User', 23),
(10, 'App\\Models\\User', 24),
(10, 'App\\Models\\User', 26),
(11, 'App\\Models\\User', 1),
(11, 'App\\Models\\User', 18),
(11, 'App\\Models\\User', 23),
(11, 'App\\Models\\User', 24),
(11, 'App\\Models\\User', 26),
(11, 'App\\Models\\User', 27),
(12, 'App\\Models\\User', 1),
(12, 'App\\Models\\User', 18),
(13, 'App\\Models\\User', 1),
(13, 'App\\Models\\User', 18),
(13, 'App\\Models\\User', 23),
(13, 'App\\Models\\User', 24),
(13, 'App\\Models\\User', 26),
(13, 'App\\Models\\User', 27),
(14, 'App\\Models\\User', 1),
(14, 'App\\Models\\User', 18),
(14, 'App\\Models\\User', 23),
(14, 'App\\Models\\User', 24),
(14, 'App\\Models\\User', 26),
(15, 'App\\Models\\User', 1),
(15, 'App\\Models\\User', 18),
(15, 'App\\Models\\User', 23),
(15, 'App\\Models\\User', 24),
(15, 'App\\Models\\User', 26),
(15, 'App\\Models\\User', 27),
(16, 'App\\Models\\User', 1),
(16, 'App\\Models\\User', 18),
(16, 'App\\Models\\User', 23),
(16, 'App\\Models\\User', 24),
(17, 'App\\Models\\User', 1),
(17, 'App\\Models\\User', 18),
(17, 'App\\Models\\User', 23),
(17, 'App\\Models\\User', 24),
(17, 'App\\Models\\User', 26),
(17, 'App\\Models\\User', 27),
(18, 'App\\Models\\User', 1),
(18, 'App\\Models\\User', 18),
(18, 'App\\Models\\User', 23),
(18, 'App\\Models\\User', 24),
(18, 'App\\Models\\User', 26),
(19, 'App\\Models\\User', 1),
(19, 'App\\Models\\User', 18),
(19, 'App\\Models\\User', 23),
(19, 'App\\Models\\User', 24),
(19, 'App\\Models\\User', 26),
(19, 'App\\Models\\User', 27),
(20, 'App\\Models\\User', 1),
(20, 'App\\Models\\User', 18),
(21, 'App\\Models\\User', 1),
(21, 'App\\Models\\User', 18),
(21, 'App\\Models\\User', 27),
(22, 'App\\Models\\User', 1),
(22, 'App\\Models\\User', 18),
(22, 'App\\Models\\User', 27),
(23, 'App\\Models\\User', 1),
(23, 'App\\Models\\User', 18),
(23, 'App\\Models\\User', 27),
(24, 'App\\Models\\User', 1),
(24, 'App\\Models\\User', 27);

-- --------------------------------------------------------

--
-- Estructura de tabla para la tabla `model_has_roles`
--

CREATE TABLE `model_has_roles` (
  `role_id` bigint(20) UNSIGNED NOT NULL,
  `model_type` varchar(255) NOT NULL,
  `model_id` bigint(20) UNSIGNED NOT NULL
) ENGINE=InnoDB DEFAULT CHARSET=utf8mb4 COLLATE=utf8mb4_unicode_ci;

-- --------------------------------------------------------

--
-- Estructura de tabla para la tabla `password_resets`
--

CREATE TABLE `password_resets` (
  `email` varchar(255) NOT NULL,
  `token` varchar(255) NOT NULL,
  `created_at` timestamp NULL DEFAULT NULL
) ENGINE=InnoDB DEFAULT CHARSET=utf8mb4 COLLATE=utf8mb4_unicode_ci;

-- --------------------------------------------------------

--
-- Estructura de tabla para la tabla `permissions`
--

CREATE TABLE `permissions` (
  `id` bigint(20) UNSIGNED NOT NULL,
  `name` varchar(255) NOT NULL,
  `guard_name` varchar(255) NOT NULL,
  `created_at` timestamp NULL DEFAULT NULL,
  `updated_at` timestamp NULL DEFAULT NULL
) ENGINE=InnoDB DEFAULT CHARSET=utf8mb4 COLLATE=utf8mb4_unicode_ci;

--
-- Volcado de datos para la tabla `permissions`
--

INSERT INTO `permissions` (`id`, `name`, `guard_name`, `created_at`, `updated_at`) VALUES
(1, 'empresa create', 'web', '2023-01-31 00:54:35', '2023-01-31 00:54:35'),
(2, 'empresa read', 'web', '2023-01-31 00:54:35', '2023-01-31 00:54:35'),
(3, 'empresa update', 'web', '2023-01-31 00:54:35', '2023-01-31 00:54:35'),
(4, 'empresa delete', 'web', '2023-01-31 00:54:35', '2023-01-31 00:54:35'),
(5, 'contratista create', 'web', '2023-01-31 00:54:35', '2023-01-31 00:54:35'),
(6, 'contratista read', 'web', '2023-01-31 00:54:35', '2023-01-31 00:54:35'),
(7, 'contratista update', 'web', '2023-01-31 00:54:35', '2023-01-31 00:54:35'),
(8, 'contratista delete', 'web', '2023-01-31 00:54:35', '2023-01-31 00:54:35'),
(9, 'transporte create', 'web', '2023-01-31 00:54:35', '2023-01-31 00:54:35'),
(10, 'transporte read', 'web', '2023-01-31 00:54:35', '2023-01-31 00:54:35'),
(11, 'transporte update', 'web', '2023-01-31 00:54:35', '2023-01-31 00:54:35'),
(12, 'transporte delete', 'web', '2023-01-31 00:54:35', '2023-01-31 00:54:35'),
(13, 'tornaguia create', 'web', '2023-01-31 00:54:35', '2023-01-31 00:54:35'),
(14, 'tornaguia read', 'web', '2023-01-31 00:54:35', '2023-01-31 00:54:35'),
(15, 'tornaguia update', 'web', '2023-01-31 00:54:35', '2023-01-31 00:54:35'),
(16, 'tornaguia delete', 'web', '2023-01-31 00:54:35', '2023-01-31 00:54:35'),
(17, 'conductor create', 'web', '2023-01-31 00:54:35', '2023-01-31 00:54:35'),
(18, 'conductor read', 'web', '2023-01-31 00:54:35', '2023-01-31 00:54:35'),
(19, 'conductor update', 'web', '2023-01-31 00:54:35', '2023-01-31 00:54:35'),
(20, 'conductor delete', 'web', '2023-01-31 00:54:35', '2023-01-31 00:54:35'),
(21, 'user create', 'web', '2023-01-31 00:54:35', '2023-01-31 00:54:35'),
(22, 'user read', 'web', '2023-01-31 00:54:35', '2023-01-31 00:54:35'),
(23, 'user update', 'web', '2023-01-31 00:54:35', '2023-01-31 00:54:35'),
(24, 'user delete', 'web', '2023-01-31 00:54:35', '2023-01-31 00:54:35');

-- --------------------------------------------------------

--
-- Estructura de tabla para la tabla `personal_access_tokens`
--

CREATE TABLE `personal_access_tokens` (
  `id` bigint(20) UNSIGNED NOT NULL,
  `tokenable_type` varchar(255) NOT NULL,
  `tokenable_id` bigint(20) UNSIGNED NOT NULL,
  `name` varchar(255) NOT NULL,
  `token` varchar(64) NOT NULL,
  `abilities` text DEFAULT NULL,
  `last_used_at` timestamp NULL DEFAULT NULL,
  `expires_at` timestamp NULL DEFAULT NULL,
  `created_at` timestamp NULL DEFAULT NULL,
  `updated_at` timestamp NULL DEFAULT NULL
) ENGINE=InnoDB DEFAULT CHARSET=utf8mb4 COLLATE=utf8mb4_unicode_ci;

--
-- Volcado de datos para la tabla `personal_access_tokens`
--

INSERT INTO `personal_access_tokens` (`id`, `tokenable_type`, `tokenable_id`, `name`, `token`, `abilities`, `last_used_at`, `expires_at`, `created_at`, `updated_at`) VALUES
(408, 'App\\Models\\User', 1, 'token', '6f796754fa56a5023de8870d139b9809bc31a57b497f7344408569c33a38885d', '[\"*\"]', '2025-03-13 22:04:01', NULL, '2024-09-11 11:47:28', '2025-03-13 22:04:01'),
(424, 'App\\Models\\User', 1, 'token', '1185ba45457715d2d3708b50f583da5addc8bae2a8d4106e7eb06c81a2c32290', '[\"*\"]', '2024-12-12 13:43:59', NULL, '2024-09-16 13:29:12', '2024-12-12 13:43:59'),
(734, 'App\\Models\\User', 1, 'token', '040bc7f17ae105a4af6794b29181812db0b3c567a4102e990020abf15e5c5a96', '[\"*\"]', '2025-01-08 13:58:39', NULL, '2025-01-04 16:19:38', '2025-01-08 13:58:39'),
(740, 'App\\Models\\User', 22, 'token', '4f14d9703ace94a88a34f358c0754f4a58fbfcdef288af0ae5caf5b13093ccb1', '[\"*\"]', '2025-01-08 13:31:13', NULL, '2025-01-08 13:23:46', '2025-01-08 13:31:13'),
(1024, 'App\\Models\\User', 18, 'token', '703a2b6c4c60577dcda8a6519af4b34da6555309157a0a94643bded8b1d9655e', '[\"*\"]', '2025-05-26 21:17:36', NULL, '2025-05-23 12:56:33', '2025-05-26 21:17:36'),
(1048, 'App\\Models\\User', 26, 'token', 'fd7854a538c8055b316fa367f832b619da976119acb972ce192f6a1b94fddf43', '[\"*\"]', '2025-06-01 02:39:19', NULL, '2025-06-01 02:39:15', '2025-06-01 02:39:19'),
(1049, 'App\\Models\\User', 1, 'token', 'c8353ced7780ae291f06400baa153b884ca2704438f076607b73bbaf89ee6f86', '[\"*\"]', '2025-06-01 10:48:28', NULL, '2025-06-01 10:27:25', '2025-06-01 10:48:28'),
(1050, 'App\\Models\\User', 1, 'token', '81c38325ed5c90f0b1c5cfe879c978bdd358148f14ee6216a5cd970fcf580d9a', '[\"*\"]', '2025-06-02 00:50:54', NULL, '2025-06-01 23:38:50', '2025-06-02 00:50:54'),
(1051, 'App\\Models\\User', 1, 'token', 'a1971ed638124464e1f87521ea0621d0dd25196b88dab0afed6ef576891affde', '[\"*\"]', '2025-06-06 10:26:19', NULL, '2025-06-02 00:59:23', '2025-06-06 10:26:19'),
(1052, 'App\\Models\\User', 1, 'token', '0557d0832ce35cc886e1f53231ee80547079d5f1b6ad54a6ca7b0ef5988813ec', '[\"*\"]', '2025-06-02 09:49:16', NULL, '2025-06-02 09:31:00', '2025-06-02 09:49:16'),
(1053, 'App\\Models\\User', 1, 'token', '2bf14f559afcecb91b8b421469e57440060c82c712b653b13fe095da9baed369', '[\"*\"]', '2025-06-13 09:38:05', NULL, '2025-06-13 07:23:24', '2025-06-13 09:38:05'),
(1054, 'App\\Models\\User', 1, 'token', '62692fdcd4391c4b6fbd02040ab200d7c55475a24ab3b523036a1dd4daa9e49f', '[\"*\"]', '2025-06-13 09:56:53', NULL, '2025-06-13 09:56:53', '2025-06-13 09:56:53'),
(1055, 'App\\Models\\User', 1, 'token', 'a8365d86b345b638154c8d9f98736323c295301bc6310747700efecab1ea59d0', '[\"*\"]', '2025-06-13 10:08:29', NULL, '2025-06-13 10:03:43', '2025-06-13 10:08:29');

-- --------------------------------------------------------

--
-- Estructura de tabla para la tabla `roles`
--

CREATE TABLE `roles` (
  `id` bigint(20) UNSIGNED NOT NULL,
  `name` varchar(255) NOT NULL,
  `guard_name` varchar(255) NOT NULL,
  `created_at` timestamp NULL DEFAULT NULL,
  `updated_at` timestamp NULL DEFAULT NULL
) ENGINE=InnoDB DEFAULT CHARSET=utf8mb4 COLLATE=utf8mb4_unicode_ci;

-- --------------------------------------------------------

--
-- Estructura de tabla para la tabla `role_has_permissions`
--

CREATE TABLE `role_has_permissions` (
  `permission_id` bigint(20) UNSIGNED NOT NULL,
  `role_id` bigint(20) UNSIGNED NOT NULL
) ENGINE=InnoDB DEFAULT CHARSET=utf8mb4 COLLATE=utf8mb4_unicode_ci;

-- --------------------------------------------------------

--
-- Estructura de tabla para la tabla `tornaguias`
--

CREATE TABLE `tornaguias` (
  `id` bigint(20) UNSIGNED NOT NULL,
  `fecha` date DEFAULT NULL,
  `numero` varchar(255) DEFAULT NULL,
  `yacimiento` varchar(255) DEFAULT NULL,
  `tranca` varchar(255) DEFAULT NULL,
  `cuadrilla` varchar(255) DEFAULT NULL,
  `tipoMaterial` varchar(255) DEFAULT NULL,
  `minerales` varchar(255) DEFAULT NULL,
  `peso` int(11) DEFAULT NULL,
  `sacos` int(11) DEFAULT NULL,
  `transporte_id` bigint(20) UNSIGNED DEFAULT NULL,
  `empresa_id` bigint(20) UNSIGNED DEFAULT NULL,
  `contratista_id` bigint(20) UNSIGNED DEFAULT NULL,
  `user_id` bigint(20) UNSIGNED DEFAULT NULL,
  `driver_id` bigint(20) UNSIGNED DEFAULT NULL,
  `created_at` timestamp NULL DEFAULT NULL,
  `updated_at` timestamp NULL DEFAULT NULL,
  `deleted_at` timestamp NULL DEFAULT NULL,
  `hora` time DEFAULT NULL,
  `departamento` varchar(100) DEFAULT NULL,
  `centroMinero` varchar(100) DEFAULT NULL,
  `trancaSalida` varchar(100) DEFAULT NULL,
  `comprador` varchar(255) DEFAULT NULL,
  `destino` varchar(255) DEFAULT NULL,
  `nit` varchar(100) DEFAULT NULL,
  `broza` varchar(255) DEFAULT NULL,
  `cantidad` int(11) DEFAULT NULL,
  `lote` varchar(100) DEFAULT NULL,
  `tipo` varchar(255) DEFAULT NULL COMMENT 'Administrativo, Vigilancia',
  `observacionAdministrativo` varchar(255) DEFAULT NULL,
  `estadoAdministrativo` varchar(255) DEFAULT NULL,
  `observacionVigilancia` varchar(255) DEFAULT NULL,
  `aprobado` varchar(255) DEFAULT 'Pendiente' COMMENT 'Aprobado por el administrador',
  `recibido` varchar(255) DEFAULT 'Pendiente'
) ENGINE=InnoDB DEFAULT CHARSET=utf8mb4 COLLATE=utf8mb4_unicode_ci;

--
-- Volcado de datos para la tabla `tornaguias`
--

INSERT INTO `tornaguias` (`id`, `fecha`, `numero`, `yacimiento`, `tranca`, `cuadrilla`, `tipoMaterial`, `minerales`, `peso`, `sacos`, `transporte_id`, `empresa_id`, `contratista_id`, `user_id`, `driver_id`, `created_at`, `updated_at`, `deleted_at`, `hora`, `departamento`, `centroMinero`, `trancaSalida`, `comprador`, `destino`, `nit`, `broza`, `cantidad`, `lote`, `tipo`, `observacionAdministrativo`, `estadoAdministrativo`, `observacionVigilancia`, `aprobado`, `recibido`) VALUES
(18058, '2025-05-30', '4568', 'SAN AGUSTIN', 'BOLIVAR', 'TICONA', 'Mineral', 'Pb,Ag,Zn,,', 17, NULL, 103, 7, 151, 23, 20, '2025-05-21 13:12:32', '2025-05-31 00:37:35', NULL, '08:51:00', NULL, NULL, NULL, NULL, NULL, NULL, NULL, NULL, NULL, NULL, NULL, NULL, NULL, 'Pendiente', 'Pendiente'),
(18081, '2025-05-22', '4300', 'KAJCHA CRUZ', 'VICHULOMA', 'VIZARRO', 'Mineral', 'Zn,Pb,Ag,', 17, NULL, 29, 11, 206, 23, 30, '2025-05-22 09:58:47', '2025-05-22 09:58:47', NULL, '03:34:00', NULL, NULL, NULL, NULL, NULL, NULL, NULL, NULL, NULL, NULL, NULL, NULL, NULL, 'Pendiente', 'Pendiente'),
(18082, '2025-05-22', '4301', 'RAMPA 2', 'VICHULOMA', 'LIMA', 'Mineral', 'Zn,Pb,Ag,', 17, NULL, 86, 12, 548, 23, 98, '2025-05-22 10:59:12', '2025-05-22 10:59:12', NULL, '05:59:00', NULL, NULL, NULL, NULL, NULL, NULL, NULL, NULL, NULL, NULL, NULL, NULL, NULL, 'Pendiente', 'Pendiente'),
(18083, '2025-05-22', '4302', 'RAMPA 2', 'VICHULOMA', 'NUÑES', 'Mineral', 'Zn,Pb,Ag,,', 17, NULL, 40, 12, 16, 23, 39, '2025-05-22 11:01:42', '2025-05-22 11:13:55', NULL, '07:00:00', NULL, NULL, NULL, NULL, NULL, NULL, NULL, NULL, NULL, NULL, NULL, NULL, NULL, 'Pendiente', 'Pendiente'),
(18084, '2025-05-22', '4303', 'SAN AGUSTIN', 'BOLIVAR', 'GOME', 'Mineral', 'Ag,Pb,Zn,', 17, NULL, 165, 7, 475, 23, 171, '2025-05-22 11:05:48', '2025-05-22 11:05:48', NULL, '07:02:00', NULL, NULL, NULL, NULL, NULL, NULL, NULL, NULL, NULL, NULL, NULL, NULL, NULL, 'Pendiente', 'Pendiente'),
(18085, '2025-05-22', '4304', 'NIVEL 14', 'BOLIVAR', 'ACHO', 'Mineral', 'Ag,Pb,Zn,', 17, NULL, 27, 7, 702, 26, 28, '2025-05-22 11:43:20', '2025-05-22 11:43:20', NULL, '07:41:00', NULL, NULL, NULL, NULL, NULL, NULL, NULL, NULL, NULL, NULL, NULL, NULL, NULL, 'Pendiente', 'Pendiente'),
(18086, '2025-05-22', '4305', 'KAJCHITO-TOLL', 'VICHULOMA', 'CONDORI', 'Mineral', 'Ag,Pb,Zn,,', 17, NULL, 194, 44, 410, 26, 140, '2025-05-22 11:55:32', '2025-05-22 11:55:53', NULL, '07:53:00', NULL, NULL, NULL, NULL, NULL, NULL, NULL, NULL, NULL, NULL, NULL, NULL, NULL, 'Pendiente', 'Pendiente'),
(18087, '2025-05-22', '4306', 'JALSURI-TOLL', 'VICHULOMA', 'LOPEZ', 'Mineral', 'Ag,Pb,Zn,', 17, NULL, 285, 44, 583, 26, 138, '2025-05-22 12:42:14', '2025-05-22 12:42:14', NULL, '08:12:00', NULL, NULL, NULL, NULL, NULL, NULL, NULL, NULL, NULL, NULL, NULL, NULL, NULL, 'Pendiente', 'Pendiente'),
(18088, '2025-05-22', '4307', '14 DE SEPTEIMBRE-TOLL', 'VICHULOMA', 'CALDERON', 'Mineral', 'Ag,Pb,Zn,', 17, NULL, 101, 44, 297, 26, 300, '2025-05-22 12:54:33', '2025-05-22 12:54:33', NULL, '08:52:00', NULL, NULL, NULL, NULL, NULL, NULL, NULL, NULL, NULL, NULL, NULL, NULL, NULL, 'Pendiente', 'Pendiente'),
(18089, '2025-05-22', '4308', 'RAMPHA 2', 'VICHULOMA', 'NUÑEZ', 'Mineral', 'Ag,Pb,Zn,', 17, NULL, 103, 12, 645, 26, 20, '2025-05-22 13:13:37', '2025-05-22 13:13:37', NULL, '09:12:00', NULL, NULL, NULL, NULL, NULL, NULL, NULL, NULL, NULL, NULL, NULL, NULL, NULL, 'Pendiente', 'Pendiente'),
(18090, '2025-05-22', '4309', '14 DE SEPTEIMBRE', 'BOLIVAR', 'CALDERON', 'Mineral', 'Ag,Pb,Zn,', 17, NULL, 14, 7, 297, 26, 14, '2025-05-22 13:39:43', '2025-05-22 13:39:43', NULL, '09:38:00', NULL, NULL, NULL, NULL, NULL, NULL, NULL, NULL, NULL, NULL, NULL, NULL, NULL, 'Pendiente', 'Pendiente'),
(18091, '2025-05-22', '4310', 'KAJCHITO-TOLL', 'VICHULOMA', 'CONDORI', 'Mineral', 'Ag,Pb,Zn,,', 17, NULL, 246, 44, 410, 26, 140, '2025-05-22 14:25:18', '2025-05-22 14:26:29', NULL, '10:22:00', NULL, NULL, NULL, NULL, NULL, NULL, NULL, NULL, NULL, NULL, NULL, NULL, NULL, 'Pendiente', 'Pendiente'),
(18092, '2025-05-22', '4311', '14 DE SEPTIEMBRE-LIBRA FINA', 'VICHULOMA', 'FERNANDEZ', 'Mineral', 'Ag,Zn,,,', 7820, NULL, 73, 44, 447, 26, 196, '2025-05-22 14:35:13', '2025-05-22 14:37:23', NULL, '10:33:00', NULL, NULL, NULL, NULL, NULL, NULL, NULL, NULL, NULL, NULL, NULL, NULL, NULL, 'Pendiente', 'Pendiente'),
(18093, '2025-05-22', '4312', '14 DE SEPTIEMBRE-LIBRA FINA', 'VICHULOMA', 'FERNANDEZ', 'Mineral', 'Ag,Pb,', 1850, NULL, 73, 44, 447, 26, 196, '2025-05-22 14:39:26', '2025-05-22 14:39:26', NULL, '10:38:00', NULL, NULL, NULL, NULL, NULL, NULL, NULL, NULL, NULL, NULL, NULL, NULL, NULL, 'Pendiente', 'Pendiente'),
(18094, '2025-05-22', '4313', 'GRAN PODER', 'BOLIVAR', 'LOPEZ', 'Mineral', 'Ag,Pb,Zn,', 17, NULL, 26, 7, 563, 26, 28, '2025-05-22 14:48:34', '2025-05-22 14:48:34', NULL, '10:47:00', NULL, NULL, NULL, NULL, NULL, NULL, NULL, NULL, NULL, NULL, NULL, NULL, NULL, 'Pendiente', 'Pendiente'),
(18095, '2025-05-22', '4314', 'NIVEL 11-TOLL', 'VICHULOMA', 'GONZALES', 'Mineral', 'Ag,Pb,Zn,', 17, NULL, 289, 35, 478, 26, 292, '2025-05-22 14:55:50', '2025-05-22 14:55:50', NULL, '10:50:00', NULL, NULL, NULL, NULL, NULL, NULL, NULL, NULL, NULL, NULL, NULL, NULL, NULL, 'Pendiente', 'Pendiente'),
(18096, '2025-05-22', '4315', 'BLANQUITA', 'BOLIVAR', 'CHIRILLA', 'Mineral', 'Ag,Pb,Zn,', 17, NULL, 21, 7, 363, 26, 103, '2025-05-22 14:58:58', '2025-05-22 14:58:58', NULL, '10:57:00', NULL, NULL, NULL, NULL, NULL, NULL, NULL, NULL, NULL, NULL, NULL, NULL, NULL, 'Pendiente', 'Pendiente'),
(18097, '2025-05-22', '4316', 'NUEVA ESPERANZA', 'VICHULOMA', 'QUISPE', 'Mineral', 'Ag,Pb,Zn,', 17, NULL, 92, 62, 72, 26, 77, '2025-05-22 15:10:30', '2025-05-22 15:10:30', NULL, '11:04:00', NULL, NULL, NULL, NULL, NULL, NULL, NULL, NULL, NULL, NULL, NULL, NULL, NULL, 'Pendiente', 'Pendiente'),
(18098, '2025-05-22', '4317', 'MERCEDITA', 'VICHULOMA', 'USCAMAYTA', 'Mineral', 'Ag,Pb,Zn,', 17, NULL, 33, 13, 688, 26, 34, '2025-05-22 15:13:31', '2025-05-22 15:13:31', NULL, '11:11:00', NULL, NULL, NULL, NULL, NULL, NULL, NULL, NULL, NULL, NULL, NULL, NULL, NULL, 'Pendiente', 'Pendiente'),
(18099, '2025-05-22', '4318', 'SANTA BARBARITA', 'VICHULOMA', 'CHAMBI', 'Mineral', 'Ag,Pb,Zn,', 17, NULL, 164, 11, 343, 26, 72, '2025-05-22 15:43:35', '2025-05-22 15:43:35', NULL, '11:15:00', NULL, NULL, NULL, NULL, NULL, NULL, NULL, NULL, NULL, NULL, NULL, NULL, NULL, 'Pendiente', 'Pendiente'),
(18100, '2025-05-22', '4319', '14 DE SEPTIEMBRE', 'BOLIVAR', 'SOLIZ', 'Mineral', 'Ag,Pb,Zn,', 17, NULL, 16, 7, 123, 26, 15, '2025-05-22 16:00:03', '2025-05-22 16:00:03', NULL, '11:57:00', NULL, NULL, NULL, NULL, NULL, NULL, NULL, NULL, NULL, NULL, NULL, NULL, NULL, 'Pendiente', 'Pendiente'),
(18101, '2025-05-22', '4320', 'BLANQUITA', 'VICHULOMA', 'BUSTOS', 'Mineral', 'Ag,Pb,Zn,', 17, NULL, 49, 11, 292, 26, 150, '2025-05-22 16:15:53', '2025-05-22 16:15:53', NULL, '12:11:00', NULL, NULL, NULL, NULL, NULL, NULL, NULL, NULL, NULL, NULL, NULL, NULL, NULL, 'Pendiente', 'Pendiente'),
(18102, '2025-05-22', '4321', 'SANTO TORIBIO', 'VICHULOMA', 'MAMANI', 'Mineral', 'Ag,Pb,Zn,', 17, NULL, 37, 12, 605, 26, 298, '2025-05-22 16:40:28', '2025-05-22 16:40:28', NULL, '12:38:00', NULL, NULL, NULL, NULL, NULL, NULL, NULL, NULL, NULL, NULL, NULL, NULL, NULL, 'Pendiente', 'Pendiente'),
(18103, '2025-05-22', '4322', 'SAN AGUSTIN', 'BOLIVAR', 'RAMOS', 'Mineral', 'Ag,Pb,Zn,', 17, NULL, 190, 7, 105, 26, 256, '2025-05-22 17:49:02', '2025-05-22 17:49:02', NULL, '13:44:00', NULL, NULL, NULL, NULL, NULL, NULL, NULL, NULL, NULL, NULL, NULL, NULL, NULL, 'Pendiente', 'Pendiente'),
(18104, '2025-05-22', '4323', 'COLORADOS-TOLL', 'VICHULOMA', 'PEREZ', 'Mineral', 'Ag,Pb,Zn,', 17, NULL, 66, 74, 30, 26, 26, '2025-05-22 18:11:51', '2025-05-22 18:11:51', NULL, '14:08:00', NULL, NULL, NULL, NULL, NULL, NULL, NULL, NULL, NULL, NULL, NULL, NULL, NULL, 'Pendiente', 'Pendiente'),
(18105, '2025-05-22', '4324', 'COLORADOS-TOLL', 'VICHULOMA', 'PEREZ', 'Mineral', 'Ag,Pb,Zn,', 17, NULL, 38, 74, 30, 26, 37, '2025-05-22 18:35:07', '2025-05-22 18:35:07', NULL, '14:24:00', NULL, NULL, NULL, NULL, NULL, NULL, NULL, NULL, NULL, NULL, NULL, NULL, NULL, 'Pendiente', 'Pendiente'),
(18106, '2025-05-22', '4325', 'SANTO TORIBIO', 'BOLIVAR', 'LOPEZ', 'Mineral', 'Ag,Pb,Zn,', 17, NULL, 25, 7, 568, 26, 163, '2025-05-22 18:38:15', '2025-05-22 18:38:15', NULL, '14:37:00', NULL, NULL, NULL, NULL, NULL, NULL, NULL, NULL, NULL, NULL, NULL, NULL, NULL, 'Pendiente', 'Pendiente'),
(18107, '2025-05-22', '4326', 'KAJCHITO-TOLL', 'VICHULOMA', 'CONDORI', 'Mineral', 'Ag,Pb,Zn,', 17, NULL, 246, 44, 410, 26, 140, '2025-05-22 18:49:26', '2025-05-22 18:49:26', NULL, '14:48:00', NULL, NULL, NULL, NULL, NULL, NULL, NULL, NULL, NULL, NULL, NULL, NULL, NULL, 'Pendiente', 'Pendiente'),
(18108, '2025-05-22', '4327', 'SANTO TORIBIO', 'BOLIVAR', 'AGUILAR', 'Mineral', 'Ag,Pb,Zn,', 17, NULL, 207, 7, 245, 26, 125, '2025-05-22 20:29:34', '2025-05-22 20:29:34', NULL, '16:28:00', NULL, NULL, NULL, NULL, NULL, NULL, NULL, NULL, NULL, NULL, NULL, NULL, NULL, 'Pendiente', 'Pendiente'),
(18109, '2025-05-22', '4328', '14 DE SEPTIEMBRE', 'BOLIVAR', 'PINTO', 'Mineral', 'Ag,Pb,Zn,', 17, NULL, 215, 7, 36, 26, 247, '2025-05-22 21:31:54', '2025-05-22 21:31:54', NULL, '17:30:00', NULL, NULL, NULL, NULL, NULL, NULL, NULL, NULL, NULL, NULL, NULL, NULL, NULL, 'Pendiente', 'Pendiente'),
(18110, '2025-05-22', '4329', 'kajcha cruz', 'vichuloma', 'lima', 'Mineral', 'Zn,Pb,Ag,', 17, NULL, 31, 11, 552, 23, 32, '2025-05-23 00:46:58', '2025-05-23 00:46:58', NULL, '19:08:00', NULL, NULL, NULL, NULL, NULL, NULL, NULL, NULL, NULL, NULL, NULL, NULL, NULL, 'Pendiente', 'Pendiente'),
(18111, '2025-05-22', '4330', 'san agustin', 'bolivar', 'ZEMTEMO', 'Mineral', 'Ag,Pb,Zn,', 17, NULL, 210, 7, 213, 23, 53, '2025-05-23 00:49:25', '2025-05-23 00:49:25', NULL, '20:47:00', NULL, NULL, NULL, NULL, NULL, NULL, NULL, NULL, NULL, NULL, NULL, NULL, NULL, 'Pendiente', 'Pendiente'),
(18112, '2025-05-22', '4331', 'SANABUSNTIN', 'VICHULOMA', 'PATIZ', 'Mineral', 'Zn,Pb,Ag,', 17, NULL, 43, 62, 26, 23, 42, '2025-05-23 04:31:46', '2025-05-23 04:31:46', NULL, '20:50:00', NULL, NULL, NULL, NULL, NULL, NULL, NULL, NULL, NULL, NULL, NULL, NULL, NULL, 'Pendiente', 'Pendiente'),
(18113, '2025-05-23', '4345', '14 DE SEPTIEMBRE-TOLL', 'VICHULOMA', 'CALDERON', 'Mineral', 'Ag,Pb,Zn,,,', 17, NULL, 73, 44, 297, 26, 196, '2025-05-23 06:13:03', '2025-05-23 13:47:56', NULL, '00:32:00', NULL, NULL, NULL, NULL, NULL, NULL, NULL, NULL, NULL, NULL, NULL, NULL, NULL, 'Pendiente', 'Pendiente'),
(18114, '2025-05-23', '4333', 'SAN AGUSTIN', 'VICHULOMA', 'CHOQUE', 'Mineral', 'Zn,Pb,Ag,', 17, NULL, 103, 7, 368, 23, 20, '2025-05-23 09:25:33', '2025-05-23 09:25:33', NULL, '02:14:00', NULL, NULL, NULL, NULL, NULL, NULL, NULL, NULL, NULL, NULL, NULL, NULL, NULL, 'Pendiente', 'Pendiente'),
(18115, '2025-05-23', '4335', 'BLANQUITA', 'BOLIVAR', 'CHOQUE', 'Mineral', 'Zn,Pb,Ag,', 17, NULL, 182, 7, 646, 23, 32, '2025-05-23 09:43:27', '2025-05-23 09:43:27', NULL, '05:26:00', NULL, NULL, NULL, NULL, NULL, NULL, NULL, NULL, NULL, NULL, NULL, NULL, NULL, 'Pendiente', 'Pendiente'),
(18116, '2025-05-23', '4335', 'NIVEL 0', 'VICHULOMA', 'CARATA', 'Embolsado', 'Zn,Pb,Ag,', 17, 9, 278, 45, 667, 23, 274, '2025-05-23 10:26:28', '2025-05-23 10:26:28', NULL, '05:43:00', NULL, NULL, NULL, NULL, NULL, NULL, NULL, NULL, NULL, NULL, NULL, NULL, NULL, 'Pendiente', 'Pendiente'),
(18117, '2025-05-23', '4338', 'KAJCHA CRUZ', 'VICHULOMA', 'TITO', 'Mineral', 'Pb,Ag,Zn,,,', 17, NULL, 21, 11, 152, 26, 21, '2025-05-23 11:19:15', '2025-05-23 13:45:28', NULL, '06:26:00', NULL, NULL, NULL, NULL, NULL, NULL, NULL, NULL, NULL, NULL, NULL, NULL, NULL, 'Pendiente', 'Pendiente'),
(18118, '2025-05-23', '4340', 'NIVEL 11', 'VICHULOMA', 'CHINCHE', 'Embolsado', 'Ag,Pb,,,,,,', NULL, 21, 302, 35, 362, 26, 142, '2025-05-23 11:25:52', '2025-05-23 13:45:43', NULL, '07:24:00', NULL, NULL, NULL, NULL, NULL, NULL, NULL, NULL, NULL, NULL, NULL, NULL, NULL, 'Pendiente', 'Pendiente'),
(18119, '2025-05-23', '4341', 'SAN AGUSTIN', 'BOLIVAR', 'TICONA', 'Mineral', 'Ag,Pb,Zn,,', 17, NULL, 190, 7, 150, 26, 256, '2025-05-23 11:34:33', '2025-05-23 13:46:04', NULL, '07:33:00', NULL, NULL, NULL, NULL, NULL, NULL, NULL, NULL, NULL, NULL, NULL, NULL, NULL, 'Pendiente', 'Pendiente'),
(18120, '2025-05-23', '4343', 'KAJCHA CRUZ-TOLL', 'VICHULOMA', 'ANCALLE', 'Mineral', 'Ag,Pb,Zn,,', 17, NULL, 84, 35, 255, 26, 76, '2025-05-23 11:37:56', '2025-05-23 13:47:19', NULL, '07:36:00', NULL, NULL, NULL, NULL, NULL, NULL, NULL, NULL, NULL, NULL, NULL, NULL, NULL, 'Pendiente', 'Pendiente'),
(18121, '2025-05-23', '4342', 'NIVEL 11', 'VICHULOMA', 'CHINCHE', 'Embolsado', 'Ag,Pb,,', NULL, 12, 302, 35, 361, 26, 142, '2025-05-23 11:40:07', '2025-05-23 13:46:30', NULL, '07:39:00', NULL, NULL, NULL, NULL, NULL, NULL, NULL, NULL, NULL, NULL, NULL, NULL, NULL, 'Pendiente', 'Pendiente'),
(18122, '2025-05-23', '4344', 'JALSURI', 'VICHULOMA', 'MACHACA', 'Mineral', 'Ag,Pb,Zn,,', 17, NULL, 13, 13, 700, 26, 35, '2025-05-23 11:51:21', '2025-05-23 13:47:36', NULL, '07:44:00', NULL, NULL, NULL, NULL, NULL, NULL, NULL, NULL, NULL, NULL, NULL, NULL, NULL, 'Pendiente', 'Pendiente'),
(18123, '2025-05-23', '4346', '14 DE SEPTIEMBRE-TOLL', 'VICHULOMA', 'CALDERON', 'Mineral', 'Ag,Pb,Zn,,', 17, NULL, 101, 44, 297, 26, 300, '2025-05-23 12:13:17', '2025-05-23 13:48:10', NULL, '08:12:00', NULL, NULL, NULL, NULL, NULL, NULL, NULL, NULL, NULL, NULL, NULL, NULL, NULL, 'Pendiente', 'Pendiente'),
(18124, '2025-05-23', '4347', 'MERCEDITA', 'VICHULOMA', 'VALDES', 'Mineral', 'Ag,Pb,Zn,,', 17, NULL, 30, 13, 689, 26, 31, '2025-05-23 12:18:02', '2025-05-23 13:48:29', NULL, '08:14:00', NULL, NULL, NULL, NULL, NULL, NULL, NULL, NULL, NULL, NULL, NULL, NULL, NULL, 'Pendiente', 'Pendiente'),
(18125, '2025-05-23', '4348', 'NUEVA ESPERANZA', 'VICHULOMA', 'QUISPE', 'Mineral', 'Ag,Pb,Zn,,', 17, NULL, 92, 62, 57, 26, 77, '2025-05-23 12:33:09', '2025-05-23 13:51:50', NULL, '08:31:00', NULL, NULL, NULL, NULL, NULL, NULL, NULL, NULL, NULL, NULL, NULL, NULL, NULL, 'Pendiente', 'Pendiente'),
(18126, '2025-05-23', '4349', 'NIVEL 14', 'BOLIVAR', 'ACHO', 'Mineral', 'Ag,Pb,Zn,,', 17, NULL, 27, 7, 702, 26, 28, '2025-05-23 12:39:48', '2025-05-23 13:52:47', NULL, '08:38:00', NULL, NULL, NULL, NULL, NULL, NULL, NULL, NULL, NULL, NULL, NULL, NULL, NULL, 'Pendiente', 'Pendiente'),
(18127, '2025-05-23', '4350', 'NIVEL 11', 'VICHULOMA', 'CHECA', 'Mineral', 'Ag,Pb,Zn,,', 17, NULL, 246, 12, 353, 26, 140, '2025-05-23 12:46:41', '2025-05-23 13:53:07', NULL, '08:44:00', NULL, NULL, NULL, NULL, NULL, NULL, NULL, NULL, NULL, NULL, NULL, NULL, NULL, 'Pendiente', 'Pendiente'),
(18128, '2025-05-23', '4336', '14 DE SEPTIEMBRE-LIBRA FINA', 'VICHULOMA', 'CALDERON', 'Mineral', 'Ag,Pb,,,', 3, NULL, 281, 75, 297, 26, 279, '2025-05-23 12:59:58', '2025-05-23 13:44:38', NULL, '08:56:00', NULL, NULL, NULL, NULL, NULL, NULL, NULL, NULL, NULL, NULL, NULL, NULL, NULL, 'Pendiente', 'Pendiente'),
(18129, '2025-05-23', '4337', '14 D SEPTEIMBRE-LIBRA FINA', 'VICHULOMA', 'CALDERON', 'Mineral', 'Ag,Zn,,,', 16, NULL, 292, 75, 297, 26, 290, '2025-05-23 13:02:36', '2025-05-23 13:44:56', NULL, '09:00:00', NULL, NULL, NULL, NULL, NULL, NULL, NULL, NULL, NULL, NULL, NULL, NULL, NULL, 'Pendiente', 'Pendiente'),
(18130, '2025-05-23', '4351', 'CALAVERS', 'VICHULOMA', 'USCAMAYTA', 'Mineral', 'Ag,Pb,Zn,,', 17, NULL, 77, 11, 163, 26, 41, '2025-05-23 13:08:29', '2025-05-23 13:53:20', NULL, '09:07:00', NULL, NULL, NULL, NULL, NULL, NULL, NULL, NULL, NULL, NULL, NULL, NULL, NULL, 'Pendiente', 'Pendiente'),
(18131, '2025-05-23', '4352', 'RAMPHA 2', 'VICHULOMA', 'VENTURA', 'Mineral', 'Ag,Pb,Zn,,', 17, NULL, 40, 12, 720, 26, 39, '2025-05-23 13:11:08', '2025-05-23 13:53:44', NULL, '09:09:00', NULL, NULL, NULL, NULL, NULL, NULL, NULL, NULL, NULL, NULL, NULL, NULL, NULL, 'Pendiente', 'Pendiente'),
(18132, '2025-05-23', '4353', 'GRAN PODER', 'BOLIVAR', 'LOPEZ', 'Mineral', 'Ag,Pb,Zn,,', 17, NULL, 26, 7, 563, 26, 27, '2025-05-23 13:16:13', '2025-05-23 13:54:00', NULL, '09:14:00', NULL, NULL, NULL, NULL, NULL, NULL, NULL, NULL, NULL, NULL, NULL, NULL, NULL, 'Pendiente', 'Pendiente'),
(18133, '2025-05-23', '4354', '14 DE SEPTEIMBRE', 'VICHULOMA', 'SOLIZ', 'Mineral', 'Ag,Pb,Zn,,', 17, NULL, 254, 12, 122, 26, 89, '2025-05-23 13:20:29', '2025-05-23 13:54:14', NULL, '09:19:00', NULL, NULL, NULL, NULL, NULL, NULL, NULL, NULL, NULL, NULL, NULL, NULL, NULL, 'Pendiente', 'Pendiente'),
(18134, '2025-05-23', '4355', '14 DE SEPTIEMBRE', 'VICHULOMA', 'LOGOS', 'Mineral', 'Ag,Pb,Zn,,', 17, NULL, 254, 12, 537, 26, 89, '2025-05-23 13:22:17', '2025-05-23 13:54:42', NULL, '09:21:00', NULL, NULL, NULL, NULL, NULL, NULL, NULL, NULL, NULL, NULL, NULL, NULL, NULL, 'Pendiente', 'Pendiente'),
(18135, '2025-05-23', '4356', 'SAN AGUSTIN', 'VICHULOMA', 'MARTINEZ', 'Mineral', 'Ag,Pb,Zn,,', 17, NULL, 32, 20, 612, 26, 119, '2025-05-23 13:24:04', '2025-05-23 13:56:23', NULL, '09:23:00', NULL, NULL, NULL, NULL, NULL, NULL, NULL, NULL, NULL, NULL, NULL, NULL, NULL, 'Pendiente', 'Pendiente'),
(18136, '2025-05-23', '4357', 'KAJCHA CRUZ', 'VICHULOMA', 'CHINCHE', 'Mineral', 'Ag,Pb,Zn,,', 17, NULL, 122, 11, 653, 26, 72, '2025-05-23 13:26:06', '2025-05-23 13:57:25', NULL, '09:24:00', NULL, NULL, NULL, NULL, NULL, NULL, NULL, NULL, NULL, NULL, NULL, NULL, NULL, 'Pendiente', 'Pendiente'),
(18137, '2025-05-23', '4358', 'JALSURI-TOLL', 'VICHULOMA', 'LOPEZ', 'Mineral', 'Ag,Pb,Zn,,', 17, NULL, 14, 44, 583, 26, 14, '2025-05-23 13:28:20', '2025-05-23 13:57:38', NULL, '09:27:00', NULL, NULL, NULL, NULL, NULL, NULL, NULL, NULL, NULL, NULL, NULL, NULL, NULL, 'Pendiente', 'Pendiente'),
(18138, '2025-05-23', '4359', 'NIVEL 11', 'BOLIVAR', 'CONDORI', 'Mineral', 'Ag,Pb,Zn,,', 17, NULL, 38, 7, 418, 26, 37, '2025-05-23 13:31:01', '2025-05-23 13:57:52', NULL, '09:29:00', NULL, NULL, NULL, NULL, NULL, NULL, NULL, NULL, NULL, NULL, NULL, NULL, NULL, 'Pendiente', 'Pendiente'),
(18139, '2025-05-23', '4360', 'NIVEL 11', 'VICHULOMA', 'VENTURA', 'Mineral', 'Ag,Pb,Zn,,,', 17, NULL, 215, 20, 195, 26, 247, '2025-05-23 13:50:01', '2025-05-23 13:58:05', NULL, '09:48:00', NULL, NULL, NULL, NULL, NULL, NULL, NULL, NULL, NULL, NULL, NULL, NULL, NULL, 'Pendiente', 'Pendiente'),
(18140, '2025-05-23', '4361', 'KAJCHA CRUZ', 'VICHULOMA', 'CHECA', 'Mineral', 'Ag,Pb,Zn,', 17, NULL, 11, 11, 351, 26, 112, '2025-05-23 14:29:02', '2025-05-23 14:29:02', NULL, '10:12:00', NULL, NULL, NULL, NULL, NULL, NULL, NULL, NULL, NULL, NULL, NULL, NULL, NULL, 'Pendiente', 'Pendiente'),
(18141, '2025-05-23', '4362', 'NIVEL 11', 'VICHULOMA', 'QUISPE', 'Mineral', 'Ag,Pb,Zn,', 17, NULL, 21, 45, 74, 26, 21, '2025-05-23 14:39:53', '2025-05-23 14:39:53', NULL, '10:37:00', NULL, NULL, NULL, NULL, NULL, NULL, NULL, NULL, NULL, NULL, NULL, NULL, NULL, 'Pendiente', 'Pendiente'),
(18142, '2025-05-23', '4364', 'NIVEL 11', 'VICHULOMA', 'GARCIA', 'Mineral', 'Ag,Pb,Zn,,', 17, NULL, 38, 20, 471, 23, 37, '2025-05-23 16:35:03', '2025-05-23 16:35:48', NULL, '11:46:00', NULL, NULL, NULL, NULL, NULL, NULL, NULL, NULL, NULL, NULL, NULL, NULL, NULL, 'Pendiente', 'Pendiente'),
(18143, '2025-05-23', '4363', 'SANTO TORIBIO', 'BOLIVAR', 'LOPEZ', 'Mineral', 'Ag,Pb,Zn,', 17, NULL, 25, 7, 568, 23, 163, '2025-05-23 17:08:53', '2025-05-23 17:08:53', NULL, '12:35:00', NULL, NULL, NULL, NULL, NULL, NULL, NULL, NULL, NULL, NULL, NULL, NULL, NULL, 'Pendiente', 'Pendiente'),
(18144, '2025-05-23', '4365', 'BLANQUITA', 'VICHULOMA', 'PAQUI', 'Mineral', 'Ag,Pb,Zn,', 17, NULL, 13, 20, 21, 23, 35, '2025-05-23 18:12:23', '2025-05-23 18:12:23', NULL, '13:09:00', NULL, NULL, NULL, NULL, NULL, NULL, NULL, NULL, NULL, NULL, NULL, NULL, NULL, 'Pendiente', 'Pendiente'),
(18145, '2025-05-23', '4366', '14 DE SEPTIEMBRE', 'BOLIVAR', 'SOLIZ', 'Mineral', 'Ag,Pb,Zn,,', 17, NULL, 16, 7, 122, 26, 301, '2025-05-23 18:20:40', '2025-05-23 18:21:50', NULL, '14:17:00', NULL, NULL, NULL, NULL, NULL, NULL, NULL, NULL, NULL, NULL, NULL, NULL, NULL, 'Pendiente', 'Pendiente'),
(18146, '2025-05-23', '4367', 'NIVEL 11', 'VICHULOMA', 'GARCIA', 'Mineral', 'Ag,Pb,Zn,,', 17, NULL, 101, 20, 471, 26, 300, '2025-05-23 18:35:29', '2025-05-23 18:35:41', NULL, '14:32:00', NULL, NULL, NULL, NULL, NULL, NULL, NULL, NULL, NULL, NULL, NULL, NULL, NULL, 'Pendiente', 'Pendiente'),
(18147, '2025-05-23', '4368', 'NIVEL 11', 'BOLIVAR', 'FLORES', 'Mineral', 'Ag,Pb,Zn,', 17, NULL, 66, 7, 458, 26, 26, '2025-05-23 19:21:37', '2025-05-23 19:21:37', NULL, '15:20:00', NULL, NULL, NULL, NULL, NULL, NULL, NULL, NULL, NULL, NULL, NULL, NULL, NULL, 'Pendiente', 'Pendiente'),
(18148, '2025-05-23', '4369', 'NIVEL 14', 'VICHULOMA', 'QUISPE', 'Mineral', 'Ag,Pb,Zn,,', 17, NULL, 74, 12, 53, 26, 202, '2025-05-23 19:32:21', '2025-05-23 19:32:31', NULL, '15:31:00', NULL, NULL, NULL, NULL, NULL, NULL, NULL, NULL, NULL, NULL, NULL, NULL, NULL, 'Pendiente', 'Pendiente'),
(18149, '2025-05-23', '4370', 'NIVEL 0', 'VICHULOMA', 'CARATA', 'Embolsado', 'Ag,Pb,Zn,', NULL, 5, 278, 69, 667, 26, 274, '2025-05-23 19:45:56', '2025-05-23 19:45:56', NULL, '15:41:00', NULL, NULL, NULL, NULL, NULL, NULL, NULL, NULL, NULL, NULL, NULL, NULL, NULL, 'Pendiente', 'Pendiente'),
(18150, '2025-05-23', '4371', 'blanquita', 'VICHULOMA', 'MORALES', 'Mineral', 'Zn,Pb,Ag,', 17, NULL, 28, 12, 625, 23, 29, '2025-05-23 23:33:58', '2025-05-23 23:33:58', NULL, '19:13:00', NULL, NULL, NULL, NULL, NULL, NULL, NULL, NULL, NULL, NULL, NULL, NULL, NULL, 'Pendiente', 'Pendiente'),
(18151, '2025-05-23', '4372', 'POSOKONY', 'VICHULOMA', 'CALLE', 'Mineral', 'Zn,Pb,Ag,', 17, NULL, 22, 11, 317, 23, 22, '2025-05-23 23:45:38', '2025-05-23 23:45:38', NULL, '19:34:00', NULL, NULL, NULL, NULL, NULL, NULL, NULL, NULL, NULL, NULL, NULL, NULL, NULL, 'Pendiente', 'Pendiente'),
(18152, '2025-05-23', '4383', 'SAN AGUSTIN', 'BOLIVAR', 'HURTADO', 'Mineral', 'Zn,Pb,Ag,,,', 17, NULL, 210, 7, 526, 26, 53, '2025-05-24 00:23:19', '2025-05-24 11:55:31', NULL, '19:45:00', NULL, NULL, NULL, NULL, NULL, NULL, NULL, NULL, NULL, NULL, NULL, NULL, NULL, 'Pendiente', 'Pendiente'),
(18153, '2025-05-23', '4374', 'KAJCHA CRUZ', 'VICHULOMA', 'BOLIVAR', 'Mineral', 'Zn,Pb,Ag,', 17, NULL, 11, 11, 653, 23, 112, '2025-05-24 05:20:15', '2025-05-24 05:20:15', NULL, '20:25:00', NULL, NULL, NULL, NULL, NULL, NULL, NULL, NULL, NULL, NULL, NULL, NULL, NULL, 'Pendiente', 'Pendiente'),
(18154, '2025-05-24', '4375', 'JALSURY', 'VICHULOMA', 'SOLI', 'Mineral', 'Zn,Pb,Ag,', 17, NULL, 46, 13, 126, 23, 30, '2025-05-24 06:57:00', '2025-05-24 06:57:00', NULL, '01:20:00', NULL, NULL, NULL, NULL, NULL, NULL, NULL, NULL, NULL, NULL, NULL, NULL, NULL, 'Pendiente', 'Pendiente'),
(18155, '2025-05-24', '4376', 'VILLA VISTA', 'VICHULOMA', 'SOLIZ', 'Mineral', 'Zn,Pb,Ag,', 17, NULL, 254, 12, 122, 23, 89, '2025-05-24 07:02:16', '2025-05-24 07:02:16', NULL, '02:58:00', NULL, NULL, NULL, NULL, NULL, NULL, NULL, NULL, NULL, NULL, NULL, NULL, NULL, 'Pendiente', 'Pendiente'),
(18156, '2025-05-24', '4377', 'KAJCHA CRUZ', 'VICHULOMA', 'TITO', 'Mineral', 'Zn,Pb,Ag,', 17, NULL, 289, 11, 152, 23, 167, '2025-05-24 08:59:06', '2025-05-24 08:59:06', NULL, '03:03:00', NULL, NULL, NULL, NULL, NULL, NULL, NULL, NULL, NULL, NULL, NULL, NULL, NULL, 'Pendiente', 'Pendiente'),
(18157, '2025-05-24', '4378', 'SANTO TORIBIO', 'VICHULOMA', 'CHANBI', 'Mineral', 'Zn,Pb,Ag,', 17, NULL, 142, 13, 340, 23, 178, '2025-05-24 10:46:36', '2025-05-24 10:46:36', NULL, '04:59:00', NULL, NULL, NULL, NULL, NULL, NULL, NULL, NULL, NULL, NULL, NULL, NULL, NULL, 'Pendiente', 'Pendiente'),
(18158, '2025-05-24', '4379', 'SNTO TORIBIO', 'VICHULOMA', 'MAMANI', 'Mineral', 'Pb,Zn,Ag,', 17, NULL, 37, 12, 608, 23, 298, '2025-05-24 10:50:58', '2025-05-24 10:50:58', NULL, '06:47:00', NULL, NULL, NULL, NULL, NULL, NULL, NULL, NULL, NULL, NULL, NULL, NULL, NULL, 'Pendiente', 'Pendiente'),
(18159, '2025-05-24', '4380', 'KAJCHA CRUZ', 'VICHULOMA', 'VIZARRRO', 'Mineral', 'Pb,Zn,Ag,', 17, NULL, 29, 11, 203, 23, 45, '2025-05-24 11:03:50', '2025-05-24 11:03:50', NULL, '06:51:00', NULL, NULL, NULL, NULL, NULL, NULL, NULL, NULL, NULL, NULL, NULL, NULL, NULL, 'Pendiente', 'Pendiente'),
(18160, '2025-05-24', '4381', '14 DE SEPTIEMBRE-LIBRA FINA', 'VICHULOMA', 'GUTIERREZ', 'Mineral', 'Ag,Pb,', NULL, NULL, 281, 52, 506, 26, 279, '2025-05-24 11:48:13', '2025-05-24 11:48:13', NULL, '07:34:00', NULL, NULL, NULL, NULL, NULL, NULL, NULL, NULL, NULL, NULL, NULL, NULL, NULL, 'Pendiente', 'Pendiente'),
(18161, '2025-05-24', '4382', '14 DE SEPTIEMBRE-LIBRA FINA', 'VICHULOMA', 'GUTIERREZ', 'Mineral', 'Ag,Zn,', NULL, NULL, 281, 52, 506, 26, 279, '2025-05-24 11:52:30', '2025-05-24 11:52:30', NULL, '07:49:00', NULL, NULL, NULL, NULL, NULL, NULL, NULL, NULL, NULL, NULL, NULL, NULL, NULL, 'Pendiente', 'Pendiente'),
(18162, '2025-05-24', '4384', 'NIVEL 11-TOLL', 'VICHULOMA', 'GONZALES', 'Mineral', 'Ag,Pb,Zn,', 17, NULL, 84, 35, 479, 26, 76, '2025-05-24 12:08:57', '2025-05-24 12:08:57', NULL, '08:03:00', NULL, NULL, NULL, NULL, NULL, NULL, NULL, NULL, NULL, NULL, NULL, NULL, NULL, 'Pendiente', 'Pendiente'),
(18163, '2025-05-24', '4385', 'JALSURI-TOLL', 'VICHULOMA', 'LOPEZ', 'Mineral', 'Ag,Pb,Zn,,', 17, NULL, 44, 44, 583, 26, 302, '2025-05-24 12:51:12', '2025-05-24 12:53:07', NULL, '08:10:00', NULL, NULL, NULL, NULL, NULL, NULL, NULL, NULL, NULL, NULL, NULL, NULL, NULL, 'Pendiente', 'Pendiente'),
(18164, '2025-05-24', '4386', 'SAN AGUSTIN', 'BOLIVAR', 'TICONA', 'Mineral', 'Ag,Pb,Zn,', 17, NULL, 190, 7, 150, 26, 256, '2025-05-24 12:58:52', '2025-05-24 12:58:52', NULL, '08:54:00', NULL, NULL, NULL, NULL, NULL, NULL, NULL, NULL, NULL, NULL, NULL, NULL, NULL, 'Pendiente', 'Pendiente'),
(18165, '2025-05-24', '4387', 'NIVEL 70', 'VICHULOMA', 'CRUZ', 'Mineral', 'Ag,Pb,Zn,,', 17, NULL, 74, 11, 429, 26, 202, '2025-05-24 13:04:11', '2025-05-24 13:15:58', NULL, '08:59:00', NULL, NULL, NULL, NULL, NULL, NULL, NULL, NULL, NULL, NULL, NULL, NULL, NULL, 'Pendiente', 'Pendiente'),
(18166, '2025-05-24', '4388', 'MUJICANI', 'BOLIVAR', 'AGOSTOPA', 'Mineral', 'Ag,Pb,Zn,', 17, NULL, 73, 7, 234, 26, 196, '2025-05-24 13:36:03', '2025-05-24 13:36:03', NULL, '09:16:00', NULL, NULL, NULL, NULL, NULL, NULL, NULL, NULL, NULL, NULL, NULL, NULL, NULL, 'Pendiente', 'Pendiente'),
(18167, '2025-05-24', '4389', 'NIVEL 11-TOLL', 'VICHULOMA', 'ASTETE', 'Mineral', 'Ag,Pb,Zn,', 17, NULL, 66, 44, 271, 26, 26, '2025-05-24 13:55:19', '2025-05-24 13:55:19', NULL, '09:38:00', NULL, NULL, NULL, NULL, NULL, NULL, NULL, NULL, NULL, NULL, NULL, NULL, NULL, 'Pendiente', 'Pendiente'),
(18168, '2025-05-24', '4390', 'NUEVA ESPERANZA', 'VICHULOMA', 'QUISPE', 'Mineral', 'Ag,Pb,Zn,', 17, NULL, 92, 62, 635, 26, 77, '2025-05-24 14:13:37', '2025-05-24 14:13:37', NULL, '10:11:00', NULL, NULL, NULL, NULL, NULL, NULL, NULL, NULL, NULL, NULL, NULL, NULL, NULL, 'Pendiente', 'Pendiente'),
(18169, '2025-05-24', '4391', 'GRAN PODER', 'BOLIVAR', 'LOPEZ', 'Mineral', 'Ag,Pb,Zn,', 17, NULL, 27, 7, 563, 26, 27, '2025-05-24 14:19:38', '2025-05-24 14:19:38', NULL, '10:18:00', NULL, NULL, NULL, NULL, NULL, NULL, NULL, NULL, NULL, NULL, NULL, NULL, NULL, 'Pendiente', 'Pendiente'),
(18170, '2025-05-24', '4392', 'NIVEL 11', 'VICHULOMA', 'BERDEJA', 'Mineral', 'Ag,Pb,Zn,', 17, NULL, 21, 45, 285, 26, 103, '2025-05-24 14:35:23', '2025-05-24 14:35:23', NULL, '10:31:00', NULL, NULL, NULL, NULL, NULL, NULL, NULL, NULL, NULL, NULL, NULL, NULL, NULL, 'Pendiente', 'Pendiente'),
(18171, '2025-05-24', '4393', 'NIVEL 11', 'VICHULOMA', 'QUISPE', 'Mineral', 'Ag,Pb,Zn,', 17, NULL, 11, 45, 74, 26, 112, '2025-05-24 14:53:44', '2025-05-24 14:53:44', NULL, '10:52:00', NULL, NULL, NULL, NULL, NULL, NULL, NULL, NULL, NULL, NULL, NULL, NULL, NULL, 'Pendiente', 'Pendiente'),
(18172, '2025-05-24', '4394', 'SANTO TORIBIO', 'BOLIVAR', 'AGUILAR', 'Mineral', 'Ag,Pb,Zn,,', 17, NULL, 207, 7, 244, 26, 125, '2025-05-24 15:30:42', '2025-05-24 16:51:07', NULL, '11:29:00', NULL, NULL, NULL, NULL, NULL, NULL, NULL, NULL, NULL, NULL, NULL, NULL, NULL, 'Pendiente', 'Pendiente'),
(18173, '2025-05-24', '4395', 'BLANQUITA', 'VICHULOMA', 'CHOQUE', 'Mineral', 'Ag,Pb,Zn,', 17, NULL, 14, 12, 387, 26, 14, '2025-05-24 16:51:53', '2025-05-24 16:51:53', NULL, '12:51:00', NULL, NULL, NULL, NULL, NULL, NULL, NULL, NULL, NULL, NULL, NULL, NULL, NULL, 'Pendiente', 'Pendiente'),
(18174, '2025-05-24', '4396', 'SANTO TORIBIO', 'VICHULOMA', 'PATZI', 'Mineral', 'Ag,Pb,Zn,', 17, NULL, 43, 62, 26, 26, 42, '2025-05-24 21:06:16', '2025-05-24 21:06:16', NULL, '17:05:00', NULL, NULL, NULL, NULL, NULL, NULL, NULL, NULL, NULL, NULL, NULL, NULL, NULL, 'Pendiente', 'Pendiente'),
(18175, '2025-05-24', '4397', 'blanquita', 'VICHULOMA', 'PAQUI', 'Mineral', 'Zn,Pb,Ag,', 17, NULL, 13, 12, 21, 23, 35, '2025-05-25 03:28:53', '2025-05-25 03:28:53', NULL, '19:13:00', NULL, NULL, NULL, NULL, NULL, NULL, NULL, NULL, NULL, NULL, NULL, NULL, NULL, 'Pendiente', 'Pendiente'),
(18176, '2025-05-25', '4398', 'COLORADOS-TOLL', 'VICHULOMA', 'PEREZ', 'Mineral', 'Ag,Pb,Zn,', 17, NULL, 66, 74, 30, 26, 26, '2025-05-25 23:12:28', '2025-05-25 23:12:28', NULL, '19:09:00', NULL, NULL, NULL, NULL, NULL, NULL, NULL, NULL, NULL, NULL, NULL, NULL, NULL, 'Pendiente', 'Pendiente'),
(18177, '2025-05-25', '4399', 'COLORADOS-TOLL', 'VICHULOMA', 'PEREZ', 'Mineral', 'Ag,Pb,Zn,', 17, NULL, 38, 74, 30, 26, 37, '2025-05-25 23:14:27', '2025-05-25 23:14:27', NULL, '19:13:00', NULL, NULL, NULL, NULL, NULL, NULL, NULL, NULL, NULL, NULL, NULL, NULL, NULL, 'Pendiente', 'Pendiente'),
(18178, '2025-05-25', '4400', 'NIVEL 11', 'VICHULOMA', 'GUTIERREZ', 'Mineral', 'Ag,Pb,Zn,,', 17, NULL, 101, 20, 503, 26, 300, '2025-05-25 23:22:16', '2025-05-25 23:35:55', NULL, '19:20:00', NULL, NULL, NULL, NULL, NULL, NULL, NULL, NULL, NULL, NULL, NULL, NULL, NULL, 'Pendiente', 'Pendiente'),
(18179, '2025-05-25', '4401', 'NIVEL 11', 'VICHULOMA', 'GUTIERREZ', 'Mineral', 'Ag,Pb,Zn,', 17, NULL, 73, 20, 503, 26, 196, '2025-05-25 23:39:39', '2025-05-25 23:39:39', NULL, '19:37:00', NULL, NULL, NULL, NULL, NULL, NULL, NULL, NULL, NULL, NULL, NULL, NULL, NULL, 'Pendiente', 'Pendiente'),
(18180, '2025-05-25', '4402', 'NIVEL 11-TOLL', 'VICHULOMA', 'CALLE', 'Mineral', 'Ag,Pb,Zn,', 17, NULL, 301, 44, 314, 26, 299, '2025-05-25 23:58:17', '2025-05-25 23:58:17', NULL, '19:56:00', NULL, NULL, NULL, NULL, NULL, NULL, NULL, NULL, NULL, NULL, NULL, NULL, NULL, 'Pendiente', 'Pendiente'),
(18181, '2025-05-26', '4403', 'SAN AGUSTIN', 'VICHULOMA', 'ARROYO', 'Mineral', 'Ag,Pb,Zn,', 17, NULL, 210, 20, 269, 26, 53, '2025-05-26 09:06:11', '2025-05-26 09:06:11', NULL, '05:05:00', NULL, NULL, NULL, NULL, NULL, NULL, NULL, NULL, NULL, NULL, NULL, NULL, NULL, 'Pendiente', 'Pendiente'),
(18182, '2025-05-26', '4404', '14 DE SEPTIEMBRE', 'BOLIVAR', 'TORREZ', 'Mineral', 'Ag,Pb,Zn,', 17, NULL, 22, 7, 154, 26, 22, '2025-05-26 10:23:34', '2025-05-26 10:23:34', NULL, '06:19:00', NULL, NULL, NULL, NULL, NULL, NULL, NULL, NULL, NULL, NULL, NULL, NULL, NULL, 'Pendiente', 'Pendiente'),
(18183, '2025-05-26', '4405', 'BLANQUITA', 'vichuloma', 'HUALCA', 'Mineral', 'Zn,Pb,Ag,,', 17, NULL, 33, 12, 511, 23, 34, '2025-05-26 11:34:50', '2025-05-26 11:37:05', NULL, '07:08:00', NULL, NULL, NULL, NULL, NULL, NULL, NULL, NULL, NULL, NULL, NULL, NULL, NULL, 'Pendiente', 'Pendiente'),
(18184, '2025-05-26', '4406', 'RAMPA 2', 'VICHULOMA', 'ARIAS', 'Mineral', 'Zn,Pb,Ag,', 17, NULL, 194, 12, 185, 23, 140, '2025-05-26 11:52:55', '2025-05-26 11:52:55', NULL, '07:37:00', NULL, NULL, NULL, NULL, NULL, NULL, NULL, NULL, NULL, NULL, NULL, NULL, NULL, 'Pendiente', 'Pendiente'),
(18185, '2025-05-26', '4407', 'JALSURY', 'VICHULOMA', 'LOPEZ', 'Mineral', 'Zn,Pb,Ag,', 17, NULL, 14, 44, 583, 23, 14, '2025-05-26 13:13:14', '2025-05-26 13:13:14', NULL, '07:54:00', NULL, NULL, NULL, NULL, NULL, NULL, NULL, NULL, NULL, NULL, NULL, NULL, NULL, 'Pendiente', 'Pendiente'),
(18186, '2025-05-26', '4408', 'BLANQUITA', 'VICHULOMA', 'VENTURA', 'Mineral', 'Zn,Pb,Ag,', NULL, NULL, 67, 12, 194, 23, 29, '2025-05-26 13:25:55', '2025-05-26 13:25:55', NULL, '09:13:00', NULL, NULL, NULL, NULL, NULL, NULL, NULL, NULL, NULL, NULL, NULL, NULL, NULL, 'Pendiente', 'Pendiente'),
(18187, '2025-05-26', '4409', 'NIFEL 11', 'VICHULOMA', 'MUYURICO', 'Embolsado', 'Ag,', 17, 15, 247, 73, 298, 23, 59, '2025-05-26 13:39:44', '2025-05-26 13:39:44', NULL, '09:26:00', NULL, NULL, NULL, NULL, NULL, NULL, NULL, NULL, NULL, NULL, NULL, NULL, NULL, 'Pendiente', 'Pendiente'),
(18188, '2025-05-26', '4410', 'NIVEL 13', 'VICHULOMA', 'CHECA', 'Mineral', 'Pb,Zn,Ag,', 17, NULL, 46, 20, 492, 23, 30, '2025-05-26 13:59:07', '2025-05-26 13:59:07', NULL, '09:40:00', NULL, NULL, NULL, NULL, NULL, NULL, NULL, NULL, NULL, NULL, NULL, NULL, NULL, 'Pendiente', 'Pendiente'),
(18189, '2025-05-26', '4411', 'NIVEL  11', 'VICHULOMA', 'VACAFLOR', 'Mineral', 'Zn,Pb,Ag,', 17, NULL, 38, 12, 166, 23, 37, '2025-05-26 14:12:34', '2025-05-26 14:12:34', NULL, '09:59:00', NULL, NULL, NULL, NULL, NULL, NULL, NULL, NULL, NULL, NULL, NULL, NULL, NULL, 'Pendiente', 'Pendiente'),
(18190, '2025-05-26', '4412', 'NIVEL 11', 'VICHULOMA', 'CHECA', 'Mineral', 'Zn,Pb,Ag,', 17, NULL, 66, 12, 166, 23, 26, '2025-05-26 14:22:24', '2025-05-26 14:22:24', NULL, '10:13:00', NULL, NULL, NULL, NULL, NULL, NULL, NULL, NULL, NULL, NULL, NULL, NULL, NULL, 'Pendiente', 'Pendiente'),
(18191, '2025-05-26', '4413', 'GRANPODER', 'BOLIVAR', 'LOEZ', 'Mineral', 'Zn,Pb,Ag,', 17, NULL, 26, 7, 563, 23, 27, '2025-05-26 14:57:05', '2025-05-26 14:57:05', NULL, '10:22:00', NULL, NULL, NULL, NULL, NULL, NULL, NULL, NULL, NULL, NULL, NULL, NULL, NULL, 'Pendiente', 'Pendiente'),
(18192, '2025-05-26', '4414', 'MERSEDITAS', 'VICHULOMA', 'USCMAITA', 'Mineral', 'Zn,Pb,Ag,', 17, NULL, 45, 13, 157, 23, 44, '2025-05-26 15:04:07', '2025-05-26 15:04:07', NULL, '10:58:00', NULL, NULL, NULL, NULL, NULL, NULL, NULL, NULL, NULL, NULL, NULL, NULL, NULL, 'Pendiente', 'Pendiente'),
(18193, '2025-05-26', '4415', 'KAJCHITO TOL', 'VICHUOMA', 'CONDORI', 'Mineral', 'Zn,Pb,Ag,', 17, NULL, 246, 44, 410, 23, 140, '2025-05-26 15:47:13', '2025-05-26 15:47:13', NULL, '11:04:00', NULL, NULL, NULL, NULL, NULL, NULL, NULL, NULL, NULL, NULL, NULL, NULL, NULL, 'Pendiente', 'Pendiente'),
(18194, '2025-05-26', '4416', '14 DE SEPTIENBRE', 'BOLIVAR', 'CHOQUE', 'Mineral', 'Zn,Pb,Ag,', 17, NULL, 16, 7, 389, 23, 85, '2025-05-26 15:52:57', '2025-05-26 15:52:57', NULL, '11:48:00', NULL, NULL, NULL, NULL, NULL, NULL, NULL, NULL, NULL, NULL, NULL, NULL, NULL, 'Pendiente', 'Pendiente'),
(18195, '2025-05-26', '4417', 'CALAVERAS', 'VICHULOMA', 'QUISPE', 'Mineral', 'Zn,Pb,Ag,', 17, NULL, 77, 11, 54, 23, 41, '2025-05-26 16:11:58', '2025-05-26 16:11:58', NULL, '11:53:00', NULL, NULL, NULL, NULL, NULL, NULL, NULL, NULL, NULL, NULL, NULL, NULL, NULL, 'Pendiente', 'Pendiente'),
(18196, '2025-05-26', '4418', 'NIVEL 11', 'VICHULOMA', 'ANAVI', 'Mineral', 'Zn,Pb,Ag,', 17, NULL, 73, 13, 254, 23, 196, '2025-05-26 16:36:25', '2025-05-26 16:36:25', NULL, '12:12:00', NULL, NULL, NULL, NULL, NULL, NULL, NULL, NULL, NULL, NULL, NULL, NULL, NULL, 'Pendiente', 'Pendiente'),
(18197, '2025-05-26', '4419', 'NIVEL 11', 'VICHULOMA', 'VACAFLOR', 'Mineral', 'Zn,Pb,Ag,', 17, NULL, 101, 20, 172, 23, 300, '2025-05-26 16:42:13', '2025-05-26 16:42:13', NULL, '12:37:00', NULL, NULL, NULL, NULL, NULL, NULL, NULL, NULL, NULL, NULL, NULL, NULL, NULL, 'Pendiente', 'Pendiente'),
(18198, '2025-05-26', '4420', 'RAMPA 2', 'VICHULOMA', 'INMORTALES', 'Mineral', 'Zn,Pb,Ag,', 17, NULL, 33, 11, 332, 23, 34, '2025-05-26 17:45:12', '2025-05-26 17:45:12', NULL, '13:02:00', NULL, NULL, NULL, NULL, NULL, NULL, NULL, NULL, NULL, NULL, NULL, NULL, NULL, 'Pendiente', 'Pendiente'),
(18199, '2025-05-26', '4421', 'SANTO TORIBIO', 'BOLIVAR', 'LOPES', 'Mineral', 'Zn,Pb,Ag,', 17, NULL, 25, 7, 567, 23, 163, '2025-05-26 18:12:42', '2025-05-26 18:12:42', NULL, '13:45:00', NULL, NULL, NULL, NULL, NULL, NULL, NULL, NULL, NULL, NULL, NULL, NULL, NULL, 'Pendiente', 'Pendiente'),
(18200, '2025-05-26', '4422', 'SANTO TORIBIO', 'BOLIVAR', 'LOPEZ', 'Mineral', 'Ag,Pb,Zn,', 17, NULL, 210, 7, 568, 23, 53, '2025-05-26 18:35:17', '2025-05-26 18:35:17', NULL, '14:32:00', NULL, NULL, NULL, NULL, NULL, NULL, NULL, NULL, NULL, NULL, NULL, NULL, NULL, 'Pendiente', 'Pendiente'),
(18201, '2025-05-26', '4423', 'NIVEL 11', 'VICHULOMA', 'HUANCA', 'Mineral', 'Zn,Pb,Ag,', 17, NULL, 215, 20, 704, 23, 247, '2025-05-26 19:50:43', '2025-05-26 19:50:43', NULL, '14:35:00', NULL, NULL, NULL, NULL, NULL, NULL, NULL, NULL, NULL, NULL, NULL, NULL, NULL, 'Pendiente', 'Pendiente'),
(18202, '2025-05-26', '4424', '14 DE SEPTIENBRE', 'VICHULOMA', 'PATZI', 'Mineral', 'Zn,Pb,Ag,', 17, NULL, 246, 44, 138, 23, 140, '2025-05-26 20:06:31', '2025-05-26 20:06:31', NULL, '15:51:00', NULL, NULL, NULL, NULL, NULL, NULL, NULL, NULL, NULL, NULL, NULL, NULL, NULL, 'Pendiente', 'Pendiente'),
(18203, '2025-05-26', '4425', 'NIVEL 11', 'VICHULOMA', 'LIMA', 'Mineral', 'Zn,Pb,Ag,', 17, NULL, 66, 20, 376, 23, 26, '2025-05-26 20:33:31', '2025-05-26 20:33:31', NULL, '16:07:00', NULL, NULL, NULL, NULL, NULL, NULL, NULL, NULL, NULL, NULL, NULL, NULL, NULL, 'Pendiente', 'Pendiente'),
(18204, '2025-05-26', '4426', 'NIVEL 11', 'VICHULOMA', 'ALEX', 'Mineral', 'Zn,Pb,Ag,', 117, NULL, 38, 11, 458, 23, 37, '2025-05-26 20:55:09', '2025-05-26 20:55:09', NULL, '16:34:00', NULL, NULL, NULL, NULL, NULL, NULL, NULL, NULL, NULL, NULL, NULL, NULL, NULL, 'Pendiente', 'Pendiente'),
(18205, '2025-05-26', '4427', 'POSOKONY', 'VICHULOMA', 'CALLE', 'Mineral', 'Zn,Pb,Ag,', 17, NULL, 22, 11, 317, 23, 22, '2025-05-26 21:27:31', '2025-05-26 21:27:31', NULL, '16:55:00', NULL, NULL, NULL, NULL, NULL, NULL, NULL, NULL, NULL, NULL, NULL, NULL, NULL, 'Pendiente', 'Pendiente'),
(18206, '2025-05-26', '4428', 'SANTO TORIBIO', 'VICHIULOMA', 'CHANBI', 'Mineral', 'Zn,Pb,Ag,', 17, NULL, 142, 13, 340, 23, 178, '2025-05-26 22:01:10', '2025-05-26 22:01:10', NULL, '17:27:00', NULL, NULL, NULL, NULL, NULL, NULL, NULL, NULL, NULL, NULL, NULL, NULL, NULL, 'Pendiente', 'Pendiente'),
(18207, '2025-05-26', '4429', '3 PIONEROS-TOLL', 'VICHULOMA', 'MAIZANI', 'Mineral', 'Ag,Pb,Zn,,', 17, NULL, 299, 44, 716, 26, 303, '2025-05-26 23:23:45', '2025-05-26 23:28:26', NULL, '19:00:00', NULL, NULL, NULL, NULL, NULL, NULL, NULL, NULL, NULL, NULL, NULL, NULL, NULL, 'Pendiente', 'Pendiente'),
(18208, '2025-05-26', '4430', '3 PIONEROS-TOLL', 'VICHULOMA', 'MAIZANI', 'Mineral', 'Ag,Pb,Zn,,,', 17, NULL, 303, 44, 716, 26, 304, '2025-05-26 23:32:15', '2025-05-26 23:34:26', NULL, '19:29:00', NULL, NULL, NULL, NULL, NULL, NULL, NULL, NULL, NULL, NULL, NULL, NULL, NULL, 'Pendiente', 'Pendiente'),
(18209, '2025-05-26', '4431', '14 DE SEPTIEMBRE', 'BOLIVAR', 'PINTO', 'Mineral', 'Ag,Pb,Zn,', 17, NULL, 215, 7, 34, 26, 247, '2025-05-27 03:14:12', '2025-05-27 03:14:12', NULL, '20:48:00', NULL, NULL, NULL, NULL, NULL, NULL, NULL, NULL, NULL, NULL, NULL, NULL, NULL, 'Pendiente', 'Pendiente'),
(18210, '2025-05-26', '4432', 'SAN AGUSTIN', 'BOLIVAR', 'GOMEZ', 'Mineral', 'Ag,Pb,Zn,', 17, NULL, 69, 7, 476, 26, 24, '2025-05-27 03:16:33', '2025-05-27 03:16:33', NULL, '23:15:00', NULL, NULL, NULL, NULL, NULL, NULL, NULL, NULL, NULL, NULL, NULL, NULL, NULL, 'Pendiente', 'Pendiente'),
(18211, '2025-05-27', '4433', 'NIVEL 11-TOLL', 'VICHULOMA', 'CALLE', 'Mineral', 'Ag,Pb,Zn,', 17, NULL, 301, 44, 314, 26, 299, '2025-05-27 07:40:45', '2025-05-27 07:40:45', NULL, '03:38:00', NULL, NULL, NULL, NULL, NULL, NULL, NULL, NULL, NULL, NULL, NULL, NULL, NULL, 'Pendiente', 'Pendiente'),
(18212, '2025-05-27', '4434', 'SANTO TORIBIO', 'BOLIVAR', 'AGUILAR', 'Mineral', 'Ag,Pb,Zn,,,,', 17, NULL, 207, 7, 245, 26, 125, '2025-05-27 08:09:54', '2025-05-27 08:11:17', NULL, '04:08:00', NULL, NULL, NULL, NULL, NULL, NULL, NULL, NULL, NULL, NULL, NULL, NULL, NULL, 'Pendiente', 'Pendiente'),
(18213, '2025-05-27', '4435', 'BLANQUITA', 'VICHULOMA', 'TICACALA', 'Mineral', 'Ag,Pb,Zn,', 17, NULL, 44, 20, 148, 26, 302, '2025-05-27 08:25:25', '2025-05-27 08:25:25', NULL, '04:24:00', NULL, NULL, NULL, NULL, NULL, NULL, NULL, NULL, NULL, NULL, NULL, NULL, NULL, 'Pendiente', 'Pendiente'),
(18214, '2025-05-27', '4436', 'MUJICANI', 'VICHULOMA', 'MACHACA', 'Mineral', 'Ag,Pb,Zn,', 17, NULL, 48, 12, 593, 26, 89, '2025-05-27 10:20:44', '2025-05-27 10:20:44', NULL, '06:19:00', NULL, NULL, NULL, NULL, NULL, NULL, NULL, NULL, NULL, NULL, NULL, NULL, NULL, 'Pendiente', 'Pendiente'),
(18215, '2025-05-27', '4437', 'SAN AGUSTIN', 'BOLIVAR', 'ESCOBAR', 'Mineral', 'Ag,Pb,Zn,', 17, NULL, 47, 7, 438, 23, 46, '2025-05-27 11:33:14', '2025-05-27 11:33:14', NULL, '07:32:00', NULL, NULL, NULL, NULL, NULL, NULL, NULL, NULL, NULL, NULL, NULL, NULL, NULL, 'Pendiente', 'Pendiente'),
(18216, '2025-05-27', '4438', 'KAJCHA CRUZ', 'VICHULOMA', 'VIZARRO', 'Mineral', 'Ag,Pb,Zn,', 17, NULL, 29, 11, 205, 23, 45, '2025-05-27 11:41:33', '2025-05-27 11:41:33', NULL, '07:40:00', NULL, NULL, NULL, NULL, NULL, NULL, NULL, NULL, NULL, NULL, NULL, NULL, NULL, 'Pendiente', 'Pendiente'),
(18217, '2025-05-27', '4439', '14 DE SEPTIENBRE', 'VICHULOMA', 'TORRES', 'Mineral', 'Zn,Pb,Ag,', 17, NULL, 210, 12, 154, 23, 53, '2025-05-27 12:06:17', '2025-05-27 12:06:17', NULL, '07:59:00', NULL, NULL, NULL, NULL, NULL, NULL, NULL, NULL, NULL, NULL, NULL, NULL, NULL, 'Pendiente', 'Pendiente'),
(18218, '2025-05-27', '4440', 'JALSURY', 'VICHULOMA', 'LOPEZ', 'Mineral', 'Zn,Pb,Ag,', 17, NULL, 14, 44, 583, 23, 14, '2025-05-27 12:26:28', '2025-05-27 12:26:28', NULL, '08:07:00', NULL, NULL, NULL, NULL, NULL, NULL, NULL, NULL, NULL, NULL, NULL, NULL, NULL, 'Pendiente', 'Pendiente'),
(18219, '2025-05-27', '4441', '14 DE SEPTIENBRE', 'VICHULOMA', 'PATZI', 'Mineral', 'Zn,Pb,Ag,', 17, NULL, 246, 44, 138, 23, 140, '2025-05-27 12:37:01', '2025-05-27 12:37:01', NULL, '08:27:00', NULL, NULL, NULL, NULL, NULL, NULL, NULL, NULL, NULL, NULL, NULL, NULL, NULL, 'Pendiente', 'Pendiente'),
(18220, '2025-05-27', '4442', 'GRAN PODER', 'VICHULOMA', 'LOPEZ', 'Mineral', 'Zn,Pb,Ag,', 17, NULL, 26, 11, 226, 23, 27, '2025-05-27 13:35:46', '2025-05-27 13:35:46', NULL, '08:37:00', NULL, NULL, NULL, NULL, NULL, NULL, NULL, NULL, NULL, NULL, NULL, NULL, NULL, 'Pendiente', 'Pendiente'),
(18221, '2025-05-27', '4443', 'BLANQUITA', 'VICHULOMA', 'EUGENIO', 'Mineral', 'Zn,Pb,Ag,', NULL, NULL, 12, 12, 444, 23, 12, '2025-05-27 13:39:18', '2025-05-27 13:39:18', NULL, '09:36:00', NULL, NULL, NULL, NULL, NULL, NULL, NULL, NULL, NULL, NULL, NULL, NULL, NULL, 'Pendiente', 'Pendiente'),
(18222, '2025-05-27', '4444', 'PURICIMA', 'VICHULOMA', 'NUÑES', 'Mineral', 'Zn,Pb,Ag,', 17, NULL, 13, 62, 665, 23, 35, '2025-05-27 13:47:00', '2025-05-27 13:47:00', NULL, '09:40:00', NULL, NULL, NULL, NULL, NULL, NULL, NULL, NULL, NULL, NULL, NULL, NULL, NULL, 'Pendiente', 'Pendiente'),
(18223, '2025-05-27', '4445', 'SANTO TORIBIO', 'VICHULOMA', 'ARIVIRI', 'Mineral', 'Zn,Pb,Ag,', 17, NULL, 37, 12, 347, 23, 298, '2025-05-27 13:51:49', '2025-05-27 13:51:49', NULL, '09:47:00', NULL, NULL, NULL, NULL, NULL, NULL, NULL, NULL, NULL, NULL, NULL, NULL, NULL, 'Pendiente', 'Pendiente'),
(18224, '2025-05-27', '4446', 'MERDITAS', 'VICHULOMA', 'YAÑES', 'Mineral', 'Zn,Pb,Ag,', 17, NULL, 33, 13, 424, 23, 34, '2025-05-27 14:25:47', '2025-05-27 14:25:47', NULL, '09:52:00', NULL, NULL, NULL, NULL, NULL, NULL, NULL, NULL, NULL, NULL, NULL, NULL, NULL, 'Pendiente', 'Pendiente'),
(18225, '2025-05-27', '4447', 'SANTO TORIBIO', 'VICHULOMA', 'LOPEZ', 'Mineral', 'Zn,Pb,Ag,', 17, NULL, 43, 62, 26, 23, 42, '2025-05-27 14:45:17', '2025-05-27 14:45:17', NULL, '10:26:00', NULL, NULL, NULL, NULL, NULL, NULL, NULL, NULL, NULL, NULL, NULL, NULL, NULL, 'Pendiente', 'Pendiente'),
(18226, '2025-05-27', '4448', 'NIVEL 11', 'VICHULOMA', 'FLORES', 'Mineral', 'Zn,Pb,Ag,', 17, NULL, 38, 11, 349, 23, 37, '2025-05-27 14:52:37', '2025-05-27 14:52:37', NULL, '10:45:00', NULL, NULL, NULL, NULL, NULL, NULL, NULL, NULL, NULL, NULL, NULL, NULL, NULL, 'Pendiente', 'Pendiente'),
(18227, '2025-05-27', '4449', 'NIVEL 11', 'VICHULOMA', 'GONSALES', 'Mineral', 'Zn,Pb,Ag,', 17, NULL, 289, 35, 440, 23, 292, '2025-05-27 15:04:35', '2025-05-27 15:04:35', NULL, '10:53:00', NULL, NULL, NULL, NULL, NULL, NULL, NULL, NULL, NULL, NULL, NULL, NULL, NULL, 'Pendiente', 'Pendiente'),
(18228, '2025-05-27', '4451', 'BLANQUITA', 'CHOQUE', 'SAJAMAA', 'Mineral', 'Zn,Pb,Ag,,,', 14, NULL, 182, 20, 380, 23, 32, '2025-05-27 15:16:37', '2025-05-27 15:23:09', NULL, '11:05:00', NULL, NULL, NULL, NULL, NULL, NULL, NULL, NULL, NULL, NULL, NULL, NULL, NULL, 'Pendiente', 'Pendiente'),
(18229, '2025-05-28', '4503', '14 DE SEPTIEMBRE', 'BOLIVAR', 'PINTO', 'Mineral', 'Zn,Pb,Ag,,,', 17, NULL, 77, 7, 34, 23, 247, '2025-05-27 15:19:44', '2025-05-29 00:49:04', NULL, '11:16:00', NULL, NULL, NULL, NULL, NULL, NULL, NULL, NULL, NULL, NULL, NULL, NULL, NULL, 'Pendiente', 'Pendiente'),
(18230, '2025-05-27', '4452', 'BLNQUITA', 'VICHULOMA', 'BUSTOS', 'Mineral', 'Zn,Pb,Ag,', 17, NULL, 49, 13, 292, 23, 150, '2025-05-27 15:39:48', '2025-05-27 15:39:48', NULL, '11:23:00', NULL, NULL, NULL, NULL, NULL, NULL, NULL, NULL, NULL, NULL, NULL, NULL, NULL, 'Pendiente', 'Pendiente'),
(18231, '2025-05-27', '4453', '14 DE SEPTIENBRE', 'VICHULOMA', 'PATZI', 'Mineral', 'Pb,Zn,Ag,', 17, NULL, 246, 44, 138, 23, 140, '2025-05-27 15:51:26', '2025-05-27 15:51:26', NULL, '11:40:00', NULL, NULL, NULL, NULL, NULL, NULL, NULL, NULL, NULL, NULL, NULL, NULL, NULL, 'Pendiente', 'Pendiente'),
(18232, '2025-05-27', '4454', '14 DE SEPTIENBRE', 'BOLIVAR', 'RAFAEL', 'Mineral', 'Zn,Pb,Ag,', 17, NULL, 16, 7, 395, 23, 85, '2025-05-27 16:06:51', '2025-05-27 16:06:51', NULL, '11:51:00', NULL, NULL, NULL, NULL, NULL, NULL, NULL, NULL, NULL, NULL, NULL, NULL, NULL, 'Pendiente', 'Pendiente'),
(18233, '2025-05-27', '4455', 'SANTO TORIBIO', 'BOLIVAR', 'LOPEZ', 'Mineral', 'Zn,Pb,Ag,', 17, NULL, 23, 7, 568, 23, 296, '2025-05-27 16:23:54', '2025-05-27 16:23:54', NULL, '12:08:00', NULL, NULL, NULL, NULL, NULL, NULL, NULL, NULL, NULL, NULL, NULL, NULL, NULL, 'Pendiente', 'Pendiente'),
(18234, '2025-05-27', '4456', 'CALAVERAS', 'VICHULOMA', 'MOROCHI', 'Mineral', 'Zn,Pb,Ag,', 17, NULL, 77, 11, 177, 23, 41, '2025-05-27 16:39:52', '2025-05-27 16:39:52', NULL, '12:24:00', NULL, NULL, NULL, NULL, NULL, NULL, NULL, NULL, NULL, NULL, NULL, NULL, NULL, 'Pendiente', 'Pendiente'),
(18235, '2025-05-27', '4457', 'KAJCHAA CRRUZ', 'VICHULOMA', 'CHINCHE', 'Mineral', 'Ag,Pb,Zn,', 17, NULL, 122, 11, 653, 23, 72, '2025-05-27 16:43:05', '2025-05-27 16:43:05', NULL, '12:40:00', NULL, NULL, NULL, NULL, NULL, NULL, NULL, NULL, NULL, NULL, NULL, NULL, NULL, 'Pendiente', 'Pendiente'),
(18236, '2025-05-27', '4458', 'NIVEL 11', 'VICHULOMA', 'VENTURA', 'Mineral', 'Ag,Pb,Zn,', 17, NULL, 129, 20, 647, 23, 41, '2025-05-27 16:46:03', '2025-05-27 16:46:03', NULL, '12:43:00', NULL, NULL, NULL, NULL, NULL, NULL, NULL, NULL, NULL, NULL, NULL, NULL, NULL, 'Pendiente', 'Pendiente'),
(18237, '2025-05-27', '4459', 'POSOKONY', 'VICHULOMA', 'CALLE', 'Mineral', 'Ag,Pb,Zn,', 17, NULL, 73, 11, 210, 23, 196, '2025-05-27 16:48:12', '2025-05-27 16:48:12', NULL, '12:46:00', NULL, NULL, NULL, NULL, NULL, NULL, NULL, NULL, NULL, NULL, NULL, NULL, NULL, 'Pendiente', 'Pendiente'),
(18238, '2025-05-27', '4460', 'SANTO TORIBIO', 'BOLIVAR', 'LOPEZ', 'Mineral', 'Zn,Pb,Ag,', 17, NULL, 190, 7, 567, 23, 256, '2025-05-27 18:33:00', '2025-05-27 18:33:00', NULL, '14:30:00', NULL, NULL, NULL, NULL, NULL, NULL, NULL, NULL, NULL, NULL, NULL, NULL, NULL, 'Pendiente', 'Pendiente'),
(18239, '2025-05-27', '4461', 'KAJCHA CRUZ', 'VICHULOMA', 'H', 'Mineral', 'Zn,Pb,Ag,', 17, NULL, 107, 11, 596, 23, 302, '2025-05-27 18:41:33', '2025-05-27 18:41:33', NULL, '14:33:00', NULL, NULL, NULL, NULL, NULL, NULL, NULL, NULL, NULL, NULL, NULL, NULL, NULL, 'Pendiente', 'Pendiente'),
(18240, '2025-05-27', '4462', 'SANTO TORIBIO', 'BOLIVAR', 'LOPEZ', 'Mineral', 'Zn,Pb,Ag,', 17, NULL, 23, 7, 568, 23, 296, '2025-05-27 18:45:00', '2025-05-27 18:45:00', NULL, '14:42:00', NULL, NULL, NULL, NULL, NULL, NULL, NULL, NULL, NULL, NULL, NULL, NULL, NULL, 'Pendiente', 'Pendiente'),
(18241, '2025-05-27', '4463', 'KAJCHA CRUZ', 'VICHULOMA', 'CHECA', 'Mineral', 'Zn,Pb,Ag,', NULL, NULL, 21, 11, 351, 23, 103, '2025-05-27 18:49:36', '2025-05-27 18:49:36', NULL, '14:45:00', NULL, NULL, NULL, NULL, NULL, NULL, NULL, NULL, NULL, NULL, NULL, NULL, NULL, 'Pendiente', 'Pendiente'),
(18242, '2025-05-27', '4464', 'BLANQUITA', 'BOLIVAR', 'GUITIRRRES', 'Mineral', 'Zn,Pb,Ag,', 1722, NULL, 12, 7, 496, 23, 12, '2025-05-27 19:08:41', '2025-05-27 19:08:41', NULL, '14:51:00', NULL, NULL, NULL, NULL, NULL, NULL, NULL, NULL, NULL, NULL, NULL, NULL, NULL, 'Pendiente', 'Pendiente'),
(18243, '2025-05-27', '4465', 'SAN AGUSTIN', 'VICHULOMA', 'GOME', 'Mineral', 'Zn,Pb,Ag,', 17, NULL, 65, 7, 475, 23, 205, '2025-05-27 19:11:52', '2025-05-27 19:11:52', NULL, '15:09:00', NULL, NULL, NULL, NULL, NULL, NULL, NULL, NULL, NULL, NULL, NULL, NULL, NULL, 'Pendiente', 'Pendiente'),
(18244, '2025-05-27', '4466', 'SAN AGUSTIN', 'BOLIVAR', 'CALLE', 'Mineral', 'Zn,Pb,Ag,', 117, NULL, 69, 7, 322, 23, 24, '2025-05-27 19:14:58', '2025-05-27 19:14:58', NULL, '15:12:00', NULL, NULL, NULL, NULL, NULL, NULL, NULL, NULL, NULL, NULL, NULL, NULL, NULL, 'Pendiente', 'Pendiente'),
(18245, '2025-05-27', '4467', 'SANTO TORIBIO', 'BOLIVAR', 'LOPEZ', 'Mineral', 'Zn,Pb,Ag,', NULL, NULL, 190, 7, 567, 23, 256, '2025-05-27 19:46:53', '2025-05-27 19:46:53', NULL, '15:15:00', NULL, NULL, NULL, NULL, NULL, NULL, NULL, NULL, NULL, NULL, NULL, NULL, NULL, 'Pendiente', 'Pendiente'),
(18246, '2025-05-27', '4468', 'NIVEL 14', 'VICHULOMA', 'QUISPE', 'Mineral', 'Zn,Pb,Ag,', 17, NULL, 74, 11, 53, 23, 202, '2025-05-27 20:18:09', '2025-05-27 20:18:09', NULL, '15:53:00', NULL, NULL, NULL, NULL, NULL, NULL, NULL, NULL, NULL, NULL, NULL, NULL, NULL, 'Pendiente', 'Pendiente'),
(18247, '2025-05-27', '4469', 'SANTO TORIBIO', 'BOLIVAR', 'LOPEEZ', 'Mineral', 'Zn,Pb,Ag,', 17, NULL, 23, 7, 568, 23, 296, '2025-05-27 20:28:09', '2025-05-27 20:28:09', NULL, '16:19:00', NULL, NULL, NULL, NULL, NULL, NULL, NULL, NULL, NULL, NULL, NULL, NULL, NULL, 'Pendiente', 'Pendiente'),
(18248, '2025-05-27', '4446', 'SANTO TORIBIO', 'BOLIVAR', 'LOPEZ', 'Mineral', 'Ag,Pb,Zn,', 17, NULL, 190, 7, 567, 23, 256, '2025-05-27 21:14:51', '2025-05-27 21:14:51', NULL, '17:12:00', NULL, NULL, NULL, NULL, NULL, NULL, NULL, NULL, NULL, NULL, NULL, NULL, NULL, 'Pendiente', 'Pendiente'),
(18249, '2025-05-27', '4471', 'RELAVES', 'VICHULOMA', 'TARQUI', 'Embolsado', 'Sn,', 17, 4, 89, 58, 139, 23, 108, '2025-05-27 23:04:39', '2025-05-27 23:04:39', NULL, '17:16:00', NULL, NULL, NULL, NULL, NULL, NULL, NULL, NULL, NULL, NULL, NULL, NULL, NULL, 'Pendiente', 'Pendiente');
INSERT INTO `tornaguias` (`id`, `fecha`, `numero`, `yacimiento`, `tranca`, `cuadrilla`, `tipoMaterial`, `minerales`, `peso`, `sacos`, `transporte_id`, `empresa_id`, `contratista_id`, `user_id`, `driver_id`, `created_at`, `updated_at`, `deleted_at`, `hora`, `departamento`, `centroMinero`, `trancaSalida`, `comprador`, `destino`, `nit`, `broza`, `cantidad`, `lote`, `tipo`, `observacionAdministrativo`, `estadoAdministrativo`, `observacionVigilancia`, `aprobado`, `recibido`) VALUES
(18250, '2025-05-27', '4472', 'SANTO TORIBIO', 'VICHULOMA', 'ZARATE', 'Mineral', 'Ag,Pb,Zn,', 17, NULL, 37, 11, 208, 26, 298, '2025-05-28 02:08:30', '2025-05-28 02:08:30', NULL, '22:07:00', NULL, NULL, NULL, NULL, NULL, NULL, NULL, NULL, NULL, NULL, NULL, NULL, NULL, 'Pendiente', 'Pendiente'),
(18251, '2025-05-28', '4473', 'BLANQUITA', 'VICHULOMA', 'PAQUI', 'Mineral', 'Ag,Pb,Zn,', 17, NULL, 13, 12, 21, 26, 35, '2025-05-28 04:45:28', '2025-05-28 04:45:28', NULL, '00:44:00', NULL, NULL, NULL, NULL, NULL, NULL, NULL, NULL, NULL, NULL, NULL, NULL, NULL, 'Pendiente', 'Pendiente'),
(18252, '2025-05-28', '4474', 'JALSURI', 'VICHULOMA', 'SOLIZ', 'Mineral', 'Ag,Pb,Zn,', 17, NULL, 44, 13, 124, 26, 302, '2025-05-28 05:37:30', '2025-05-28 05:37:30', NULL, '01:36:00', NULL, NULL, NULL, NULL, NULL, NULL, NULL, NULL, NULL, NULL, NULL, NULL, NULL, 'Pendiente', 'Pendiente'),
(18253, '2025-05-28', '4475', 'SAN AGUSTIN', 'BOLIVAR', 'CHECA', 'Mineral', 'Ag,Pb,Zn,', 17, NULL, 165, 7, 357, 26, 171, '2025-05-28 06:44:27', '2025-05-28 06:44:27', NULL, '01:39:00', NULL, NULL, NULL, NULL, NULL, NULL, NULL, NULL, NULL, NULL, NULL, NULL, NULL, 'Pendiente', 'Pendiente'),
(18254, '2025-05-28', '4476', 'SAN AGUSTIN', 'BOLIVAR', 'LOPEZ', 'Mineral', 'Ag,Pb,Zn,', 17, NULL, 69, 7, 586, 26, 24, '2025-05-28 08:17:20', '2025-05-28 08:17:20', NULL, '04:13:00', NULL, NULL, NULL, NULL, NULL, NULL, NULL, NULL, NULL, NULL, NULL, NULL, NULL, 'Pendiente', 'Pendiente'),
(18255, '2025-05-28', '4477', 'SANTO TORIBIO', 'VICHULOMA', 'CHAMBI', 'Mineral', 'Ag,Pb,Zn,', 17, NULL, 101, 13, 340, 26, 196, '2025-05-28 10:04:57', '2025-05-28 10:04:57', NULL, '06:03:00', NULL, NULL, NULL, NULL, NULL, NULL, NULL, NULL, NULL, NULL, NULL, NULL, NULL, 'Pendiente', 'Pendiente'),
(18256, '2025-05-28', '4478', 'JALSURY', 'VICHULOMA', 'PARI', 'Mineral', 'Ag,Pb,Zn,', 17, NULL, 14, 44, 583, 23, 14, '2025-05-28 12:38:40', '2025-05-28 12:38:40', NULL, '08:37:00', NULL, NULL, NULL, NULL, NULL, NULL, NULL, NULL, NULL, NULL, NULL, NULL, NULL, 'Pendiente', 'Pendiente'),
(18257, '2025-05-28', '4479', 'NIVEL 13', 'VICHULOMA', 'CHECa', 'Mineral', 'Zn,Pb,Ag,', 17, NULL, 46, 20, 492, 23, 30, '2025-05-28 13:00:36', '2025-05-28 13:00:36', NULL, '08:39:00', NULL, NULL, NULL, NULL, NULL, NULL, NULL, NULL, NULL, NULL, NULL, NULL, NULL, 'Pendiente', 'Pendiente'),
(18258, '2025-05-28', '4480', 'VELLA VISTA', 'VICHULOMA', 'SOLIZ', 'Mineral', 'Ag,Pb,Zn,', 117, NULL, 254, 12, 122, 23, 89, '2025-05-28 13:03:33', '2025-05-28 13:03:33', NULL, '09:01:00', NULL, NULL, NULL, NULL, NULL, NULL, NULL, NULL, NULL, NULL, NULL, NULL, NULL, 'Pendiente', 'Pendiente'),
(18259, '2025-05-28', '4481', 'SAN AGUSTIN', 'BOLIVAR', 'LOPEZ', 'Mineral', 'Zn,Pb,Ag,', 17, NULL, 69, 7, 586, 23, 24, '2025-05-28 13:45:19', '2025-05-28 13:45:19', NULL, '09:04:00', NULL, NULL, NULL, NULL, NULL, NULL, NULL, NULL, NULL, NULL, NULL, NULL, NULL, 'Pendiente', 'Pendiente'),
(18260, '2025-05-28', '4482', 'NIVEL 11', 'VICHULOMA', 'LOPEZ', 'Mineral', 'Zn,Pb,Ag,', 17, NULL, 38, 44, 581, 23, 37, '2025-05-28 14:01:13', '2025-05-28 14:01:13', NULL, '09:45:00', NULL, NULL, NULL, NULL, NULL, NULL, NULL, NULL, NULL, NULL, NULL, NULL, NULL, 'Pendiente', 'Pendiente'),
(18261, '2025-05-28', '4483', 'RAMPLA 2', 'VICHULOMA', 'CORTEZ', 'Mineral', 'Zn,Pb,Ag,', 17, NULL, 194, 12, 426, 23, 140, '2025-05-28 14:07:10', '2025-05-28 14:07:10', NULL, '10:01:00', NULL, NULL, NULL, NULL, NULL, NULL, NULL, NULL, NULL, NULL, NULL, NULL, NULL, 'Pendiente', 'Pendiente'),
(18262, '2025-05-28', '4484', 'SANTO TORIBIO', 'BOLIVAR', 'AGUILAR', 'Mineral', 'Zn,Pb,Ag,', 17, NULL, 207, 7, 244, 23, 125, '2025-05-28 14:09:43', '2025-05-28 14:09:43', NULL, '10:07:00', NULL, NULL, NULL, NULL, NULL, NULL, NULL, NULL, NULL, NULL, NULL, NULL, NULL, 'Pendiente', 'Pendiente'),
(18263, '2025-05-28', '4485', 'KAJCHITO', 'VICHULOMA', 'CONDORI', 'Mineral', 'Zn,Pb,Ag,', NULL, NULL, 246, 44, 410, 23, 140, '2025-05-28 14:45:14', '2025-05-28 14:45:14', NULL, '10:19:00', NULL, NULL, NULL, NULL, NULL, NULL, NULL, NULL, NULL, NULL, NULL, NULL, NULL, 'Pendiente', 'Pendiente'),
(18264, '2025-05-28', '4486', 'BLANQUITA', 'VICHULOMA', 'GONSALES', 'Mineral', 'Zn,Ag,Pb,', 17, NULL, 28, 12, 482, 23, 29, '2025-05-28 14:52:12', '2025-05-28 14:52:12', NULL, '10:46:00', NULL, NULL, NULL, NULL, NULL, NULL, NULL, NULL, NULL, NULL, NULL, NULL, NULL, 'Pendiente', 'Pendiente'),
(18265, '2025-05-28', '4488', 'BLANQUITA', 'VICHULOMA', 'HUANCA', 'Mineral', 'Zn,Pb,Ag,', 17, NULL, 27, 11, 513, 23, 28, '2025-05-28 14:58:46', '2025-05-28 14:58:46', NULL, '10:52:00', NULL, NULL, NULL, NULL, NULL, NULL, NULL, NULL, NULL, NULL, NULL, NULL, NULL, 'Pendiente', 'Pendiente'),
(18266, '2025-05-28', '4488', 'BLANQUITA', 'VICHULOMA', 'HUANCA', 'Mineral', 'Zn,Pb,Ag,', NULL, NULL, 12, 13, 517, 23, 12, '2025-05-28 15:10:29', '2025-05-28 15:10:29', NULL, '11:09:00', NULL, NULL, NULL, NULL, NULL, NULL, NULL, NULL, NULL, NULL, NULL, NULL, NULL, 'Pendiente', 'Pendiente'),
(18267, '2025-05-28', '4489', 'MERSEDITAS', 'VICHULOMA', 'BENITO', 'Mineral', 'Zn,Pb,Ag,', 17, NULL, 30, 13, 281, 23, 31, '2025-05-28 15:45:25', '2025-05-28 15:45:25', NULL, '11:10:00', NULL, NULL, NULL, NULL, NULL, NULL, NULL, NULL, NULL, NULL, NULL, NULL, NULL, 'Pendiente', 'Pendiente'),
(18268, '2025-05-28', '4490', 'CALAVERAS', 'VICHULOMA', 'FLORES', 'Mineral', 'Pb,Zn,Ag,', 117, NULL, 77, 11, 452, 23, 41, '2025-05-28 16:14:04', '2025-05-28 16:14:04', NULL, '11:46:00', NULL, NULL, NULL, NULL, NULL, NULL, NULL, NULL, NULL, NULL, NULL, NULL, NULL, 'Pendiente', 'Pendiente'),
(18269, '2025-05-28', '4493', 'NIVEL 11', 'VICHULOMA', 'LINARES', 'Mineral', 'Zn,Pb,Ag,,,', 17, NULL, 11, 62, 561, 23, 112, '2025-05-28 16:23:50', '2025-05-28 17:15:39', NULL, '12:14:00', NULL, NULL, NULL, NULL, NULL, NULL, NULL, NULL, NULL, NULL, NULL, NULL, NULL, 'Pendiente', 'Pendiente'),
(18270, '2025-05-28', '4492', 'NUEVA SANSOSE', 'VICHULOMA', 'QUISPE', 'Mineral', 'Ag,Pb,Zn,', 17, NULL, 23, 62, 60, 23, 296, '2025-05-28 16:27:12', '2025-05-28 16:27:12', NULL, '12:24:00', NULL, NULL, NULL, NULL, NULL, NULL, NULL, NULL, NULL, NULL, NULL, NULL, NULL, 'Pendiente', 'Pendiente'),
(18271, '2025-05-28', '4495', 'NIVEL 11', 'VICHULOMA', 'CHINCHE', 'Mineral', 'Zn,Pb,Ag,', 117, NULL, 14, 63, 361, 23, 14, '2025-05-28 17:31:10', '2025-05-28 17:31:10', NULL, '13:15:00', NULL, NULL, NULL, NULL, NULL, NULL, NULL, NULL, NULL, NULL, NULL, NULL, NULL, 'Pendiente', 'Pendiente'),
(18272, '2025-05-28', '4495', 'SANTO TORIBIO', 'BOLIVAR', 'LOPEZ', 'Mineral', 'Zn,Pb,Ag,', 17, NULL, 25, 7, 568, 23, 163, '2025-05-28 18:31:10', '2025-05-28 18:31:10', NULL, '13:31:00', NULL, NULL, NULL, NULL, NULL, NULL, NULL, NULL, NULL, NULL, NULL, NULL, NULL, 'Pendiente', 'Pendiente'),
(18273, '2025-05-28', '4496', 'BLANQUITA', 'BOLIVAR', 'GUITIERRES', 'Mineral', 'Zn,Pb,Ag,', 17, NULL, 12, 7, 496, 23, 12, '2025-05-28 18:53:10', '2025-05-28 18:53:10', NULL, '14:32:00', NULL, NULL, NULL, NULL, NULL, NULL, NULL, NULL, NULL, NULL, NULL, NULL, NULL, 'Pendiente', 'Pendiente'),
(18274, '2025-05-28', '4510', 'NIVEL 11', 'BOLIVAR', 'NINA', 'Mineral', 'Zn,Pb,Ag,,', 17, NULL, 27, 7, 634, 23, 109, '2025-05-28 19:53:42', '2025-05-29 12:40:37', NULL, '14:53:00', NULL, NULL, NULL, NULL, NULL, NULL, NULL, NULL, NULL, NULL, NULL, NULL, NULL, 'Pendiente', 'Pendiente'),
(18275, '2025-05-28', '4498', 'RAMPA 2', 'VICHULOMA', 'LIMA', 'Mineral', 'Ag,Pb,Zn,', 17, NULL, 210, 12, 548, 23, 53, '2025-05-28 20:29:34', '2025-05-28 20:29:34', NULL, '15:54:00', NULL, NULL, NULL, NULL, NULL, NULL, NULL, NULL, NULL, NULL, NULL, NULL, NULL, 'Pendiente', 'Pendiente'),
(18276, '2025-05-28', '4499', 'BLANQUITA', 'VICHULOMA', 'QUISPE', 'Mineral', 'Zn,Pb,Ag,', 17, NULL, 11, 62, 77, 23, 112, '2025-05-28 20:39:31', '2025-05-28 20:39:31', NULL, '16:30:00', NULL, NULL, NULL, NULL, NULL, NULL, NULL, NULL, NULL, NULL, NULL, NULL, NULL, 'Pendiente', 'Pendiente'),
(18277, '2025-05-28', '4500', 'KAJCHITO', 'VICHULOMA', 'CONDORI', 'Mineral', 'Ag,Pb,Zn,', NULL, NULL, 246, 44, 410, 23, 140, '2025-05-28 20:59:55', '2025-05-28 20:59:55', NULL, '16:54:00', NULL, NULL, NULL, NULL, NULL, NULL, NULL, NULL, NULL, NULL, NULL, NULL, NULL, 'Pendiente', 'Pendiente'),
(18278, '2025-05-28', '4501', 'NIVEL11 TOL', 'FICHULOMA', 'ASTETE', 'Mineral', 'Ag,Pb,Zn,', 17, NULL, 38, 44, 271, 23, 37, '2025-05-28 21:02:10', '2025-05-28 21:02:10', NULL, '16:59:00', NULL, NULL, NULL, NULL, NULL, NULL, NULL, NULL, NULL, NULL, NULL, NULL, NULL, 'Pendiente', 'Pendiente'),
(18279, '2025-05-28', '4502', 'RANPA LA SALVADORA', 'VICHULOMA', 'AGUILAR', 'Mineral', 'Pb,Zn,Ag,', 17, NULL, 44, 20, 241, 23, 302, '2025-05-28 22:40:57', '2025-05-28 22:40:57', NULL, '17:02:00', NULL, NULL, NULL, NULL, NULL, NULL, NULL, NULL, NULL, NULL, NULL, NULL, NULL, 'Pendiente', 'Pendiente'),
(18280, '2025-05-28', '4504', 'SAN AGUSTIN', 'BOLIVAR', 'RODRIGUEZ', 'Mineral', 'Ag,Pb,Zn,,', 17, NULL, 190, 7, 110, 26, 256, '2025-05-29 01:34:07', '2025-05-29 09:43:08', NULL, '20:50:00', NULL, NULL, NULL, NULL, NULL, NULL, NULL, NULL, NULL, NULL, NULL, NULL, NULL, 'Pendiente', 'Pendiente'),
(18281, '2025-05-29', '4505', 'kajchac cruz', 'VICHULOMA', 'CHINCHE', 'Mineral', 'Ag,Pb,Zn,', 17, NULL, 11, 11, 653, 26, 112, '2025-05-29 05:18:57', '2025-05-29 05:18:57', NULL, '01:16:00', NULL, NULL, NULL, NULL, NULL, NULL, NULL, NULL, NULL, NULL, NULL, NULL, NULL, 'Pendiente', 'Pendiente'),
(18282, '2025-05-29', '4506', '14 DE SEPTIEMBRE', 'VICHULOMA', 'FLORES', 'Mineral', 'Ag,Pb,Zn,', 17, NULL, 22, 62, 454, 26, 22, '2025-05-29 10:17:34', '2025-05-29 10:17:34', NULL, '06:14:00', NULL, NULL, NULL, NULL, NULL, NULL, NULL, NULL, NULL, NULL, NULL, NULL, NULL, 'Pendiente', 'Pendiente'),
(18283, '2025-05-29', '4507', 'SANTO TORIBIO', 'VICHULOMA', 'CHAMBI', 'Mineral', 'Ag,Pb,Zn,', 17, NULL, 142, 13, 340, 26, 178, '2025-05-29 10:42:34', '2025-05-29 10:42:34', NULL, '06:40:00', NULL, NULL, NULL, NULL, NULL, NULL, NULL, NULL, NULL, NULL, NULL, NULL, NULL, 'Pendiente', 'Pendiente'),
(18284, '2025-05-29', '4509', 'SANTO TORIBIO', 'BOLIVAR', 'LOPEZ', 'Mineral', 'Zn,Pb,Ag,', 17, NULL, 25, 7, 567, 23, 163, '2025-05-29 11:16:59', '2025-05-29 11:16:59', NULL, '07:11:00', NULL, NULL, NULL, NULL, NULL, NULL, NULL, NULL, NULL, NULL, NULL, NULL, NULL, 'Pendiente', 'Pendiente'),
(18285, '2025-05-29', '4509', 'SAN AGUSTIN', 'BOLIVAR', 'CANAZA', 'Mineral', 'Zn,Pb,Ag,', NULL, NULL, 47, 7, 327, 23, 46, '2025-05-29 11:25:38', '2025-05-29 11:25:38', NULL, '07:17:00', NULL, NULL, NULL, NULL, NULL, NULL, NULL, NULL, NULL, NULL, NULL, NULL, NULL, 'Pendiente', 'Pendiente'),
(18286, '2025-05-29', '4511', 'BLANQUITA', 'BOLIVAR', 'QUISPE', 'Mineral', 'Zn,Pb,Ag,', 17, NULL, 12, 7, 68, 23, 12, '2025-05-29 12:55:57', '2025-05-29 12:55:57', NULL, '08:42:00', NULL, NULL, NULL, NULL, NULL, NULL, NULL, NULL, NULL, NULL, NULL, NULL, NULL, 'Pendiente', 'Pendiente'),
(18287, '2025-05-29', '4512', 'RAMPA2', 'VICHULOMA', 'MAMANI', 'Mineral', 'Zn,Pb,Ag,', 17, NULL, 190, 12, 604, 23, 256, '2025-05-29 13:27:41', '2025-05-29 13:27:41', NULL, '08:56:00', NULL, NULL, NULL, NULL, NULL, NULL, NULL, NULL, NULL, NULL, NULL, NULL, NULL, 'Pendiente', 'Pendiente'),
(18288, '2025-05-29', '4513', 'KAJCHITO', 'VICHULOMA', 'CONDORI', 'Mineral', 'Ag,Pb,Zn,', 117, NULL, 246, 44, 410, 23, 140, '2025-05-29 13:30:41', '2025-05-29 13:30:41', NULL, '09:28:00', NULL, NULL, NULL, NULL, NULL, NULL, NULL, NULL, NULL, NULL, NULL, NULL, NULL, 'Pendiente', 'Pendiente'),
(18289, '2025-05-29', '4514', 'COLORADOS', 'VICHULOMA', 'PERES', 'Mineral', 'Zn,Pb,Ag,', 17, NULL, 38, 74, 30, 23, 37, '2025-05-29 14:00:21', '2025-05-29 14:00:21', NULL, '09:32:00', NULL, NULL, NULL, NULL, NULL, NULL, NULL, NULL, NULL, NULL, NULL, NULL, NULL, 'Pendiente', 'Pendiente'),
(18290, '2025-05-29', '4515', 'RAMPA 2', 'VICHULOMA', 'NUÑES', 'Mineral', 'Zn,Pb,Ag,', 17, NULL, 103, 12, 645, 23, 20, '2025-05-29 14:20:39', '2025-05-29 14:20:39', NULL, '10:01:00', NULL, NULL, NULL, NULL, NULL, NULL, NULL, NULL, NULL, NULL, NULL, NULL, NULL, 'Pendiente', 'Pendiente'),
(18291, '2025-05-29', '4516', 'COLORADOS', 'VICHULOMA', 'PERES', 'Mineral', 'Zn,Pb,Ag,', 17, NULL, 66, 74, 30, 23, 66, '2025-05-29 14:22:40', '2025-05-29 14:22:40', NULL, '10:21:00', NULL, NULL, NULL, NULL, NULL, NULL, NULL, NULL, NULL, NULL, NULL, NULL, NULL, 'Pendiente', 'Pendiente'),
(18292, '2025-05-29', '4517', 'KAJCHA CRUZ', 'VICHULOMA', 'ANCALLE', 'Mineral', 'Zn,Pb,Ag,', NULL, NULL, 84, 35, 255, 23, 76, '2025-05-29 14:24:53', '2025-05-29 14:24:53', NULL, '10:23:00', NULL, NULL, NULL, NULL, NULL, NULL, NULL, NULL, NULL, NULL, NULL, NULL, NULL, 'Pendiente', 'Pendiente'),
(18293, '2025-05-29', '4518', 'MERSEDITAS', 'VICHULOMA', 'GOMES', 'Mineral', 'Zn,Pb,Ag,', 17, NULL, 33, 13, 472, 23, 34, '2025-05-29 14:45:03', '2025-05-29 14:45:03', NULL, '10:25:00', NULL, NULL, NULL, NULL, NULL, NULL, NULL, NULL, NULL, NULL, NULL, NULL, NULL, 'Pendiente', 'Pendiente'),
(18294, '2025-05-29', '4519', 'BLANQUITA', 'BOLIVAR', 'GUITIRRES', 'Mineral', 'Zn,Pb,Ag,', 17, NULL, 12, 7, 496, 23, 12, '2025-05-29 15:12:35', '2025-05-29 15:12:35', NULL, '10:45:00', NULL, NULL, NULL, NULL, NULL, NULL, NULL, NULL, NULL, NULL, NULL, NULL, NULL, 'Pendiente', 'Pendiente'),
(18295, '2025-05-29', '4520', 'SANTO TORIBIO', 'VICHULOMA', 'REFAEL', 'Mineral', 'Zn,Pb,Ag,', 17, NULL, 37, 11, 217, 23, 298, '2025-05-29 16:32:51', '2025-05-29 16:32:51', NULL, '11:12:00', NULL, NULL, NULL, NULL, NULL, NULL, NULL, NULL, NULL, NULL, NULL, NULL, NULL, 'Pendiente', 'Pendiente'),
(18296, '2025-05-29', '4521', 'NIVEL 11', 'VICHULOMA', 'ANAVI', 'Mineral', 'Ag,Pb,', 17, NULL, 101, 12, 254, 23, 300, '2025-05-29 16:36:10', '2025-05-29 16:36:10', NULL, '12:33:00', NULL, NULL, NULL, NULL, NULL, NULL, NULL, NULL, NULL, NULL, NULL, NULL, NULL, 'Pendiente', 'Pendiente'),
(18297, '2025-05-29', '4522', '14 DE SEPTIENBRE', 'BOLIVAR', 'SOLIZ', 'Mineral', 'Zn,Pb,Ag,', 17, NULL, 16, 7, 121, 23, 85, '2025-05-29 16:37:45', '2025-05-29 16:37:45', NULL, '12:36:00', NULL, NULL, NULL, NULL, NULL, NULL, NULL, NULL, NULL, NULL, NULL, NULL, NULL, 'Pendiente', 'Pendiente'),
(18298, '2025-05-29', '4523', '14 DE SPTIENBRE', 'VICHULOMA', 'PATZI', 'Mineral', 'Zn,Pb,Ag,', 17, NULL, 246, 44, 138, 23, 140, '2025-05-29 16:45:02', '2025-05-29 16:45:02', NULL, '12:38:00', NULL, NULL, NULL, NULL, NULL, NULL, NULL, NULL, NULL, NULL, NULL, NULL, NULL, 'Pendiente', 'Pendiente'),
(18299, '2025-05-29', '4524', 'SANTO TORIBIO', 'BOLIVAR', 'AGUILAR', 'Mineral', 'Zn,Pb,Ag,', 17, NULL, 207, 7, 245, 23, 125, '2025-05-29 21:20:16', '2025-05-29 21:20:16', NULL, '12:46:00', NULL, NULL, NULL, NULL, NULL, NULL, NULL, NULL, NULL, NULL, NULL, NULL, NULL, 'Pendiente', 'Pendiente'),
(18300, '2025-05-29', '4525', 'BLANQUITA', 'BOLIVAR', 'LIMA', 'Mineral', 'Zn,Pb,Ag,', 17, NULL, 44, 7, 21, 23, 93, '2025-05-29 21:34:54', '2025-05-29 21:34:54', NULL, '17:21:00', NULL, NULL, NULL, NULL, NULL, NULL, NULL, NULL, NULL, NULL, NULL, NULL, NULL, 'Pendiente', 'Pendiente'),
(18301, '2025-05-29', '4526', 'KAJCHA CRUZ', 'VICHULOMA', 'CHINCHE', 'Mineral', 'Zn,Pb,Ag,', 17, NULL, 122, 11, 653, 23, 72, '2025-05-29 23:14:09', '2025-05-29 23:14:09', NULL, '17:35:00', NULL, NULL, NULL, NULL, NULL, NULL, NULL, NULL, NULL, NULL, NULL, NULL, NULL, 'Pendiente', 'Pendiente'),
(18302, '2025-05-29', '4527', 'SAN AGUSTIN', 'BOLIVAR', 'RAMOS', 'Mineral', 'Ag,Pb,Zn,', 17, NULL, 190, 7, 105, 26, 256, '2025-05-30 01:18:20', '2025-05-30 01:18:20', NULL, '21:16:00', NULL, NULL, NULL, NULL, NULL, NULL, NULL, NULL, NULL, NULL, NULL, NULL, NULL, 'Pendiente', 'Pendiente'),
(18303, '2025-05-29', '4528', '14 DE SEPTIEMBRE', 'BOLIVAR', 'PINTO', 'Mineral', 'Ag,Pb,Zn,', 17, NULL, 77, 7, 36, 26, 247, '2025-05-30 02:33:28', '2025-05-30 02:33:28', NULL, '22:32:00', NULL, NULL, NULL, NULL, NULL, NULL, NULL, NULL, NULL, NULL, NULL, NULL, NULL, 'Pendiente', 'Pendiente'),
(18304, '2025-05-29', '4529', 'SAN AGUSTIN', 'BOLIVAR', 'RODRIGUEZ', 'Mineral', 'Ag,Pb,Zn,', 17, NULL, 23, 7, 110, 26, 296, '2025-05-30 03:32:18', '2025-05-30 03:32:18', NULL, '23:31:00', NULL, NULL, NULL, NULL, NULL, NULL, NULL, NULL, NULL, NULL, NULL, NULL, NULL, 'Pendiente', 'Pendiente'),
(18305, '2025-05-30', '4530', 'SANTO TORIBIO', 'VICHULOMA', 'PATZI', 'Mineral', 'Ag,Pb,Zn,', 17, NULL, 43, 62, 26, 26, 42, '2025-05-30 04:28:45', '2025-05-30 04:28:45', NULL, '00:27:00', NULL, NULL, NULL, NULL, NULL, NULL, NULL, NULL, NULL, NULL, NULL, NULL, NULL, 'Pendiente', 'Pendiente'),
(18306, '2025-05-30', '4531', 'BLANQUITA', 'BOLIVAR', 'FLORES', 'Mineral', 'Ag,Pb,Zn,', 17, NULL, 61, 7, 467, 26, 167, '2025-05-30 05:22:31', '2025-05-30 05:22:31', NULL, '01:20:00', NULL, NULL, NULL, NULL, NULL, NULL, NULL, NULL, NULL, NULL, NULL, NULL, NULL, 'Pendiente', 'Pendiente'),
(18307, '2025-05-30', '4532', 'JALSURI', 'VICHULOMA', 'ANCALLE', 'Mineral', 'Ag,Pb,Zn,', 17, NULL, 44, 13, 258, 26, 302, '2025-05-30 05:49:38', '2025-05-30 05:49:38', NULL, '01:48:00', NULL, NULL, NULL, NULL, NULL, NULL, NULL, NULL, NULL, NULL, NULL, NULL, NULL, 'Pendiente', 'Pendiente'),
(18308, '2025-05-30', '4533', 'SAN AGUSTIN', 'BOLIVAR', 'RAFAEL', 'Mineral', 'Ag,Pb,Zn,', 17, NULL, 65, 7, 86, 26, 205, '2025-05-30 08:13:03', '2025-05-30 08:13:03', NULL, '04:11:00', NULL, NULL, NULL, NULL, NULL, NULL, NULL, NULL, NULL, NULL, NULL, NULL, NULL, 'Pendiente', 'Pendiente'),
(18309, '2025-05-30', '4534', '14 DE SEPTIEMBRE', 'BOLIVAR', 'COLLAVI', 'Mineral', 'Ag,Pb,Zn,', 17, NULL, 22, 7, 404, 26, 22, '2025-05-30 10:41:13', '2025-05-30 10:41:13', NULL, '05:09:00', NULL, NULL, NULL, NULL, NULL, NULL, NULL, NULL, NULL, NULL, NULL, NULL, NULL, 'Pendiente', 'Pendiente'),
(18310, '2025-05-30', '4535', 'SANTO TORIBIO', 'BOLIVAR', 'LOPEZ', 'Mineral', 'Ag,Pb,Zn,', 17, NULL, 25, 7, 567, 26, 163, '2025-05-30 10:46:05', '2025-05-30 10:46:05', NULL, '06:45:00', NULL, NULL, NULL, NULL, NULL, NULL, NULL, NULL, NULL, NULL, NULL, NULL, NULL, 'Pendiente', 'Pendiente'),
(18311, '2025-05-30', '4536', 'blanquita', 'BOOIVAR', 'APAZA', 'Mineral', 'Zn,Pb,Ag,', 17, NULL, 11, 7, 180, 23, 112, '2025-05-30 11:28:45', '2025-05-30 11:28:45', NULL, '07:22:00', NULL, NULL, NULL, NULL, NULL, NULL, NULL, NULL, NULL, NULL, NULL, NULL, NULL, 'Pendiente', 'Pendiente'),
(18312, '2025-05-30', '4537', 'NIVRL 11', 'VICHULOMA', 'VACAFLOR', 'Mineral', 'Zn,Pb,Ag,', 117, NULL, 73, 20, 172, 23, 196, '2025-05-30 12:14:49', '2025-05-30 12:14:49', NULL, '07:29:00', NULL, NULL, NULL, NULL, NULL, NULL, NULL, NULL, NULL, NULL, NULL, NULL, NULL, 'Pendiente', 'Pendiente'),
(18313, '2025-05-30', '4538', 'BLANQUITA', 'VICHULOMA', 'BUSTOS', 'Mineral', 'Zn,Pb,Ag,', 17, NULL, 49, 11, 292, 23, 150, '2025-05-30 12:30:59', '2025-05-30 12:30:59', NULL, '08:15:00', NULL, NULL, NULL, NULL, NULL, NULL, NULL, NULL, NULL, NULL, NULL, NULL, NULL, 'Pendiente', 'Pendiente'),
(18314, '2025-05-30', '4539', 'KAJCHA CRUZ', 'VICHULOMA', 'ANCALLE', 'Mineral', 'Ag,Pb,Zn,', 17, NULL, 84, 35, 255, 23, 76, '2025-05-30 12:33:23', '2025-05-30 12:33:23', NULL, '08:31:00', NULL, NULL, NULL, NULL, NULL, NULL, NULL, NULL, NULL, NULL, NULL, NULL, NULL, 'Pendiente', 'Pendiente'),
(18315, '2025-05-30', '45', 'KAJCHA CROZ', 'VICHULOMA', 'TITO', 'Mineral', 'Zn,Pb,Ag,', 17, NULL, 289, 11, 152, 23, 292, '2025-05-30 12:44:08', '2025-05-30 12:44:08', NULL, '08:33:00', NULL, NULL, NULL, NULL, NULL, NULL, NULL, NULL, NULL, NULL, NULL, NULL, NULL, 'Pendiente', 'Pendiente'),
(18316, '2025-05-30', '4541', 'KAJCHA CRUZ', 'VICHULOMA', 'CHECA', 'Mineral', 'Zn,Pb,Ag,', 17, NULL, 11, 11, 351, 23, 112, '2025-05-30 13:07:30', '2025-05-30 13:07:30', NULL, '08:44:00', NULL, NULL, NULL, NULL, NULL, NULL, NULL, NULL, NULL, NULL, NULL, NULL, NULL, 'Pendiente', 'Pendiente'),
(18317, '2025-05-30', '4542', 'VILLA VISTA', 'VICHULO', 'FERNANDES', 'Mineral', 'Zn,Pb,Ag,', NULL, NULL, 74, 62, 446, 23, 202, '2025-05-30 13:09:54', '2025-05-30 13:09:54', NULL, '09:07:00', NULL, NULL, NULL, NULL, NULL, NULL, NULL, NULL, NULL, NULL, NULL, NULL, NULL, 'Pendiente', 'Pendiente'),
(18318, '2025-05-30', '4544', 'BLANQUITA', 'VICHULOMA', 'CHOQUE', 'Mineral', 'Ag,Pb,Zn,', 117, NULL, 31, 20, 380, 23, 100, '2025-05-30 13:13:49', '2025-05-30 13:13:49', NULL, '09:10:00', NULL, NULL, NULL, NULL, NULL, NULL, NULL, NULL, NULL, NULL, NULL, NULL, NULL, 'Pendiente', 'Pendiente'),
(18319, '2025-05-30', '4545', 'RAMPA 2', 'VICHULOMA', 'CARLOS', 'Mineral', 'Zn,Pb,Ag,,', 17, NULL, 103, 12, 329, 23, 20, '2025-05-30 13:37:58', '2025-05-30 13:39:33', NULL, '09:35:00', NULL, NULL, NULL, NULL, NULL, NULL, NULL, NULL, NULL, NULL, NULL, NULL, NULL, 'Pendiente', 'Pendiente'),
(18320, '2025-05-30', '45', 'GRAN PODER', 'VICHULOMA', 'LOPEZZ', 'Mineral', 'Zn,Pb,Ag,', 17, NULL, 26, 11, 226, 23, 27, '2025-05-30 13:53:19', '2025-05-30 13:53:19', NULL, '09:40:00', NULL, NULL, NULL, NULL, NULL, NULL, NULL, NULL, NULL, NULL, NULL, NULL, NULL, 'Pendiente', 'Pendiente'),
(18321, '2025-05-30', '4548', 'NIVEL 11', 'VICHULOMA', 'NULÑES', 'Mineral', 'Zn,Pb,Ag,,', 17, NULL, 77, 11, 195, 23, 41, '2025-05-30 14:30:50', '2025-05-30 14:31:16', NULL, '09:54:00', NULL, NULL, NULL, NULL, NULL, NULL, NULL, NULL, NULL, NULL, NULL, NULL, NULL, 'Pendiente', 'Pendiente'),
(18322, '2025-05-30', '4549', 'JALSURY TOL', 'VICHULOMA', 'LOPEZ', 'Mineral', 'Zn,Pb,Ag,', 17, NULL, 285, 44, 583, 23, 138, '2025-05-30 14:52:18', '2025-05-30 14:52:18', NULL, '10:31:00', NULL, NULL, NULL, NULL, NULL, NULL, NULL, NULL, NULL, NULL, NULL, NULL, NULL, 'Pendiente', 'Pendiente'),
(18323, '2025-05-30', '4551', 'KAJCHITO', 'VICHULOMA', 'CONDORI', 'Mineral', 'Ag,Pb,Zn,,', 17, NULL, 194, 44, 410, 23, 140, '2025-05-30 14:55:07', '2025-05-30 14:57:13', NULL, '10:52:00', NULL, NULL, NULL, NULL, NULL, NULL, NULL, NULL, NULL, NULL, NULL, NULL, NULL, 'Pendiente', 'Pendiente'),
(18324, '2025-05-30', '4550', 'MERSEDITAS', 'VICHULOMA', 'USCAMAITA', 'Mineral', 'Ag,Pb,Zn,', 17, NULL, 45, 13, 160, 23, 44, '2025-05-30 15:04:09', '2025-05-30 15:04:09', NULL, '10:58:00', NULL, NULL, NULL, NULL, NULL, NULL, NULL, NULL, NULL, NULL, NULL, NULL, NULL, 'Pendiente', 'Pendiente'),
(18325, '2025-05-30', '4553', '14 DE SEPTIENBRE', 'BOLIVAR', 'FERNANDES', 'Mineral', 'Zn,Ag,Pb,', 17, NULL, 16, 7, 447, 23, 85, '2025-05-30 15:38:27', '2025-05-30 15:38:27', NULL, '11:04:00', NULL, NULL, NULL, NULL, NULL, NULL, NULL, NULL, NULL, NULL, NULL, NULL, NULL, 'Pendiente', 'Pendiente'),
(18326, '2025-05-30', '4554', 'NIVEL 11', 'BOLIVAR', 'CONDORI', 'Mineral', 'Zn,Pb,Ag,', 17, NULL, 66, 7, 418, 23, 26, '2025-05-30 15:45:41', '2025-05-30 15:45:41', NULL, '11:38:00', NULL, NULL, NULL, NULL, NULL, NULL, NULL, NULL, NULL, NULL, NULL, NULL, NULL, 'Pendiente', 'Pendiente'),
(18327, '2025-05-30', '4555', 'NIVEL 11', 'VICHULOMA', 'MARTINES', 'Mineral', 'Zn,Pb,Ag,', 17, NULL, 101, 12, 610, 23, 300, '2025-05-30 15:50:28', '2025-05-30 15:50:28', NULL, '11:46:00', NULL, NULL, NULL, NULL, NULL, NULL, NULL, NULL, NULL, NULL, NULL, NULL, NULL, 'Pendiente', 'Pendiente'),
(18328, '2025-05-30', '4556', 'SANTO TORIBIO', 'VICHULOMA', 'CHANBI', 'Mineral', 'Zn,Pb,Ag,', 17, NULL, 38, 13, 340, 23, 37, '2025-05-30 16:43:02', '2025-05-30 16:43:02', NULL, '11:51:00', NULL, NULL, NULL, NULL, NULL, NULL, NULL, NULL, NULL, NULL, NULL, NULL, NULL, 'Pendiente', 'Pendiente'),
(18329, '2025-05-30', '4557', 'BLANQUITA', 'VICHULOMA', 'NUÑES', 'Mineral', 'Zn,Pb,Ag,', NULL, NULL, 11, 45, 77, 23, 112, '2025-05-30 17:00:55', '2025-05-30 17:00:55', NULL, '12:43:00', NULL, NULL, NULL, NULL, NULL, NULL, NULL, NULL, NULL, NULL, NULL, NULL, NULL, 'Pendiente', 'Pendiente'),
(18330, '2025-05-30', '4558', 'NIVEL 13', 'VICHULOMA', 'GUITIERRES', 'Mineral', 'Zn,Pb,Ag,', 17, NULL, 46, 20, 710, 23, 30, '2025-05-30 17:07:52', '2025-05-30 17:07:52', NULL, '13:01:00', NULL, NULL, NULL, NULL, NULL, NULL, NULL, NULL, NULL, NULL, NULL, NULL, NULL, 'Pendiente', 'Pendiente'),
(18331, '2025-05-30', '4559', 'JALSURY', 'VICHULOMA', 'MACHACA', 'Mineral', 'Pb,Zn,Ag,', 17, NULL, 254, 12, 592, 23, 89, '2025-05-30 17:10:59', '2025-05-30 17:10:59', NULL, '13:08:00', NULL, NULL, NULL, NULL, NULL, NULL, NULL, NULL, NULL, NULL, NULL, NULL, NULL, 'Pendiente', 'Pendiente'),
(18332, '2025-05-30', '4560', 'BLANQUITA', 'VICHULOMA', 'TICACALA', 'Mineral', 'Zn,Pb,Ag,', 17, NULL, 44, 12, 148, 23, 302, '2025-05-30 17:48:53', '2025-05-30 17:48:53', NULL, '13:11:00', NULL, NULL, NULL, NULL, NULL, NULL, NULL, NULL, NULL, NULL, NULL, NULL, NULL, 'Pendiente', 'Pendiente'),
(18333, '2025-05-30', '4561', 'NIVEL 11', 'VICHULOMA', 'VAFLOR', 'Mineral', 'Zn,Pb,Ag,', -117, NULL, 85, 35, 471, 23, 26, '2025-05-30 18:34:27', '2025-05-30 18:34:27', NULL, '13:49:00', NULL, NULL, NULL, NULL, NULL, NULL, NULL, NULL, NULL, NULL, NULL, NULL, NULL, 'Pendiente', 'Pendiente'),
(18334, '2025-05-30', '4563', '14 DE SEPTIENBRE', 'VICHULOMA', 'PATZI', 'Mineral', 'Zn,Pb,Ag,,,', 17, NULL, 194, 44, 138, 23, 140, '2025-05-30 18:49:03', '2025-05-30 18:51:25', NULL, '14:35:00', NULL, NULL, NULL, NULL, NULL, NULL, NULL, NULL, NULL, NULL, NULL, NULL, NULL, 'Pendiente', 'Pendiente'),
(18335, '2025-05-30', '4564', '14 DE SEPTIENBRE', 'BOLIVAR', 'CALDERON', 'Mineral', 'Zn,Pb,Ag,', 17, NULL, 210, 7, 297, 23, 53, '2025-05-30 19:58:04', '2025-05-30 19:58:04', NULL, '14:52:00', NULL, NULL, NULL, NULL, NULL, NULL, NULL, NULL, NULL, NULL, NULL, NULL, NULL, 'Pendiente', 'Pendiente'),
(18336, '2025-05-30', '4565', 'BLANQUITA', 'BOLIVAR', 'FLORES', 'Mineral', 'Ag,Pb,Zn,', NULL, NULL, 61, 7, 467, 23, 167, '2025-05-30 20:20:04', '2025-05-30 20:20:04', NULL, '15:58:00', NULL, NULL, NULL, NULL, NULL, NULL, NULL, NULL, NULL, NULL, NULL, NULL, NULL, 'Pendiente', 'Pendiente'),
(18337, '2025-05-30', '4566', 'BLANQUITA', 'BOLIVAR', 'APAZA', 'Mineral', 'Zn,Pb,Ag,', 17, NULL, 21, 7, 180, 23, 21, '2025-05-30 20:26:15', '2025-05-30 20:26:15', NULL, '16:20:00', NULL, NULL, NULL, NULL, NULL, NULL, NULL, NULL, NULL, NULL, NULL, NULL, NULL, 'Pendiente', 'Pendiente'),
(18338, '2025-05-30', '4567', 'BLANQUITA', 'BOLIVAR', 'CHOQUE', 'Mineral', 'Zn,Pb,Ag,,,', 17, NULL, 182, 7, 646, 26, 32, '2025-05-30 20:38:33', '2025-05-31 02:47:50', NULL, '16:26:00', NULL, NULL, NULL, NULL, NULL, NULL, NULL, NULL, NULL, NULL, NULL, NULL, NULL, 'Pendiente', 'Pendiente'),
(18339, '2025-05-30', '4569', '14 DE SEPTIEMBRE', 'BOLIVAR', 'PINTO', 'Mineral', 'Ag,Pb,Zn,', 17, NULL, 215, 7, 34, 26, 247, '2025-05-31 03:57:13', '2025-05-31 03:57:13', NULL, '22:47:00', NULL, NULL, NULL, NULL, NULL, NULL, NULL, NULL, NULL, NULL, NULL, NULL, NULL, 'Pendiente', 'Pendiente'),
(18340, '2025-05-31', '4570', 'SANTO TORIBIO', 'BOLIVAR', 'AGUILAR', 'Mineral', 'Ag,Pb,Zn,', 17, NULL, 207, 7, 244, 26, 125, '2025-05-31 04:01:23', '2025-05-31 04:01:23', NULL, '00:00:00', NULL, NULL, NULL, NULL, NULL, NULL, NULL, NULL, NULL, NULL, NULL, NULL, NULL, 'Pendiente', 'Pendiente'),
(18341, '2025-05-31', '4571', 'JALSIRO', 'VICHULOMA', 'SOLIZ', 'Mineral', 'Ag,Pb,Zn,,', 17, NULL, 46, 13, 125, 26, 30, '2025-05-31 06:59:24', '2025-05-31 07:00:55', NULL, '02:56:00', NULL, NULL, NULL, NULL, NULL, NULL, NULL, NULL, NULL, NULL, NULL, NULL, NULL, 'Pendiente', 'Pendiente'),
(18342, '2025-05-31', '4572', 'SAN AGUSTIN', 'BOLIVAR', 'ILLANES', 'Mineral', 'Ag,Pb,Zn,', 17, NULL, 86, 7, 531, 26, 98, '2025-05-31 08:36:04', '2025-05-31 08:36:04', NULL, '04:34:00', NULL, NULL, NULL, NULL, NULL, NULL, NULL, NULL, NULL, NULL, NULL, NULL, NULL, 'Pendiente', 'Pendiente'),
(18343, '2025-05-31', '4573', 'SANTO TORIBIO', 'VICHULOMA', 'PATZI', 'Mineral', 'Ag,Pb,Zn,', 17, NULL, 43, 62, 26, 23, 42, '2025-05-31 11:02:05', '2025-05-31 11:02:05', NULL, '07:00:00', NULL, NULL, NULL, NULL, NULL, NULL, NULL, NULL, NULL, NULL, NULL, NULL, NULL, 'Pendiente', 'Pendiente'),
(18344, '2025-05-31', '4574', 'KAJCHA CRUZ', 'VICHULOMA', 'SANTOS', 'Mineral', 'Ag,Pb,Zn,', 17, NULL, 29, 11, 202, 23, 45, '2025-05-31 11:08:18', '2025-05-31 11:08:18', NULL, '07:06:00', NULL, NULL, NULL, NULL, NULL, NULL, NULL, NULL, NULL, NULL, NULL, NULL, NULL, 'Pendiente', 'Pendiente'),
(18345, '2025-05-31', '4575', 'SANTO TORIBIO', 'VICHULOMA', 'COA', 'Mineral', 'Zn,Pb,Ag,', 17, NULL, 37, 12, 399, 23, 298, '2025-05-31 11:38:17', '2025-05-31 11:38:17', NULL, '07:09:00', NULL, NULL, NULL, NULL, NULL, NULL, NULL, NULL, NULL, NULL, NULL, NULL, NULL, 'Pendiente', 'Pendiente'),
(18346, '2025-05-31', '4576', 'MUJIKANY', 'BOLIVAR', 'AGOSTOPA', 'Mineral', 'Zn,Pb,Ag,', NULL, NULL, 39, 7, 234, 23, 38, '2025-05-31 13:39:56', '2025-05-31 13:39:56', NULL, '07:38:00', NULL, NULL, NULL, NULL, NULL, NULL, NULL, NULL, NULL, NULL, NULL, NULL, NULL, 'Pendiente', 'Pendiente'),
(18347, '2025-05-31', '4577', 'GRA PODER', 'VICHULOMA', 'LOPEZ', 'Mineral', 'Zn,Pb,Ag,', 17, NULL, 122, 11, 226, 23, 72, '2025-05-31 13:42:28', '2025-05-31 13:42:28', NULL, '09:40:00', NULL, NULL, NULL, NULL, NULL, NULL, NULL, NULL, NULL, NULL, NULL, NULL, NULL, 'Pendiente', 'Pendiente'),
(18348, '2025-05-31', '4578', 'KAJCHITO', 'VICHULOMA', 'CONDORI', 'Mineral', 'Zn,Pb,Ag,', 17, NULL, 246, 44, 410, 23, 140, '2025-05-31 13:54:33', '2025-05-31 13:54:33', NULL, '09:43:00', NULL, NULL, NULL, NULL, NULL, NULL, NULL, NULL, NULL, NULL, NULL, NULL, NULL, 'Pendiente', 'Pendiente'),
(18349, '2025-05-31', '4579', 'BLANQUITA', 'VICHULOMA', 'DIAS', 'Mineral', 'Zn,Pb,Ag,', 17, NULL, 113, 20, 432, 23, 32, '2025-05-31 14:18:35', '2025-05-31 14:18:35', NULL, '09:55:00', NULL, NULL, NULL, NULL, NULL, NULL, NULL, NULL, NULL, NULL, NULL, NULL, NULL, 'Pendiente', 'Pendiente'),
(18350, '2025-05-31', '4580', '14DE SEPTIENBRE', 'BOLIVAR', 'CHOQUE', 'Mineral', 'Zn,Pb,Ag,', 17, NULL, 16, 7, 388, 23, 85, '2025-05-31 14:41:44', '2025-05-31 14:41:44', NULL, '10:19:00', NULL, NULL, NULL, NULL, NULL, NULL, NULL, NULL, NULL, NULL, NULL, NULL, NULL, 'Pendiente', 'Pendiente'),
(18351, '2025-05-31', '4589', 'SAN AGUSTIN', 'BOLIVAR', 'CHANBI', 'Mineral', 'Zn,Pb,Ag,,,,', 17, NULL, 190, 7, 369, 23, 256, '2025-05-31 14:44:57', '2025-05-31 16:16:46', NULL, '10:42:00', NULL, NULL, NULL, NULL, NULL, NULL, NULL, NULL, NULL, NULL, NULL, NULL, NULL, 'Pendiente', 'Pendiente'),
(18352, '2025-05-31', '4583', 'NIVEL 11', 'VICHULOMA', 'CALDERON', 'Embolsado', 'Ag,,,,', 17, 20, 296, 73, 298, 23, 293, '2025-05-31 15:04:39', '2025-05-31 15:10:26', NULL, '10:45:00', NULL, NULL, NULL, NULL, NULL, NULL, NULL, NULL, NULL, NULL, NULL, NULL, NULL, 'Pendiente', 'Pendiente'),
(18353, '2025-05-31', '4584', 'COLORADOS-TOLL', 'VICHULOMA', 'PERES', 'Mineral', 'Zn,Pb,Ag,,', 17, NULL, 66, 74, 30, 23, 66, '2025-05-31 15:24:41', '2025-06-01 02:05:19', NULL, '11:18:00', NULL, NULL, NULL, NULL, NULL, NULL, NULL, NULL, NULL, NULL, NULL, NULL, NULL, 'Pendiente', 'Pendiente'),
(18354, '2025-05-31', '4587', 'COLORADOS-TOLL', 'VICHULOMA', 'PERES', 'Mineral', 'Zn,Pb,Ag,,', 17, NULL, 38, 74, 30, 23, 37, '2025-05-31 15:27:31', '2025-06-01 02:05:39', NULL, '11:25:00', NULL, NULL, NULL, NULL, NULL, NULL, NULL, NULL, NULL, NULL, NULL, NULL, NULL, 'Pendiente', 'Pendiente'),
(18355, '2025-05-31', '4588', 'NUEVA SANJOSE TOL', 'VICHULOMA', 'QUISPE', 'Mineral', 'Zn,Pb,Ag,', 17, NULL, 103, 30, 60, 23, 20, '2025-05-31 15:33:06', '2025-05-31 15:33:06', NULL, '11:28:00', NULL, NULL, NULL, NULL, NULL, NULL, NULL, NULL, NULL, NULL, NULL, NULL, NULL, 'Pendiente', 'Pendiente'),
(18356, '2025-05-31', '4585', 'NUEVA SAN JOSE-TOL', 'VICHULOMA', 'QUISPE', 'Mineral', 'Zn,Pb,Ag,,', 17, NULL, 86, 30, 60, 23, 98, '2025-05-31 16:19:14', '2025-06-01 02:05:59', NULL, '12:17:00', NULL, NULL, NULL, NULL, NULL, NULL, NULL, NULL, NULL, NULL, NULL, NULL, NULL, 'Pendiente', 'Pendiente'),
(18357, '2025-05-31', '4586', 'NUEVA SAN JOSE', 'VICHULOMA', 'QUISPE', 'Mineral', 'Ag,Pb,Zn,', 17, NULL, 22, 44, 60, 23, 22, '2025-05-31 16:20:54', '2025-05-31 16:20:54', NULL, '12:19:00', NULL, NULL, NULL, NULL, NULL, NULL, NULL, NULL, NULL, NULL, NULL, NULL, NULL, 'Pendiente', 'Pendiente'),
(18358, '2025-05-31', '4590', 'NUEVA SANJOSE', 'VICHULOMA', 'QUISPE', 'Mineral', 'Zn,Pb,Ag,', 17, NULL, 210, 44, 60, 23, 53, '2025-05-31 16:43:55', '2025-05-31 16:43:55', NULL, '12:21:00', NULL, NULL, NULL, NULL, NULL, NULL, NULL, NULL, NULL, NULL, NULL, NULL, NULL, 'Pendiente', 'Pendiente'),
(18359, '2025-05-31', '4591', 'NUEVA SANJOSE', 'VICHULOMA', 'QUISPE', 'Mineral', 'Ag,Pb,Zn,', 17, NULL, 23, 44, 60, 23, 296, '2025-05-31 16:46:02', '2025-05-31 16:46:02', NULL, '12:44:00', NULL, NULL, NULL, NULL, NULL, NULL, NULL, NULL, NULL, NULL, NULL, NULL, NULL, 'Pendiente', 'Pendiente'),
(18360, '2025-06-01', '666', 'yacimiento', 'tranca', 'cuadrilla', 'Mineral', 'Pb,Zn,Otros,', 121, NULL, 29, 12, 8, 1, 31, '2025-06-01 10:43:08', '2025-06-01 10:43:08', NULL, '06:42:00', NULL, NULL, NULL, NULL, NULL, NULL, NULL, NULL, NULL, NULL, NULL, NULL, NULL, 'Pendiente', 'Pendiente'),
(18361, '2025-06-01', NULL, NULL, NULL, NULL, 'Mineral', 'Ag,', NULL, NULL, 16, 7, 11, 1, 15, '2025-06-02 00:25:20', '2025-06-02 00:25:20', NULL, '20:24:00', 'Oruro', 'Poopo', NULL, NULL, NULL, NULL, NULL, NULL, NULL, NULL, NULL, NULL, NULL, 'Pendiente', 'Pendiente'),
(18362, '2025-06-01', NULL, 'aa', NULL, NULL, 'Mineral', 'Zn,', NULL, NULL, 15, 7, 8, 1, 15, '2025-06-02 00:27:03', '2025-06-02 00:27:03', NULL, '20:25:00', 'Oruro', 'Poopo', NULL, NULL, NULL, NULL, NULL, NULL, NULL, NULL, NULL, NULL, NULL, 'Pendiente', 'Pendiente'),
(18363, '2025-06-01', '222', 'asa', NULL, 'asdsa', 'Embolsado', 'Ag,Zn,,,,,', 232, NULL, 14, 7, 8, 1, 16, '2025-06-02 00:30:10', '2025-06-02 00:34:15', NULL, '20:29:00', 'Oruro', 'Poopo', 'asa', 'asda', 'asd', '2323', '23', 23, '23', NULL, NULL, NULL, NULL, 'Pendiente', 'Pendiente'),
(18364, '2025-06-01', '222', 'aas', NULL, NULL, 'Mineral', 'Sn,,', NULL, NULL, 15, 7, 11, 1, 16, '2025-06-02 00:36:43', '2025-06-02 00:36:49', NULL, '20:36:00', 'Oruro', 'Poopo', 'asa', NULL, NULL, NULL, NULL, NULL, NULL, NULL, NULL, NULL, NULL, 'Pendiente', 'Pendiente'),
(18365, '2025-06-13', NULL, 'aaa', NULL, 'asd', 'Embolsado', 'Sn,Ag', 10, 23, 14, 7, 8, 1, 15, '2025-06-13 07:24:39', '2025-06-13 09:01:23', NULL, '03:24:00', 'Oruro', 'Poopo', 'aaa', 'asda', 'adsa', '111', '12', 12, '12', NULL, NULL, NULL, NULL, 'Aprobado', 'Pendiente'),
(18366, '2025-06-13', '123', 'yaciemitno', NULL, 'cuadrilla', 'Embolsado', 'Sn,Ag', 23, 23, 11, 11, 8, 1, 14, '2025-06-13 07:33:43', '2025-06-13 07:33:43', NULL, '03:33:00', 'Oruro', 'Poopo', 'tranca salida', NULL, NULL, NULL, '1231', NULL, '1231', NULL, NULL, NULL, NULL, 'Pendiente', 'Pendiente'),
(18367, '2025-06-13', NULL, NULL, NULL, NULL, 'Mineral', 'Otros', NULL, NULL, NULL, NULL, 8, 1, NULL, '2025-06-13 07:49:34', '2025-06-13 07:58:35', NULL, '03:47:00', 'Oruro', 'Poopo', NULL, NULL, NULL, NULL, NULL, NULL, NULL, NULL, NULL, NULL, NULL, 'Pendiente', 'Pendiente'),
(18368, '2025-06-13', '111', NULL, NULL, NULL, 'Embolsado', 'Zn,Pb', NULL, NULL, 11, NULL, 11, 1, 16, '2025-06-13 08:05:54', '2025-06-13 08:48:18', NULL, '04:05:00', 'Oruro', 'Poopo', 'sdfsfs', NULL, NULL, '23423', '23', NULL, '23', 'Tratammiento', 'A', 'Aprobado', 'bbb', 'Pendiente', 'Aprobado'),
(18369, '2025-06-13', '1231', NULL, NULL, 'aaaa', 'Mineral', 'Ag,Pb', 23, NULL, 13, 13, NULL, 1, NULL, '2025-06-13 10:05:30', '2025-06-13 10:08:10', NULL, '06:05:00', 'La Paz', 'San pablo', '1231', NULL, NULL, 'q2321', '123', NULL, '123', 'Comercializacion', 'aaaa', 'Aprobado', NULL, 'Aprobado', 'Aprobado');

-- --------------------------------------------------------

--
-- Estructura de tabla para la tabla `transportes`
--

CREATE TABLE `transportes` (
  `id` bigint(20) UNSIGNED NOT NULL,
  `tipo` varchar(255) NOT NULL,
  `marca` varchar(255) DEFAULT NULL,
  `placa` varchar(255) DEFAULT NULL,
  `color` varchar(255) DEFAULT NULL,
  `estado` varchar(255) DEFAULT 'Activo',
  `user_id` bigint(20) UNSIGNED DEFAULT NULL,
  `created_at` timestamp NULL DEFAULT NULL,
  `updated_at` timestamp NULL DEFAULT NULL,
  `libre` varchar(255) DEFAULT 'Activo'
) ENGINE=InnoDB DEFAULT CHARSET=utf8mb4 COLLATE=utf8mb4_unicode_ci;

--
-- Volcado de datos para la tabla `transportes`
--

INSERT INTO `transportes` (`id`, `tipo`, `marca`, `placa`, `color`, `estado`, `user_id`, `created_at`, `updated_at`, `libre`) VALUES
(7, 'reprehenderit', 'occaecati', 'omnis', 'dolor', 'Activo', NULL, '2023-01-31 00:54:36', '2025-06-13 10:05:30', 'Ocupado'),
(11, 'VOLQUETA', 'VOLVO', '4791-SZR', 'BLANCO', 'Activo', NULL, '2023-04-03 01:03:31', '2023-04-03 01:03:31', 'Activo'),
(12, 'VOLQUETA', 'VOLVO', '3145-THY', 'BLANCO', 'Activo', NULL, '2023-04-03 01:30:23', '2023-04-03 01:30:23', 'Activo'),
(13, 'VOLQUETA', 'VOLVO', '4756-ECI', 'BLANCO', 'Activo', NULL, '2023-04-03 01:31:14', '2023-04-03 01:31:14', 'Activo'),
(14, 'VOLQUETA', 'VOLVO', '5235-ZKF', 'AZUL', 'Activo', NULL, '2023-04-03 01:32:15', '2023-06-21 21:10:38', 'Activo'),
(15, 'VOLQUETA', 'VOLVO', '3613-REA', 'AMARILLO', 'Activo', NULL, '2023-04-03 01:33:03', '2023-04-03 01:33:03', 'Activo'),
(16, 'VOLQUETA', 'VOLVO', '3161-ZBR', 'VERDE', 'Activo', NULL, '2023-04-03 01:34:10', '2023-04-03 01:34:10', 'Activo'),
(17, 'VOLQUETA', 'VOLVO', '5292-YKY', 'AMARILLO', 'Activo', NULL, '2023-04-03 01:34:55', '2023-04-03 01:34:55', 'Activo'),
(18, 'VOLQUETA', 'VOLVO', '4334-ZAH', 'BLANCO', 'Activo', NULL, '2023-04-03 01:35:40', '2023-06-27 13:24:42', 'Activo'),
(19, 'VOLQUETA', 'VOLVO', '4791-SZR', 'BLANCO', 'Activo', NULL, '2023-04-03 01:36:53', '2023-04-03 01:36:53', 'Activo'),
(20, 'VOLQUETA', 'VOLVO', '1724-SDT', 'BLANCO', 'Activo', NULL, '2023-04-03 01:37:41', '2023-04-03 01:37:41', 'Activo'),
(21, 'VOLQUETA', 'VOLVO', '2188-SZS', 'AZUL', 'Activo', NULL, '2023-04-03 01:38:27', '2023-04-03 01:38:27', 'Activo'),
(22, 'VOLQUETA', 'VOLVO', '2118-GTH', 'NEGRO', 'Activo', NULL, '2023-04-03 01:39:21', '2023-04-03 01:39:21', 'Activo'),
(23, 'VOLQUETA', 'VOLVO', '2713-KPD', 'AZUL', 'Activo', NULL, '2023-04-03 01:41:08', '2023-04-03 01:41:08', 'Activo'),
(24, 'VOLQUETA', 'VOLVO', '2377-2099-FNR', 'BLANCO', 'Activo', NULL, '2023-04-03 01:42:30', '2023-04-03 01:42:30', 'Activo'),
(25, 'VOLQUETA', 'VOLVO', '3852-ZPI', 'PLOMO', 'Activo', NULL, '2023-04-03 01:43:34', '2023-04-03 01:43:34', 'Activo'),
(26, 'VOLQUETA', 'VOLVO', '4834-ZAH', 'BLANCO', 'Activo', NULL, '2023-04-03 01:44:26', '2023-04-03 01:44:26', 'Activo'),
(27, 'VOLQUETA', 'VOLVO', '1197-XEN', 'BLANCO', 'Activo', NULL, '2023-04-03 01:45:21', '2023-04-03 01:45:21', 'Activo'),
(28, 'VOLQUETA', 'VOLVO', '2323-TXC', 'AZUL', 'Activo', NULL, '2023-04-03 01:46:11', '2023-04-03 01:46:11', 'Activo'),
(29, 'VOLQUETA', 'VOLVO', '2070-FUE', 'BLANCO', 'Activo', NULL, '2023-04-03 01:46:57', '2023-04-03 01:46:57', 'Activo'),
(30, 'VOLQUETA', 'VOLVO', '5027-ZKE', 'BLANCO', 'Activo', NULL, '2023-04-03 01:48:15', '2023-04-03 01:48:15', 'Activo'),
(31, 'VOLQUETA', 'VOLVO', '957-KKF', 'ROJO', 'Activo', NULL, '2023-04-03 01:49:14', '2023-10-09 13:27:39', 'Activo'),
(32, 'VOLQUETA', 'VOLVO', '2323-RAG', 'BLANCO', 'Activo', NULL, '2023-04-03 01:50:46', '2023-10-24 19:37:46', 'Activo'),
(33, 'VOLQUETA', 'VOLVO', '1340-CXE', 'AZUL', 'Activo', NULL, '2023-04-03 01:51:54', '2023-04-03 01:51:54', 'Activo'),
(34, 'VOLQUETA', 'VOLVO', '957-KKF', 'ROJO', 'Activo', NULL, '2023-04-03 01:56:37', '2023-04-03 01:56:37', 'Activo'),
(35, 'VOLQUETA', 'VOLVO', '1340-CXE', 'BLANCO', 'Activo', NULL, '2023-04-03 01:57:51', '2023-04-03 01:57:51', 'Activo'),
(36, 'VOLQUETA', 'VOLVO', '2851-XCG', 'AZUL', 'Activo', NULL, '2023-04-03 01:59:21', '2023-04-03 01:59:21', 'Activo'),
(37, 'VOLQUETA', 'VOLVO', '670-ELB', 'BLANCO', 'Activo', NULL, '2023-04-03 02:01:11', '2023-04-03 02:01:11', 'Activo'),
(38, 'VOLQUETA', 'VOLVO', '1392-xyf', 'verde', 'Activo', NULL, '2023-04-03 02:02:13', '2023-04-03 02:02:13', 'Activo'),
(39, 'VOLQUETA', 'VOLVO', '2561-ZTK', 'BLANCO', 'Activo', NULL, '2023-04-03 02:03:12', '2023-09-01 09:36:35', 'Activo'),
(40, 'VOLQUETA', 'VOLVO', '2264-BFN', 'AZUL', 'Activo', NULL, '2023-04-03 02:03:51', '2023-06-26 08:23:21', 'Activo'),
(41, 'VOLQUETA', 'VOLVO', '1771-RAL', 'AMARILLO', 'Activo', NULL, '2023-04-03 02:04:49', '2023-04-03 02:04:49', 'Activo'),
(42, 'VOLQUETA', 'VOLVO', '3621-EPL', 'BLANCO', 'Activo', NULL, '2023-04-03 02:05:58', '2023-04-03 02:05:58', 'Activo'),
(43, 'VOLQUETA', 'VOLVO', '5210-YSE', 'BLANCO', 'Activo', NULL, '2023-04-03 02:06:37', '2023-04-03 02:06:37', 'Activo'),
(44, 'VOLQUETA', 'VOLVO', '4830-YCD', 'ROJO', 'Activo', NULL, '2023-04-03 02:07:09', '2023-04-03 02:07:09', 'Activo'),
(45, 'VOLQUETA', 'VOLVO', '2346-SZI', 'AZUL', 'Activo', NULL, '2023-04-03 02:08:00', '2023-04-03 02:08:00', 'Activo'),
(46, 'VOLQUETA', 'VOLVO', '2830-BPS', 'AZUL', 'Activo', NULL, '2023-04-03 02:08:48', '2023-04-03 02:08:48', 'Activo'),
(47, 'VOLQUETA', 'VOLVO', '1688-SSR', 'CREMA-ROJO', 'Activo', NULL, '2023-04-03 02:09:24', '2023-09-01 14:14:46', 'Activo'),
(48, 'volqueta', 'volvo', '1917-IBC', 'azul', 'Activo', NULL, '2023-04-03 02:10:10', '2023-05-15 01:37:42', 'Activo'),
(49, 'volqueta', 'volvo', '1752-BPE', 'VERDE', 'Activo', NULL, '2023-04-03 02:11:01', '2023-04-03 02:11:01', 'Activo'),
(50, 'MINIBUS', 'HIGER', '4791-XAV', 'PLATA', 'Activo', NULL, '2023-04-03 02:11:46', '2023-04-03 02:11:46', 'Activo'),
(51, 'FLOTA', 'VOLVO', '1591-TNA', 'VERDE', 'Activo', NULL, '2023-04-03 02:12:21', '2023-04-03 02:12:21', 'Activo'),
(52, 'VOLQUETA', 'VOLVO', '2118-GTH', 'NEGRO', 'Activo', NULL, '2023-04-03 02:13:01', '2024-12-23 07:35:33', 'Activo'),
(53, 'VOLQUETA', 'VOLVO', '2830-CSC', 'ROJO', 'Activo', NULL, '2023-04-03 02:13:40', '2023-04-03 02:13:40', 'Activo'),
(54, 'VAGONETA', 'RAV 4', '3135-FTG', 'GRIS', 'Activo', NULL, '2023-04-03 02:14:29', '2023-04-03 02:14:29', 'Activo'),
(55, 'VOLQUETILLA', 'INO', '5564-DKY', 'AZUL', 'Activo', NULL, '2023-04-03 02:15:11', '2023-04-03 02:15:11', 'Activo'),
(56, 'VOLQUETA', 'VOLVO', '1932-YZN', 'VERDE', 'Activo', NULL, '2023-05-14 00:48:39', '2023-05-14 00:48:39', 'Activo'),
(57, 'VOLQUETA', 'VOLVO', '2113-NDP', 'AZUL', 'Activo', NULL, '2023-05-14 01:23:44', '2023-05-14 01:23:44', 'Activo'),
(58, 'VOLQUETA', 'VOLVO', '2099-FNR', 'BLANCO', 'Activo', NULL, '2023-05-14 01:29:26', '2023-05-14 01:29:26', 'Activo'),
(59, 'VOLQUETA', 'VOLVO', '3608-ASF', 'PLOMO', 'Activo', NULL, '2023-05-14 01:30:47', '2023-05-14 01:30:47', 'Activo'),
(60, 'VOLQUETA', 'VOLVO', '1458-ABD', 'BLANCO', 'Activo', NULL, '2023-05-14 02:49:10', '2023-05-14 02:49:10', 'Activo'),
(61, 'VOLQUETA', 'VOLVO', '2676-DGR', 'BLANCO', 'Activo', NULL, '2023-05-14 03:01:31', '2023-05-14 03:01:31', 'Activo'),
(62, 'CAMIONETA', 'NISAN ATLAS', '4731-KCX', 'BLANCO', 'Activo', NULL, '2023-05-14 03:05:41', '2023-05-14 03:05:41', 'Activo'),
(63, 'MINI', 'HIGER', '1791-XAU', 'PLOMO', 'Activo', NULL, '2023-05-14 03:12:52', '2023-05-14 03:12:52', 'Activo'),
(64, 'VAGONETA', 'CARRI', '5705-DHK', 'PLOMO', 'Activo', NULL, '2023-05-14 03:24:33', '2023-05-14 03:24:33', 'Activo'),
(65, 'VOLQUETA', 'VOLVO', '2796-KLS', 'ROJO', 'Activo', NULL, '2023-05-14 03:31:15', '2023-05-14 03:31:15', 'Activo'),
(66, 'VOLQUETA', 'VOLVO', '5288-SFU', 'ROJO', 'Activo', NULL, '2023-05-14 04:11:09', '2023-05-14 04:11:09', 'Activo'),
(67, 'VOLQUETA', 'VOLVO', '2323-TXC', 'AZUL', 'Activo', NULL, '2023-05-14 04:19:28', '2023-05-14 04:19:28', 'Activo'),
(68, 'VOLQUETA', 'VOLVO', '4834-ZAH', 'BLANCO', 'Activo', NULL, '2023-05-14 04:28:57', '2023-05-14 04:28:57', 'Activo'),
(69, 'VOLQUETA', 'VOLVO', '2377-GBY', 'BLANCO', 'Activo', NULL, '2023-05-14 04:37:18', '2023-05-15 01:03:15', 'Activo'),
(70, 'VOLQUETA', 'VOLVO', '1125-EBH', 'AMARILLO', 'Activo', NULL, '2023-05-14 23:35:17', '2023-05-14 23:35:17', 'Activo'),
(71, 'MINIBUS', 'FOTON', '4563-RYF', 'BLANCO', 'Activo', NULL, '2023-05-14 23:54:47', '2023-05-14 23:54:47', 'Activo'),
(72, 'VOLQUETA', 'VOLVO', '2854-NXK', 'BLANCO', 'Activo', NULL, '2023-05-15 00:03:01', '2023-05-15 00:03:01', 'Activo'),
(73, 'VOLQUETA', 'VOLVO', '3120-NRX', 'AMARILLO', 'Activo', NULL, '2023-05-15 00:20:25', '2023-05-15 00:20:25', 'Activo'),
(74, 'VOLQUETA', 'VOLVO', '3586-HAG', 'BLANCO', 'Activo', NULL, '2023-05-15 00:25:35', '2023-05-15 00:25:35', 'Activo'),
(75, 'VOLQUETA', 'VOLVO', '910-HRG', 'CELESTE', 'Activo', NULL, '2023-05-15 00:34:41', '2023-05-15 00:34:41', 'Activo'),
(76, 'VOLQUETA', 'VOLVO', '2276-UNL', 'BLANCO', 'Activo', NULL, '2023-05-15 00:59:07', '2023-05-15 00:59:07', 'Activo'),
(77, 'VOLQUETA', 'VOLVO', '1468-FZS', 'BLANCO', 'Activo', NULL, '2023-05-15 01:13:06', '2023-05-15 01:13:06', 'Activo'),
(78, 'MINI BUS', 'GOLDEN DRAGON', '4839-LLG', 'PLOMO', 'Activo', NULL, '2023-05-15 01:18:23', '2023-05-15 01:18:23', 'Activo'),
(79, 'VOLQUETA', 'VOLVO', '1532-YZN', 'BLANCO', 'Activo', NULL, '2023-05-15 01:28:37', '2023-05-15 01:28:37', 'Activo'),
(80, 'VOLQUETA', 'VOLVO', '2210-YPU', 'AMARILLO', 'Activo', NULL, '2023-05-15 01:33:57', '2023-05-15 01:33:57', 'Activo'),
(81, 'VOLQUETA', 'VOLVO', '2487-XYU', 'BLANCO', 'Activo', NULL, '2023-05-15 01:58:35', '2023-05-15 01:58:35', 'Activo'),
(82, 'NISAN', 'FRONLIER', '4500-KCT', 'AZUL', 'Activo', NULL, '2023-05-15 02:19:52', '2023-05-15 14:37:13', 'Activo'),
(83, 'MINI BUS', 'FOTON', '4553-KXC', 'BLANCO', 'Activo', NULL, '2023-05-15 02:24:04', '2023-05-15 02:24:04', 'Activo'),
(84, 'VOLQUETA', 'VOLVO', '2799-KNA', 'AZUL', 'Activo', NULL, '2023-05-15 02:27:48', '2023-08-11 10:14:05', 'Activo'),
(85, 'VOLQUETA', 'VOLVO', '2288- SFU', 'ROJO', 'Activo', NULL, '2023-05-15 09:30:37', '2023-05-15 09:30:37', 'Activo'),
(86, 'VOLQUETA', 'VOLVO', '1600- NHR', 'BLANCO', 'Activo', NULL, '2023-05-15 09:53:56', '2023-05-15 09:53:56', 'Activo'),
(87, 'VOLQUETA', 'VOLVO', '1462 - FZS', 'BLANCO', 'Activo', NULL, '2023-05-15 10:18:38', '2023-05-15 10:18:38', 'Activo'),
(88, 'VOLQUETA', 'VOLVO', '2188 - SZS', 'AZUL', 'Activo', NULL, '2023-05-15 10:35:37', '2023-08-29 12:16:10', 'Activo'),
(89, 'VAGONETA', 'KEITON', '5211 - EHS', 'PLOMO', 'Activo', NULL, '2023-05-15 11:01:17', '2023-05-15 11:01:17', 'Activo'),
(90, 'VAGONETA', 'TOYOTA', '1506 - EGE', 'ROJO', 'Activo', NULL, '2023-05-15 11:04:12', '2023-05-15 11:04:12', 'Activo'),
(91, 'VOLQUETA', 'VOLVO', '1455 - ABD', 'BLANCO', 'Activo', NULL, '2023-05-15 11:08:25', '2023-05-15 11:08:25', 'Activo'),
(92, 'VOLQUETA', 'VOLVO', '3441 - HCS', 'BLANCO', 'Activo', NULL, '2023-05-15 11:25:33', '2023-05-15 11:25:33', 'Activo'),
(93, 'VOLQUETA', 'VOLVO', '2210 - BPC', 'AMARILLO', 'Activo', NULL, '2023-05-15 11:39:32', '2023-05-15 15:33:07', 'Activo'),
(94, 'VOLQUETA', 'VOLVO', '839 - ZUL', 'VERDE', 'Activo', NULL, '2023-05-15 12:09:31', '2023-05-15 12:09:31', 'Activo'),
(95, 'CAMIONETA', 'MITSUBISHI', '965 - XDK', 'BLANCO', 'Activo', NULL, '2023-05-15 12:36:01', '2023-05-15 12:36:01', 'Activo'),
(96, 'VOLQUETA', 'VOLVO', '1393 - AGU', 'CELESTE', 'Activo', NULL, '2023-05-15 13:56:43', '2023-05-15 13:56:43', 'Activo'),
(97, 'VOLQUETA', 'VOLVO', '3608 - ASL', 'PLOMO', 'Activo', NULL, '2023-05-15 14:09:06', '2023-05-15 14:09:06', 'Activo'),
(98, 'MINI', 'FOTON', '5342 - ITD', 'BLANCO', 'Activo', NULL, '2023-05-15 14:15:19', '2023-09-11 21:21:18', 'Activo'),
(99, 'VOLQUETA', 'VOLVO', '415 - GTH', 'NEGRO', 'Activo', NULL, '2023-05-15 14:28:32', '2023-05-15 14:28:32', 'Activo'),
(100, 'VAGONETA', 'COROLLA', '1841 - DNI', 'BLANCO', 'Activo', NULL, '2023-05-15 15:06:29', '2023-05-15 15:06:29', 'Activo'),
(101, 'VOLQUETA', 'VOLVO', '1417 - FYU', 'BLANCO', 'Activo', NULL, '2023-05-15 15:14:59', '2023-10-11 14:28:08', 'Activo'),
(102, 'VOLQUETA', 'VOLVO', '5019 - PEG', 'BLANCO', 'Activo', NULL, '2023-05-15 15:20:08', '2023-05-15 15:20:08', 'Activo'),
(103, 'VOLQUETA', 'VOLVO', '4439 - UXC', 'AZUL', 'Activo', NULL, '2023-05-15 15:27:53', '2023-05-15 15:27:53', 'Activo'),
(104, 'VOLQUETA', 'VOLVO', '4099 - NTP', 'ROJO', 'Activo', NULL, '2023-05-15 16:29:26', '2023-05-15 16:29:26', 'Activo'),
(105, 'VOLQUETA', 'VOLVO', '1417 - TBC', 'AZUL', 'Activo', NULL, '2023-05-15 17:12:41', '2023-05-15 17:12:41', 'Activo'),
(106, 'VOLQUETA', 'VOLVO', '1834-ZAH', 'BLANCO', 'Activo', NULL, '2023-05-15 23:47:41', '2023-05-15 23:47:41', 'Activo'),
(107, 'VOLQUETA', 'VOLVO', '4830-YCD', 'ROJO', 'Activo', NULL, '2023-05-16 00:03:34', '2023-05-16 00:03:34', 'Activo'),
(108, 'VOLQUETA', 'VOLVO', '1342-DZG', 'BLANCO', 'Activo', NULL, '2023-05-16 00:19:37', '2023-05-16 00:19:37', 'Activo'),
(109, 'VOLQUETA', 'VOLVO', '1460-FZR', 'BLANCO', 'Activo', NULL, '2023-05-16 01:43:49', '2023-05-16 01:43:49', 'Activo'),
(110, 'VOLQUETA', 'VOLVO', '2876-KRI', 'BRONCE AZUL', 'Activo', NULL, '2023-05-16 01:47:27', '2023-05-16 01:47:27', 'Activo'),
(111, 'VOLQUETA', 'VOLVO', '3596 - HHG', 'BLANCO', 'Activo', NULL, '2023-05-19 09:42:37', '2023-05-19 09:42:37', 'Activo'),
(112, 'VOLQUETA', 'VOLVO', '837 - HUD', 'BLANCO', 'Activo', NULL, '2023-05-19 10:59:49', '2023-05-19 10:59:49', 'Activo'),
(113, 'VOLQUETA', 'VOLVO', '2814 - SCH', 'ROJO', 'Activo', NULL, '2023-05-19 11:16:32', '2023-05-19 11:16:32', 'Activo'),
(114, 'VOLQUETA', 'VOLVO', '2158 - SZS', 'AZUL', 'Activo', NULL, '2023-05-19 13:47:07', '2023-05-19 13:47:07', 'Activo'),
(115, 'MINIBUS', 'HIGER', '5360 - CBB', 'BLANCO', 'Activo', NULL, '2023-05-19 14:25:20', '2023-05-19 14:25:20', 'Activo'),
(116, 'CAMIONETA', 'KAMA', '5622 - SNH', 'BLANCO', 'Activo', NULL, '2023-05-22 14:56:09', '2023-05-22 14:56:09', 'Activo'),
(117, 'VAGONETA', 'TOYOTA', '2358 - ZNP', 'PLATEADO', 'Activo', NULL, '2023-05-25 16:10:05', '2023-05-25 16:10:05', 'Activo'),
(118, 'VOLQUETA', 'VOLVO', '2876-KRI', 'BRONCE AZUL', 'Activo', NULL, '2023-05-26 10:58:20', '2023-05-26 10:58:20', 'Activo'),
(119, 'VOLQUETA', 'VOLVO', '2876 - IDT', 'AZUL', 'Activo', NULL, '2023-05-26 10:58:51', '2023-05-26 10:58:51', 'Activo'),
(120, 'VOLQUETA', 'VOLVO', '705 - PGL', 'ROJO', 'Activo', NULL, '2023-05-26 13:59:40', '2023-05-26 13:59:40', 'Activo'),
(121, 'VOLQUETA', 'HINO', '4141 - LYA', 'BLANCO', 'Activo', NULL, '2023-06-05 09:21:54', '2023-06-05 09:21:54', 'Activo'),
(122, 'VOLQUETA', 'VOLVO', '2210 - BPU', 'AMARILLO', 'Activo', NULL, '2023-06-05 11:06:25', '2023-06-05 11:06:25', 'Activo'),
(123, 'VOLQUETA', 'VOLVO', '5325 - ZKF', 'AZUL', 'Activo', NULL, '2023-06-06 10:34:12', '2023-06-06 10:34:12', 'Activo'),
(124, 'VOLQUETA', 'VOLVO', '3541-THY', 'BLANCO', 'Activo', NULL, '2023-06-15 11:30:53', '2023-06-15 11:30:53', 'Activo'),
(125, 'VAGONETA', 'TOYOTA', '2711-DBH', 'PLOMO', 'Activo', NULL, '2023-06-21 20:50:53', '2023-06-21 20:55:32', 'Activo'),
(126, 'VOLQUETA', 'VOLVO', '2020-GHY', 'BLANCO', 'Activo', NULL, '2023-06-22 00:01:25', '2025-04-01 09:41:37', 'Activo'),
(127, 'VOLQUETA', 'VOLVO', '2377', 'BLANCO', 'Activo', NULL, '2023-06-22 00:02:54', '2023-06-22 00:02:54', 'Activo'),
(128, 'VOLQUETA', 'VOLVO', '3852-ZPI', 'PLOMO', 'Activo', NULL, '2023-06-22 00:11:02', '2023-06-22 00:11:02', 'Activo'),
(129, 'VOLQUETA', 'VOLVO', '1468-FZS', 'BLANCO', 'Activo', NULL, '2023-06-22 01:26:14', '2023-06-22 01:26:14', 'Activo'),
(130, 'VOLQUETA', 'VOLVO', '3586-HAG', 'VERDE', 'Activo', NULL, '2023-06-22 02:38:58', '2023-06-22 02:38:58', 'Activo'),
(131, 'VOLQUETA', 'VOLVO', '3852-ZPI', 'PLOMO', 'Activo', NULL, '2023-06-22 02:52:09', '2023-06-22 02:52:09', 'Activo'),
(132, 'VOLQUETA', 'FAV', '3613-REA', 'AMARILLO', 'Activo', NULL, '2023-06-22 02:58:35', '2023-06-22 02:58:35', 'Activo'),
(133, 'VOLQUETA', 'VOLVO', '4330-YCD', 'ROJO', 'Activo', NULL, '2023-06-22 03:13:48', '2023-06-22 03:13:48', 'Activo'),
(134, 'MINIBUSS', 'GOLDEN', '5002-HIP', 'BLANCO', 'Activo', NULL, '2023-06-22 03:38:55', '2023-06-22 03:38:55', 'Activo'),
(135, 'TAXI', 'SUSUKI', '2368-XNA', 'BLANCO', 'Activo', NULL, '2023-06-22 04:06:49', '2023-06-22 04:09:32', 'Activo'),
(136, 'VOLQUETA', 'VOLVO', '2120-CTR', 'BLANCO', 'Activo', NULL, '2023-06-22 05:29:58', '2023-06-22 05:29:58', 'Activo'),
(137, 'MINI BUS', '......', '4236-SAX', 'PLOMO', 'Activo', NULL, '2023-06-22 20:56:23', '2023-06-22 20:58:54', 'Activo'),
(138, 'CAMIONETA', 'T.KIN', '5621-UHR', 'AZUL', 'Activo', NULL, '2023-06-22 23:27:01', '2023-06-22 23:27:01', 'Activo'),
(139, 'TAXI', '....', '2576-AXC', 'PLMO', 'Activo', NULL, '2023-06-24 00:20:26', '2023-06-24 00:20:26', 'Activo'),
(140, 'MINIBUS', 'TOYOTA', '3007-HAC', 'BLANCO', 'Activo', NULL, '2023-06-24 06:42:08', '2023-06-24 06:42:08', 'Activo'),
(141, 'VOLQUETA', 'VOLVO', '1398', 'VERDE', 'Activo', NULL, '2023-06-26 10:28:26', '2023-06-26 10:28:26', 'Activo'),
(142, 'VOLQUETA', 'VOLVO', '2383-SKP', 'AMARILLO', 'Activo', NULL, '2023-06-26 10:58:33', '2023-06-26 10:58:33', 'Activo'),
(143, 'VOLQUETA', 'VOLVO', '1724-CDI', 'BLANCO', 'Activo', NULL, '2023-06-26 11:09:56', '2023-06-26 11:09:56', 'Activo'),
(144, 'TAXI', 'NISSAN', '4542-LAD', 'BLANCO', 'Activo', NULL, '2023-06-28 14:04:19', '2023-06-28 14:04:19', 'Activo'),
(145, 'CAMIONETA', 'T-KNG', '5356-CYF', 'BLANCO', 'Activo', NULL, '2023-06-29 08:26:59', '2023-06-29 08:26:59', 'Activo'),
(146, 'VOLQUETA', 'VOLVO', '1814-SCH', 'ROJO', 'Activo', NULL, '2023-06-29 08:55:59', '2023-06-29 08:55:59', 'Activo'),
(147, 'MINI BUS', 'JINCHENG', '3167-YGP', 'BLANCO', 'Activo', NULL, '2023-07-01 13:05:55', '2023-07-01 13:05:55', 'Activo'),
(148, 'FELIPE QUISPE', '.....', '.....', '4044355', 'Activo', NULL, '2023-07-01 13:07:42', '2025-06-13 08:43:40', 'Ocupado'),
(149, 'NIMI BUS', 'FOTON', '4824 NSR', 'PLOMO', 'Activo', NULL, '2023-07-04 12:18:46', '2023-07-04 12:18:46', 'Activo'),
(150, 'MINI BUS', 'TOYOTA', '4031-HEA', 'BLANCO', 'Activo', NULL, '2023-07-10 19:53:31', '2023-07-10 19:53:31', 'Activo'),
(151, 'VOLQUETA', 'HINO', '5566-OKY', 'AZUL', 'Activo', NULL, '2023-07-13 16:39:37', '2023-07-13 16:39:55', 'Activo'),
(152, 'VOLQUETA', 'VOLVO', '1585-ETI', 'VERDE', 'Activo', NULL, '2023-07-13 17:17:43', '2023-07-13 17:17:43', 'Activo'),
(153, 'MINIBUS', 'HIGER', '5025-FFR', 'BLANCO', 'Activo', NULL, '2023-07-16 09:35:22', '2023-07-16 09:35:22', 'Activo'),
(154, 'MINI BUS', 'FOTON', '5648-XDR', 'BLANCO', 'Activo', NULL, '2023-07-16 10:51:03', '2023-07-16 10:51:03', 'Activo'),
(155, 'VAGONETA', 'SUBARU', '2604-CBI', 'PLOMO', 'Activo', NULL, '2023-07-18 08:04:56', '2023-07-18 08:04:56', 'Activo'),
(156, 'MINI BUS', 'HIGER', '4795-DRP', 'BLANCO', 'Activo', NULL, '2023-07-18 10:55:46', '2023-07-18 10:55:46', 'Activo'),
(157, 'VOLQUETA', 'VOLVO', '5577-NAB', 'GUINDO', 'Activo', NULL, '2023-07-18 11:10:59', '2023-07-18 11:10:59', 'Activo'),
(158, 'VOLQUETA', 'VOLVO', '6013-HDS', 'BLANCO', 'Activo', NULL, '2023-07-18 11:27:36', '2023-07-18 11:27:36', 'Activo'),
(159, 'CAMIONETA', 'KAMA', '5694-DGB', '7297746', 'Activo', NULL, '2023-07-19 08:17:51', '2023-07-19 08:17:51', 'Activo'),
(160, 'VOLQUETA', 'VOLVO', '1311-CIS', 'AZUL', 'Activo', NULL, '2023-07-20 09:07:05', '2023-07-20 09:07:05', 'Activo'),
(161, 'CAMIONETA', 'NISSAN', '4101-YZR', 'BLANCO', 'Activo', NULL, '2023-08-10 10:16:13', '2023-08-10 10:16:13', 'Activo'),
(162, 'MINI BUS', 'TOYOTA', '4516-GZA', 'BLANCO', 'Activo', NULL, '2023-08-12 10:41:24', '2025-03-26 12:10:30', 'Activo'),
(163, 'MINI BUS', 'KIN LONG', '6268-SET', 'BLANCO', 'Activo', NULL, '2023-08-15 06:33:21', '2023-08-15 06:33:21', 'Activo'),
(164, 'VOLQUETA', 'VOLVO', '2210-BPU', 'AMARILLO', 'Activo', NULL, '2023-08-23 13:19:48', '2023-08-23 13:19:48', 'Activo'),
(165, 'VOLQUETA', 'VOLVO', '573-XZC', 'ROJO', 'Activo', NULL, '2023-08-24 16:41:13', '2023-10-14 09:03:56', 'Activo'),
(166, 'MINI', 'HINO', '4480-XRN', 'PLOMO', 'Activo', NULL, '2023-08-28 07:25:01', '2023-08-28 07:25:01', 'Activo'),
(167, 'MINI BUS', 'JHIM', '5168-HLD', 'BLANCO', 'Activo', NULL, '2023-09-02 09:14:50', '2023-09-02 09:14:50', 'Activo'),
(168, 'VAGONETA', 'NISSAN', '5260  XRH', 'PLOMO', 'Activo', NULL, '2023-09-04 09:51:34', '2023-09-04 09:51:34', 'Activo'),
(169, 'VAGONETA', 'CHEVROLET', '3764-NNX', 'NEGRO', 'Activo', NULL, '2023-09-14 17:17:29', '2023-09-14 17:17:29', 'Activo'),
(170, 'MINI BUS', 'FOTON', '6245-CZK', 'PLOMO', 'Activo', NULL, '2023-09-14 17:18:09', '2023-09-14 17:18:09', 'Activo'),
(171, 'VAGONETA', 'FOTON', '4760-RDG', 'BLANCO', 'Activo', NULL, '2023-09-18 11:06:24', '2023-09-18 11:06:24', 'Activo'),
(172, 'MINI BUS', 'CHINO', '4764-XYH', 'BLANCO', 'Activo', NULL, '2023-09-19 07:51:02', '2023-09-19 07:51:02', 'Activo'),
(173, 'MINI BUS', 'KING LONG', '5742-THX', 'BLANCO', 'Activo', NULL, '2023-09-26 16:30:40', '2023-09-26 16:30:40', 'Activo'),
(174, 'CAMIONETA', 'TEKING', '5621-UHK', 'AZUL', 'Activo', NULL, '2023-10-02 07:11:34', '2023-10-02 07:11:34', 'Activo'),
(175, 'MINI BUS', 'HIGER', '5704-HAE', 'BLANCO', 'Activo', NULL, '2023-10-20 15:10:18', '2023-10-20 15:10:18', 'Activo'),
(176, 'VOLQUETA', 'VOLVO', '2837-CTU', 'BLANCO', 'Activo', NULL, '2023-10-20 20:51:55', '2023-10-20 20:55:51', 'Activo'),
(177, 'MINI BUS', 'MITSUBISHI', '1226-IDI', 'AZUL', 'Activo', NULL, '2023-10-30 11:10:09', '2023-10-30 11:10:09', 'Activo'),
(178, 'MINI BUS', 'HIGER', '7491-XAV', 'PLOMO', 'Activo', NULL, '2023-10-31 17:47:20', '2023-10-31 17:47:20', 'Activo'),
(179, 'MINI BUS', 'GOLDEN', '3877.UHF', 'BLANCO', 'Activo', NULL, '2023-11-16 13:26:08', '2023-11-16 13:26:08', 'Activo'),
(180, 'MINI BUS', 'FOTON', '5003.BGH', 'BLANCO', 'Activo', NULL, '2023-11-20 06:22:41', '2023-11-20 06:22:41', 'Activo'),
(181, 'TOYOTA', 'MINIBUS', '4105CYI', 'BLANCO', 'Activo', NULL, '2023-12-22 15:09:28', '2023-12-22 15:09:28', 'Activo'),
(182, 'VOLQUETA', 'VOLVO', '4424   GYI', 'GUINDO', 'Activo', NULL, '2024-01-28 18:44:56', '2024-01-28 18:44:56', 'Activo'),
(183, 'VAGONETA', 'NISSAN', '2505  NCP', 'GRIS', 'Activo', NULL, '2024-02-02 13:00:51', '2024-02-02 13:00:51', 'Activo'),
(184, 'VOLQUETA', 'VOLVO', '3130  PDU', 'ROJO', 'Activo', NULL, '2024-02-02 13:28:55', '2024-02-02 13:28:55', 'Activo'),
(185, 'VAGONETA', 'DUSTER', '4262-HTU', 'BRONCE', 'Activo', NULL, '2024-02-05 15:01:52', '2024-02-05 15:01:52', 'Activo'),
(186, 'VOLQUETA', 'VOLVO', '1398-STU', 'AZUL', 'Activo', NULL, '2024-02-05 15:07:49', '2024-02-05 15:07:49', 'Activo'),
(187, 'MINI   BUS', 'HING  LONG', '6007  HRGB', 'BLANCO', 'Activo', NULL, '2024-02-06 07:12:58', '2024-02-06 07:12:58', 'Activo'),
(188, 'VAGONETA', 'TOYOTA', '4825 HSU', 'VINO', 'Activo', NULL, '2024-02-06 08:36:00', '2024-02-06 08:36:00', 'Activo'),
(189, 'MINI', 'HIGUER', '4791  XAU', 'PLOMO', 'Activo', NULL, '2024-02-06 08:45:22', '2024-02-06 08:45:22', 'Activo'),
(190, 'VOLQUETA', 'VOLVO', '2260 XDP', 'BLANCO', 'Activo', NULL, '2024-02-06 11:53:41', '2024-02-06 11:53:41', 'Activo'),
(191, 'MINI', 'JOTON', '5601 UDX', 'PLOMO', 'Activo', NULL, '2024-02-07 09:35:54', '2024-02-07 09:35:54', 'Activo'),
(192, 'MINI', 'KINGLONG', '6007 HRG', 'BLANCO', 'Activo', NULL, '2024-02-07 10:36:09', '2024-02-07 10:36:09', 'Activo'),
(193, 'VAGONETA', 'NISSAN NOTE', '4546-LAD', 'BLANCO', 'Activo', NULL, '2024-02-07 19:21:39', '2024-02-07 19:21:39', 'Activo'),
(194, 'VOLQUETA', 'VOLVO', '2442-HIA', 'BLANCO', 'Activo', NULL, '2024-02-14 12:36:05', '2024-02-14 12:36:05', 'Activo'),
(195, 'MINIBUS', 'CHAN GAN', '5250-FIK', 'BLANCO', 'Activo', NULL, '2024-02-15 13:33:24', '2024-02-15 13:33:24', 'Activo'),
(196, 'MINI BUS', 'QUINLONG', '4438 KNI', 'PLOMO', 'Activo', NULL, '2024-03-01 09:15:20', '2024-03-01 09:15:20', 'Activo'),
(197, 'VOLQUETA', 'VOLVO', '1120-KPN', 'ROJO', 'Activo', NULL, '2024-03-06 10:41:08', '2024-03-06 10:41:08', 'Activo'),
(198, 'VAGONETA', 'GAC GONOW', '3779-RRP', 'DORADO', 'Activo', NULL, '2024-03-07 10:11:26', '2024-03-07 10:11:26', 'Activo'),
(199, 'MINI', 'NISSAN', '2933-LBS', 'PLOMO', 'Activo', NULL, '2024-03-11 06:45:34', '2024-06-10 11:09:46', 'Activo'),
(200, 'TAXI', 'FORD', '7292 ZNC', 'NEGRO', 'Activo', NULL, '2024-03-11 18:58:31', '2024-03-11 18:58:31', 'Activo'),
(201, 'VAGONETA', 'MITSUBISHI', '1895 KDC', 'AZUL', 'Activo', NULL, '2024-03-11 19:47:22', '2024-03-11 19:47:22', 'Activo'),
(202, 'Ca.ionet', 'Volvo', '2199-RTX', 'Blanco', 'Activo', NULL, '2024-04-15 10:39:34', '2024-04-15 10:39:34', 'Activo'),
(203, 'Volqueta', 'Nissan', '2305-ZSX', 'Blanco', 'Activo', NULL, '2024-04-15 10:40:28', '2024-04-15 10:40:28', 'Activo'),
(204, 'Volqueta', 'Volvo', '7125-EBK', 'Amarillo', 'Activo', NULL, '2024-04-15 10:55:25', '2024-04-15 10:55:25', 'Activo'),
(205, 'VOLQUETA', 'VOLVO', '2558-AGB', 'PLOMO', 'Activo', NULL, '2024-04-15 12:13:27', '2024-04-15 12:13:27', 'Activo'),
(206, 'VOLQUETA', 'VOLVO', '2027-ZKE', 'BLANCO', 'Activo', NULL, '2024-04-16 01:51:15', '2024-04-16 01:51:15', 'Activo'),
(207, 'VOLQUETA', 'VOLVO', '3805 ETU', 'BLAMCO', 'Activo', NULL, '2024-05-17 14:01:20', '2024-05-17 14:01:20', 'Activo'),
(208, 'VAGONETA', 'TOYOTA', '2039 XSY', 'CAFE', 'Activo', NULL, '2024-05-18 08:21:51', '2024-05-18 08:21:51', 'Activo'),
(209, 'VOLQUETA', 'VOLVO', '4424 SYI', 'ROJO', 'Activo', NULL, '2024-05-18 09:37:20', '2024-05-18 09:37:20', 'Activo'),
(210, 'VOLQUETA', 'VOLVO', '2026 FXE', 'BLAMCO', 'Activo', NULL, '2024-05-18 10:00:44', '2024-05-18 10:00:44', 'Activo'),
(211, 'VOLQUETA', 'VOLVO', '2060 XDP', 'BLAMCO', 'Activo', NULL, '2024-05-18 10:22:32', '2024-05-18 10:22:32', 'Activo'),
(212, 'VOLQUETA', 'VOLVO', '705 PGL', 'ROJO', 'Activo', NULL, '2024-05-18 14:50:13', '2024-05-18 14:50:13', 'Activo'),
(213, 'VOLQUETA', 'VOLVO', '1311-CIS', 'AZUL', 'Activo', NULL, '2024-05-24 16:40:11', '2024-05-24 16:40:11', 'Activo'),
(214, 'CAMIONETA', 'NISSAN', '4483 XBT', 'AZUL', 'Activo', NULL, '2024-06-05 07:18:45', '2024-06-05 07:18:45', 'Activo'),
(215, 'VOLQUETA', 'VOLVO', '1248 BFB', 'VERDE', 'Activo', NULL, '2024-06-07 08:19:18', '2024-06-07 08:19:18', 'Activo'),
(216, 'MINI BUS', 'KING LONG', '5177-AYD', 'PLOMO', 'Activo', NULL, '2024-06-10 10:44:03', '2024-06-10 10:44:03', 'Activo'),
(217, 'MINI  BUS', 'BAIC', '4744-TAK', 'PLOMO', 'Activo', NULL, '2024-06-10 12:22:07', '2024-06-10 12:22:07', 'Activo'),
(218, 'MINI BUS', 'TOYOTA', '4221-HEU', 'BLANCO', 'Activo', NULL, '2024-06-11 08:58:17', '2024-06-11 08:58:17', 'Activo'),
(219, 'VOLQUETA', 'VOLVO', '2851-XCG', 'AZUL', 'Activo', NULL, '2024-06-14 12:41:36', '2024-06-14 12:41:36', 'Activo'),
(220, 'MINI BUS', 'FOTON', '5778-AZP', 'BLANCO', 'Activo', NULL, '2024-06-15 08:33:26', '2024-06-15 08:33:26', 'Activo'),
(221, 'MINI', 'TOYOTA', '6341 YCG', 'BLANCO', 'Activo', NULL, '2024-06-25 14:17:17', '2024-06-25 14:17:17', 'Activo'),
(222, 'MINI', 'FOTON', '4526 BCL', 'BLANCO', 'Activo', NULL, '2024-06-27 10:08:33', '2024-06-27 10:08:33', 'Activo'),
(223, 'VAGONETA', 'PROBOX', '4474-UGI', 'PLOMO', 'Activo', NULL, '2024-06-27 15:05:05', '2024-06-27 15:05:05', 'Activo'),
(224, 'CAMIONETA', 'NISSAN', '484-NNE', 'ROJO', 'Activo', NULL, '2024-06-29 06:07:11', '2024-06-29 06:07:11', 'Activo'),
(225, 'VOLQUETA', 'VOLVO', '2188-SZS', 'AZUL', 'Activo', NULL, '2024-07-01 11:50:11', '2024-07-01 11:50:11', 'Activo'),
(226, 'VOLQUETA', 'NISSAN', '1555-EYI', 'VERDE', 'Activo', NULL, '2024-07-08 14:44:31', '2024-07-08 14:44:31', 'Activo'),
(227, 'MINIBUS', 'MEIYA', '3631-CNS', 'BLANCO', 'Activo', NULL, '2024-07-09 12:03:29', '2024-07-09 12:03:29', 'Activo'),
(228, 'MINIBUS', 'CHANGAN', '5250-FKP', 'BLANCO', 'Activo', NULL, '2024-07-10 13:42:40', '2024-07-10 13:42:40', 'Activo'),
(229, 'VAGONETA', 'GAG GONOW', '3773 ZBU', 'PLOMO', 'Activo', NULL, '2024-07-11 20:08:38', '2024-07-11 20:08:38', 'Activo'),
(230, 'MINIBUS', 'FOTON', '4253-LLC', 'BLANCO', 'Activo', NULL, '2024-07-13 11:12:27', '2024-07-13 11:12:27', 'Activo'),
(231, 'MINI', 'KILONG', '6364 HFF', 'BLANCO', 'Activo', NULL, '2024-07-16 10:21:16', '2024-07-16 10:21:16', 'Activo'),
(232, 'CAMIONETA', 'NISAN FRONTIER', '2980-GFI', 'NEGRO', 'Activo', NULL, '2024-07-16 11:34:34', '2024-07-16 11:34:34', 'Activo'),
(233, 'CAMIONETA', 'NISSAN FRONTIER', '2980 GFI', 'NEGRO', 'Activo', NULL, '2024-07-16 12:19:21', '2024-07-16 12:19:21', 'Activo'),
(234, 'VAGONETA', 'NISAN AD', '3108-IKC', 'PLOMO', 'Activo', NULL, '2024-07-17 13:33:37', '2024-07-17 13:33:37', 'Activo'),
(235, 'MINIBUS', 'TOYOTA', '4474-PEX', 'AZUL', 'Activo', NULL, '2024-07-20 07:07:06', '2024-07-20 07:07:06', 'Activo'),
(236, 'MINIBUS', 'HIGER', '4727-LKT', 'PLATEADO', 'Activo', NULL, '2024-07-24 20:04:44', '2024-07-24 20:04:44', 'Activo'),
(237, 'VOLQUETA', 'VOLVO', '5305-CZR', 'BLANCO', 'Activo', NULL, '2024-07-25 09:51:04', '2024-07-25 09:51:04', 'Activo'),
(238, 'Foto', 'Foto rojo', '4419-FFR', 'Rojo', 'Activo', NULL, '2024-07-26 07:11:16', '2024-07-26 07:11:16', 'Activo'),
(239, 'Vagoneta', 'Mitsubishi', '1897-KDC', 'Azul', 'Activo', NULL, '2024-07-29 19:17:58', '2024-07-29 19:20:00', 'Activo'),
(240, 'VAGONETA', 'COROLLA', '2165-KKU', 'BLANCO', 'Activo', NULL, '2024-08-01 07:46:21', '2024-08-01 07:46:21', 'Activo'),
(241, 'MINIBUS', 'JIMBEI', '3153-RUA', 'BLANCO', 'Activo', NULL, '2024-08-02 12:17:33', '2024-08-02 12:17:33', 'Activo'),
(242, 'MIMIBUS', 'FOTON', '5648-XUK', 'BLANCO', 'Activo', NULL, '2024-08-02 12:20:25', '2024-08-02 12:20:25', 'Activo'),
(243, 'SURUBI', 'CHANGAN', '5994-NHC', 'PLATEADO', 'Activo', NULL, '2024-08-02 12:36:53', '2024-08-02 12:36:53', 'Activo'),
(244, 'MINIBUS', 'TOYOTA', '6341-UUI', 'BLANCO', 'Activo', NULL, '2024-08-03 07:46:25', '2024-08-03 07:46:25', 'Activo'),
(245, 'Volqueta', 'Volvo', '552-RCX', 'BEIG AMARILLO-ROJO', 'Activo', NULL, '2024-08-12 08:27:17', '2024-08-12 08:30:47', 'Activo'),
(246, 'VOLQUETA', 'VOLVO', '1197-EPD', 'ROJO', 'Activo', NULL, '2024-08-12 09:37:15', '2024-08-12 09:37:15', 'Activo'),
(247, 'CAMIONETA', 'TEKIN', '5641-PSG', 'BLANCO', 'Activo', NULL, '2024-08-12 11:54:49', '2025-04-10 11:49:47', 'Activo'),
(248, 'MINIBUS', 'FOTON', '5701-BLH', 'BLANCO', 'Activo', NULL, '2024-08-12 20:15:41', '2024-08-12 20:15:41', 'Activo'),
(249, 'CAMIONETA', 'KAMA', '5298-LUU', 'BLANCO', 'Activo', NULL, '2024-08-14 12:27:45', '2024-08-14 12:27:45', 'Activo'),
(250, 'MINI BUS', 'TOYOTA', '3765-GIL', 'BLANCO', 'Activo', NULL, '2024-08-16 10:23:17', '2024-08-16 10:23:17', 'Activo'),
(251, 'MINI BUS', 'FOTON', '5585-XEE', 'PLOMO', 'Activo', NULL, '2024-08-19 12:47:07', '2025-04-12 11:59:50', 'Activo'),
(252, 'MINIBUS', 'FOTON', '6322-XCR', 'BLANCO', 'Activo', NULL, '2024-08-21 11:53:36', '2024-08-21 11:53:36', 'Activo'),
(253, 'MINIBUS', 'FOTON', '6344-STF', 'PLOMO', 'Activo', NULL, '2024-08-21 13:13:36', '2024-08-21 13:13:36', 'Activo'),
(254, 'VOLQUETA', 'VOLVO', '2930-BYD', 'BLAANCO', 'Activo', NULL, '2024-08-22 04:14:16', '2024-08-22 04:14:16', 'Activo'),
(255, 'VOLQUETA', 'VOLVO', '1818-RRK', 'BLANCO', 'Activo', NULL, '2024-08-23 11:08:01', '2024-08-23 11:10:24', 'Activo'),
(256, 'VOLQUETA', 'VOLVO', '1812-RRF', 'BLANCO', 'Activo', NULL, '2024-08-23 11:16:51', '2024-08-23 11:17:37', 'Activo'),
(257, 'CAMIONETA', 'TITAN DASH', '2472-DFS', 'AZUL OSCURO MAZDA', 'Activo', NULL, '2024-08-27 12:34:00', '2024-08-27 12:34:00', 'Activo'),
(258, 'CAMIONETA', 'MAZDA', '2472 DFS', 'AZUL', 'Activo', NULL, '2024-08-27 12:34:42', '2024-08-27 12:34:42', 'Activo'),
(259, 'Volqueta', 'Volvo', '564-NTB', 'AZUL CON BLANCO', 'Activo', NULL, '2024-09-02 07:15:04', '2024-09-02 13:52:32', 'Activo'),
(260, 'Minibus', 'Toyota', '4127-KSN', 'Perla', 'Activo', NULL, '2024-09-02 12:05:45', '2024-09-02 13:58:20', 'Activo'),
(261, 'MINI', 'JINCHEN', '5240 SXX', 'PLOMO', 'Activo', NULL, '2024-09-06 06:33:40', '2024-09-06 06:33:40', 'Activo'),
(262, 'CAMIONETA', 'NISSAN', '5019-NRR', 'PLOMO', 'Activo', NULL, '2024-09-10 10:36:43', '2024-09-10 10:36:43', 'Activo'),
(263, 'MINI', 'KYC', '6353GST', 'BLANCO', 'Activo', NULL, '2024-09-16 08:52:31', '2024-09-16 08:52:31', 'Activo'),
(264, 'TAXI', 'NISSAN AD', '3759 ZTG', 'BLANCO', 'Activo', NULL, '2024-09-16 13:03:56', '2024-09-16 13:03:56', 'Activo'),
(265, 'MINIBUS', 'TOYOTA', '5776-UYN', 'PLOMO', 'Activo', NULL, '2024-09-25 18:12:22', '2024-09-25 18:12:22', 'Activo'),
(266, 'TRACTOR', 'VOLVO', '4027-N', 'AMARILLO', 'Activo', NULL, '2024-09-30 09:54:54', '2024-09-30 09:54:54', 'Activo'),
(267, 'MINIBUS', 'FOTON', '6354-PLU', 'BLANCO', 'Activo', NULL, '2024-10-03 09:24:53', '2024-10-03 09:24:53', 'Activo'),
(268, 'VOLQUETA', 'NISAN', '2516 XFF', 'AZUL', 'Activo', NULL, '2024-10-16 13:21:12', '2024-10-16 13:21:12', 'Activo'),
(269, 'VOLQUETA', 'VOLVO', '2150-FHA', 'AZUL', 'Activo', NULL, '2024-10-28 23:09:15', '2024-10-28 23:09:15', 'Activo'),
(270, 'RAB 4', 'TOYOTA', '1662-RXY', 'VERDE', 'Activo', NULL, '2024-11-06 21:09:05', '2024-11-06 21:09:05', 'Activo'),
(271, 'VOLQUETA', 'VOLVO', '550-SGU', 'AZUL', 'Activo', NULL, '2024-11-07 19:30:38', '2024-11-07 19:30:38', 'Activo'),
(272, 'MINI', 'TOYOTA', '4239-XXU', 'BLANCO', 'Activo', NULL, '2024-11-14 09:43:59', '2024-11-14 09:43:59', 'Activo'),
(273, 'MINI BUS', 'NISAN', '4563 KXC', 'BLANCO', 'Activo', NULL, '2024-11-19 19:04:14', '2024-11-19 19:04:14', 'Activo'),
(274, 'VOLQUETA', 'NISAN', '6294 NHB', 'BLANCO', 'Activo', NULL, '2024-11-21 12:28:22', '2024-11-21 12:28:22', 'Activo'),
(275, 'VAGONETA', 'NISAN', '1739 IHI', 'AZUL', 'Activo', NULL, '2024-12-01 21:03:39', '2024-12-01 21:03:39', 'Activo'),
(276, 'MINIBUS', 'NISAN', '5595-ZNX', 'PLOMO', 'Activo', NULL, '2024-12-11 15:45:16', '2024-12-11 15:45:16', 'Activo'),
(277, 'CAMIONETA', 'NISSAN FRONTER', '3118-ZIA', 'NEGRO PLATEADO', 'Activo', NULL, '2024-12-16 16:23:54', '2024-12-16 16:23:54', 'Activo'),
(278, 'MINI BUS', 'TOYOTA', '4103-CYI', 'PLATEADO', 'Activo', NULL, '2024-12-19 17:20:47', '2024-12-19 17:20:47', 'Activo'),
(279, 'MINI BUS', 'FOTON', '4403-SIY', 'PLATEADO', 'Activo', NULL, '2024-12-21 13:04:43', '2024-12-21 13:04:43', 'Activo'),
(280, 'MINI', 'CHANGAN', '5591-PIN', 'CELESTE', 'Activo', NULL, '2024-12-21 14:15:13', '2024-12-21 14:15:13', 'Activo'),
(281, 'VOLQUETA', 'VOLVO', '2003-ZKP', 'BLANCO', 'Activo', NULL, '2025-01-22 23:44:44', '2025-01-22 23:44:44', 'Activo'),
(282, 'VOLQUETA', 'VOLVO', '2303-FIE', 'BLANCO', 'Activo', NULL, '2025-01-22 23:47:02', '2025-01-22 23:52:01', 'Activo'),
(283, 'VOLQUETA', 'VOLVO', '1722-TKB', 'AMARILLO', 'Activo', NULL, '2025-01-23 03:38:24', '2025-01-23 03:38:24', 'Activo'),
(284, 'VOLQUETA', 'VOLVO', '1046-VIF', 'ROJO', 'Activo', NULL, '2025-02-09 18:57:37', '2025-02-09 18:57:37', 'Activo'),
(285, 'VOLQUETA', 'VOLVO', '5186-ELE', 'ROJO', 'Activo', NULL, '2025-02-15 15:19:55', '2025-02-15 15:19:55', 'Activo'),
(286, 'MINI-BUS', 'FOTON', '4708-CGG', 'PLOMO', 'Activo', NULL, '2025-02-25 13:37:15', '2025-02-25 13:37:15', 'Activo'),
(287, 'VOLQUETA', 'VOLVO', '1633-XZI', 'BLANCO', 'Activo', NULL, '2025-02-25 17:43:43', '2025-02-25 17:43:43', 'Activo'),
(288, 'VOLQUETA', 'VOLVO', '2104-LAF', 'BLANCO', 'Activo', NULL, '2025-02-25 17:49:19', '2025-02-25 17:49:19', 'Activo'),
(289, 'VOLQUETA', 'VOLVO', '1060-TNI', 'PLOMO', 'Activo', NULL, '2025-02-26 13:01:46', '2025-02-26 13:04:28', 'Activo'),
(290, 'MINI BUS', 'GINCHEN', '2913-UBC', 'PLATEADO', 'Activo', NULL, '2025-02-27 12:24:52', '2025-02-27 12:24:52', 'Activo'),
(291, 'VOLQUETA', 'VOLVO', '839-ZUL', 'VERDE CON PLOMO', 'Activo', NULL, '2025-03-10 15:57:39', '2025-03-10 15:57:39', 'Activo'),
(292, 'VOLQUETA', 'VOLVO', '1010-GHY', 'AZUL', 'Activo', NULL, '2025-03-14 20:23:13', '2025-03-14 20:23:13', 'Activo'),
(293, 'CAMIONETA 4X4', 'MITSHUBISHI', '1496-NSY', 'PLOMO', 'Activo', NULL, '2025-03-18 10:46:51', '2025-03-18 10:46:51', 'Activo'),
(294, 'CAMIONETA', 'GRAN TIGER', '5324YES', 'PLOMO', 'Activo', NULL, '2025-03-19 11:51:52', '2025-03-19 11:51:52', 'Activo'),
(295, 'VOLQUETA', 'VOLVO', '1334-PYX', 'BLANCO', 'Activo', NULL, '2025-04-01 09:37:16', '2025-04-01 09:37:16', 'Activo'),
(296, 'CAMIONETA', 'KAMA', '5608-ZPB', 'BLANCO', 'Activo', NULL, '2025-04-07 14:33:59', '2025-04-07 14:33:59', 'Activo'),
(297, 'VOLQUETA', 'VOLVO', '1720-ZGB', 'BLANCO -AMARILLO', 'Activo', NULL, '2025-04-09 14:22:59', '2025-04-09 14:22:59', 'Activo'),
(298, 'VOLQUETA', 'VOLVO', '1912-BYN', 'BLANCO', 'Activo', NULL, '2025-04-15 13:02:37', '2025-04-15 13:02:37', 'Activo'),
(299, 'VOLQUETA', 'VOLVO FM', '4453-UZD', 'NARANJA', 'Activo', NULL, '2025-04-30 18:42:37', '2025-04-30 18:42:37', 'Activo'),
(300, 'VOLQUETA', 'VOLVO', '1054-ZRY', 'BLANCO', 'Activo', NULL, '2025-04-30 23:44:53', '2025-04-30 23:44:53', 'Activo'),
(301, 'VOLQUETA', 'VOLVO', '505-SFD', 'AZUL', 'Activo', NULL, '2025-05-16 06:41:40', '2025-05-16 06:41:40', 'Activo'),
(302, 'VOLQUETA', 'INNO', '6472-DLS', 'BLANCO', 'Activo', NULL, '2025-05-23 11:27:30', '2025-05-23 11:27:30', 'Activo'),
(303, 'VOLQUETA', 'VOLVO', '5273-GRH', 'BEIGE', 'Activo', NULL, '2025-05-26 23:33:20', '2025-05-26 23:33:20', 'Activo');

-- --------------------------------------------------------

--
-- Estructura de tabla para la tabla `users`
--

CREATE TABLE `users` (
  `id` bigint(20) UNSIGNED NOT NULL,
  `name` varchar(255) NOT NULL,
  `email` varchar(255) NOT NULL,
  `email_verified_at` timestamp NULL DEFAULT NULL,
  `password` varchar(255) NOT NULL,
  `remember_token` varchar(100) DEFAULT NULL,
  `created_at` timestamp NULL DEFAULT NULL,
  `updated_at` timestamp NULL DEFAULT NULL,
  `username` varchar(255) NOT NULL,
  `deleted_at` timestamp NULL DEFAULT NULL,
  `role` varchar(255) DEFAULT NULL
) ENGINE=InnoDB DEFAULT CHARSET=utf8mb4 COLLATE=utf8mb4_unicode_ci;

--
-- Volcado de datos para la tabla `users`
--

INSERT INTO `users` (`id`, `name`, `email`, `email_verified_at`, `password`, `remember_token`, `created_at`, `updated_at`, `username`, `deleted_at`, `role`) VALUES
(1, 'admin', 'admin@torna.com', NULL, '$2a$12$Bg1XwA3IcmlnoH6kRozNXu67vypkx72hWUdi0VeJTyTid7I68Oaea', NULL, '2023-01-31 00:54:35', '2025-06-13 10:08:02', 'admin', NULL, 'Secretariaria'),
(3, 'sereno', 'sereno@gmail.com', NULL, '$2y$10$RqkR2j4JCFiQg0GZQnmdXO3xzuPqFGsO05rmTcXSslMVMYueEldKC', NULL, '2023-01-31 03:07:16', '2023-05-09 15:21:19', '', '2023-05-09 15:21:19', NULL),
(5, 'prueba', 'prueba@gmail.com', NULL, '$2y$10$F/di2gwMfmLRTrX6q/KENevQB5UU.zG3uuWvE3knY5kzMFDRtlMdG', NULL, '2023-05-08 11:37:33', '2023-05-08 11:38:05', '', '2023-05-09 15:21:19', NULL),
(6, 'DEMETRIO', 'DEMETRIO@test.com', NULL, '$2y$10$mQNRpJ3RVwQFtJmW0q87JevvERc3eI6gb7iGzYh8iJzzsCPifr2KG', NULL, '2023-05-09 15:23:39', '2023-05-09 15:52:34', '', '2023-05-09 15:21:19', NULL),
(7, 'JOSE', 'jose@test.com', NULL, '$2y$10$g./O3zIpt5HwYMm9OPgQmuYEXiH2NOyljyx3kGju/A1Ui2VpZtvfe', NULL, '2023-05-09 15:25:49', '2025-01-08 13:24:30', '', '2023-05-09 15:21:19', NULL),
(18, 'EDWIN', 'edwin@gmail.com', NULL, '$2y$10$OD3e9puUP6ZX71PNZQ.O0uDLM7z/U3OvHq4xqwM30.a1MiUAjOqNO', NULL, '2024-04-25 11:17:22', '2025-05-20 18:15:28', '', '2023-05-09 15:21:19', NULL),
(23, 'Demetrio Agostopa', 'demetrio@gmail.com', NULL, '$2y$10$CM.lVEhrAQUg7Zjz.3oBwu38MTFbfZ4nV/CPDZTH2pyNheGEsvAPu', NULL, '2024-05-08 21:25:12', '2024-05-08 21:25:12', '', '2023-05-09 15:21:19', NULL),
(24, 'Edgar Rudy Ramos Nuñez', 'edgar@gmail.com', NULL, '$2y$10$s1KvR7WrZrCiBAIvsHOnmOuVCLQyjwdrqdYotzjSlPCuSaS6/UGZe', NULL, '2024-05-08 21:26:52', '2024-05-08 21:26:52', '', '2023-05-09 15:21:19', NULL),
(25, 'prueba', 'admin@prueba.com', NULL, '$2y$10$I7wUl86GyAbwoQ5AZABryuVzKF0hYQRmsceqYteHlrbxivCHa2fGu', NULL, '2024-05-20 11:16:10', '2024-05-20 11:16:10', '', '2023-05-09 15:21:19', NULL),
(26, 'Carlos Darwin Nogales Valenzuela', 'darwin@gmail.com', NULL, '$2y$10$V4tTO9uu3Nhkq30I07ecqOi3SZdDfiRljMf9TrhBKn5BtKr0PzHKW', NULL, '2024-05-20 12:17:32', '2024-05-20 12:17:32', '', '2023-05-09 15:21:19', NULL),
(27, 'jose', 'jose@gmail.com', NULL, '$2y$10$OeJlnaM64s1wXJeOG1Z5iOduLibBcUWlMrReRmZY8AlHpg/tqwX3.', NULL, '2025-06-06 10:11:06', '2025-06-06 10:11:06', 'jose', NULL, 'Secretariaria');

--
-- Índices para tablas volcadas
--

--
-- Indices de la tabla `contratistas`
--
ALTER TABLE `contratistas`
  ADD PRIMARY KEY (`id`),
  ADD KEY `contratistas_user_id_foreign` (`user_id`);

--
-- Indices de la tabla `drivers`
--
ALTER TABLE `drivers`
  ADD PRIMARY KEY (`id`);

--
-- Indices de la tabla `empresas`
--
ALTER TABLE `empresas`
  ADD PRIMARY KEY (`id`),
  ADD KEY `empresas_id_usuario_foreign` (`id_usuario`);

--
-- Indices de la tabla `failed_jobs`
--
ALTER TABLE `failed_jobs`
  ADD PRIMARY KEY (`id`),
  ADD UNIQUE KEY `failed_jobs_uuid_unique` (`uuid`);

--
-- Indices de la tabla `migrations`
--
ALTER TABLE `migrations`
  ADD PRIMARY KEY (`id`);

--
-- Indices de la tabla `model_has_permissions`
--
ALTER TABLE `model_has_permissions`
  ADD PRIMARY KEY (`permission_id`,`model_id`,`model_type`),
  ADD KEY `model_has_permissions_model_id_model_type_index` (`model_id`,`model_type`);

--
-- Indices de la tabla `model_has_roles`
--
ALTER TABLE `model_has_roles`
  ADD PRIMARY KEY (`role_id`,`model_id`,`model_type`),
  ADD KEY `model_has_roles_model_id_model_type_index` (`model_id`,`model_type`);

--
-- Indices de la tabla `password_resets`
--
ALTER TABLE `password_resets`
  ADD KEY `password_resets_email_index` (`email`);

--
-- Indices de la tabla `permissions`
--
ALTER TABLE `permissions`
  ADD PRIMARY KEY (`id`),
  ADD UNIQUE KEY `permissions_name_guard_name_unique` (`name`,`guard_name`);

--
-- Indices de la tabla `personal_access_tokens`
--
ALTER TABLE `personal_access_tokens`
  ADD PRIMARY KEY (`id`),
  ADD UNIQUE KEY `personal_access_tokens_token_unique` (`token`),
  ADD KEY `personal_access_tokens_tokenable_type_tokenable_id_index` (`tokenable_type`,`tokenable_id`);

--
-- Indices de la tabla `roles`
--
ALTER TABLE `roles`
  ADD PRIMARY KEY (`id`),
  ADD UNIQUE KEY `roles_name_guard_name_unique` (`name`,`guard_name`);

--
-- Indices de la tabla `role_has_permissions`
--
ALTER TABLE `role_has_permissions`
  ADD PRIMARY KEY (`permission_id`,`role_id`),
  ADD KEY `role_has_permissions_role_id_foreign` (`role_id`);

--
-- Indices de la tabla `tornaguias`
--
ALTER TABLE `tornaguias`
  ADD PRIMARY KEY (`id`),
  ADD KEY `tornaguias_transporte_id_foreign` (`transporte_id`),
  ADD KEY `tornaguias_empresa_id_foreign` (`empresa_id`),
  ADD KEY `tornaguias_contratista_id_foreign` (`contratista_id`),
  ADD KEY `tornaguias_user_id_foreign` (`user_id`),
  ADD KEY `tornaguias_driver_id_foreign` (`driver_id`);

--
-- Indices de la tabla `transportes`
--
ALTER TABLE `transportes`
  ADD PRIMARY KEY (`id`),
  ADD KEY `transportes_user_id_foreign` (`user_id`);

--
-- Indices de la tabla `users`
--
ALTER TABLE `users`
  ADD PRIMARY KEY (`id`),
  ADD UNIQUE KEY `users_email_unique` (`email`);

--
-- AUTO_INCREMENT de las tablas volcadas
--

--
-- AUTO_INCREMENT de la tabla `contratistas`
--
ALTER TABLE `contratistas`
  MODIFY `id` bigint(20) UNSIGNED NOT NULL AUTO_INCREMENT, AUTO_INCREMENT=723;

--
-- AUTO_INCREMENT de la tabla `drivers`
--
ALTER TABLE `drivers`
  MODIFY `id` bigint(20) UNSIGNED NOT NULL AUTO_INCREMENT, AUTO_INCREMENT=305;

--
-- AUTO_INCREMENT de la tabla `empresas`
--
ALTER TABLE `empresas`
  MODIFY `id` bigint(20) UNSIGNED NOT NULL AUTO_INCREMENT, AUTO_INCREMENT=76;

--
-- AUTO_INCREMENT de la tabla `failed_jobs`
--
ALTER TABLE `failed_jobs`
  MODIFY `id` bigint(20) UNSIGNED NOT NULL AUTO_INCREMENT;

--
-- AUTO_INCREMENT de la tabla `migrations`
--
ALTER TABLE `migrations`
  MODIFY `id` int(10) UNSIGNED NOT NULL AUTO_INCREMENT, AUTO_INCREMENT=13;

--
-- AUTO_INCREMENT de la tabla `permissions`
--
ALTER TABLE `permissions`
  MODIFY `id` bigint(20) UNSIGNED NOT NULL AUTO_INCREMENT, AUTO_INCREMENT=25;

--
-- AUTO_INCREMENT de la tabla `personal_access_tokens`
--
ALTER TABLE `personal_access_tokens`
  MODIFY `id` bigint(20) UNSIGNED NOT NULL AUTO_INCREMENT, AUTO_INCREMENT=1056;

--
-- AUTO_INCREMENT de la tabla `roles`
--
ALTER TABLE `roles`
  MODIFY `id` bigint(20) UNSIGNED NOT NULL AUTO_INCREMENT;

--
-- AUTO_INCREMENT de la tabla `tornaguias`
--
ALTER TABLE `tornaguias`
  MODIFY `id` bigint(20) UNSIGNED NOT NULL AUTO_INCREMENT, AUTO_INCREMENT=18370;

--
-- AUTO_INCREMENT de la tabla `transportes`
--
ALTER TABLE `transportes`
  MODIFY `id` bigint(20) UNSIGNED NOT NULL AUTO_INCREMENT, AUTO_INCREMENT=304;

--
-- AUTO_INCREMENT de la tabla `users`
--
ALTER TABLE `users`
  MODIFY `id` bigint(20) UNSIGNED NOT NULL AUTO_INCREMENT, AUTO_INCREMENT=28;

--
-- Restricciones para tablas volcadas
--

--
-- Filtros para la tabla `contratistas`
--
ALTER TABLE `contratistas`
  ADD CONSTRAINT `contratistas_user_id_foreign` FOREIGN KEY (`user_id`) REFERENCES `users` (`id`);

--
-- Filtros para la tabla `empresas`
--
ALTER TABLE `empresas`
  ADD CONSTRAINT `empresas_id_usuario_foreign` FOREIGN KEY (`id_usuario`) REFERENCES `users` (`id`);

--
-- Filtros para la tabla `model_has_permissions`
--
ALTER TABLE `model_has_permissions`
  ADD CONSTRAINT `model_has_permissions_permission_id_foreign` FOREIGN KEY (`permission_id`) REFERENCES `permissions` (`id`) ON DELETE CASCADE;

--
-- Filtros para la tabla `model_has_roles`
--
ALTER TABLE `model_has_roles`
  ADD CONSTRAINT `model_has_roles_role_id_foreign` FOREIGN KEY (`role_id`) REFERENCES `roles` (`id`) ON DELETE CASCADE;

--
-- Filtros para la tabla `role_has_permissions`
--
ALTER TABLE `role_has_permissions`
  ADD CONSTRAINT `role_has_permissions_permission_id_foreign` FOREIGN KEY (`permission_id`) REFERENCES `permissions` (`id`) ON DELETE CASCADE,
  ADD CONSTRAINT `role_has_permissions_role_id_foreign` FOREIGN KEY (`role_id`) REFERENCES `roles` (`id`) ON DELETE CASCADE;

--
-- Filtros para la tabla `tornaguias`
--
ALTER TABLE `tornaguias`
  ADD CONSTRAINT `tornaguias_contratista_id_foreign` FOREIGN KEY (`contratista_id`) REFERENCES `contratistas` (`id`),
  ADD CONSTRAINT `tornaguias_driver_id_foreign` FOREIGN KEY (`driver_id`) REFERENCES `drivers` (`id`),
  ADD CONSTRAINT `tornaguias_empresa_id_foreign` FOREIGN KEY (`empresa_id`) REFERENCES `empresas` (`id`),
  ADD CONSTRAINT `tornaguias_transporte_id_foreign` FOREIGN KEY (`transporte_id`) REFERENCES `transportes` (`id`),
  ADD CONSTRAINT `tornaguias_user_id_foreign` FOREIGN KEY (`user_id`) REFERENCES `users` (`id`);

--
-- Filtros para la tabla `transportes`
--
ALTER TABLE `transportes`
  ADD CONSTRAINT `transportes_user_id_foreign` FOREIGN KEY (`user_id`) REFERENCES `users` (`id`);
COMMIT;

/*!40101 SET CHARACTER_SET_CLIENT=@OLD_CHARACTER_SET_CLIENT */;
/*!40101 SET CHARACTER_SET_RESULTS=@OLD_CHARACTER_SET_RESULTS */;
/*!40101 SET COLLATION_CONNECTION=@OLD_COLLATION_CONNECTION */;
